1,92.944
2,93.525
3,94.188
4,94.841
5,95.488
6,96.087
7,96.642
8,97.163
9,97.58
10,98.011
11,98.426
12,98.673
13,98.835
14,99.135
15,116.655
16,114.474
17,112.333
18,109.142
19,108.393
20,106.021
21,104.949
22,107.121
23,106.361
24,107.963
25,109.83
26,111.193
27,113.156
28,114.792
29,116.155
30,117.189
31,117.97
32,118.669
33,117.669
34,117.723
35,117.686
36,116.639
37,115.135
38,114.646
39,113.766
40,113.138
41,112.214
42,113.324
43,114.423
44,114.874
45,115.235
46,117.788
47,120.007
48,121.994
49,123.426
50,124.743
51,125.358
52,126.165
53,126.691
54,126.909
55,126.903
56,126.505
57,125.929
58,125.228
59,124.249
60,122.741
61,120.697
62,118.927
63,116.986
64,115.451
65,113.036
66,110.693
67,109.566
68,108.765
69,109.158
70,108.667
71,109.428
72,110.965
73,110.219
74,113.03
75,114.108
76,115.198
77,115.899
78,116.769
79,117.132
80,117.353
81,117.429
82,116.112
83,116.01
84,114.651
85,115.142
86,112.707
87,112.517
88,112.934
89,111.989
90,112.513
91,113.003
92,114.29
93,116.79
94,118.183
95,120.263
96,122.417
97,123.256
98,125.084
99,125.8
100,126.351
101,126.89
102,127.012
103,126.828
104,126.437
105,125.888
106,125.213
107,123.863
108,122.204
109,120.483
110,118.593
111,116.333
112,115.399
113,112.934
114,110.137
115,108.636
116,109.214
117,109.954
118,108.347
119,108.494
120,110.222
121,110.463
122,111.371
123,113.238
124,114.742
125,114.02
126,114.517
127,115.414
128,115.996
129,116.203
130,115.255
131,115.102
132,114.476
133,113.078
134,113.37
135,113.705
136,112.428
137,112.924
138,114.206
139,114.641
140,115.407
141,116.167
142,117.632
143,119.769
144,121.66
145,123.307
146,124.618
147,125.5
148,126.26
149,126.743
150,127.006
151,126.942
152,126.659
153,125.957
154,125.093
155,123.779
156,122.36
157,120.541
158,117.992
159,115.867
160,113.207
161,111.743
162,110.667
163,109.814
164,108.548
165,109.867
166,111.137
167,109.373
168,111.51
169,112.069
170,114.056
171,114.068
172,115.214
173,115.29
174,116.906
175,116.213
176,116.84
177,115.86
178,116.004
179,115.569
180,115.104
181,114.157
182,113.224
183,113.2
184,113.249
185,113.36
186,111.764
187,114.655
188,115.79
189,116.583
190,117.356
191,119.547
192,121.148
193,123.357
194,123.911
195,125.202
196,126.075
197,126.643
198,126.617
199,126.586
200,126.221
201,125.69
202,124.573
203,123.267
204,120.294
205,118.317
206,115.589
207,112.758
208,109.281
209,107.912
210,104.304
211,103.522
212,104.231
213,102.066
214,103.473
215,102.732
216,106.119
217,108.584
218,109.886
219,111.142
220,111.716
221,112.775
222,115.549
223,115.503
224,113.933
225,114.226
226,114.442
227,114.15
228,114.463
229,114.049
230,112.152
231,112.561
232,112.507
233,113.15
234,114.175
235,114.441
236,115.766
237,116.823
238,118.605
239,119.883
240,120.678
241,122.083
242,123.621
243,124.216
244,125.19
245,125.479
246,125.886
247,126.373
248,126.417
249,126.222
250,125.976
251,125.392
252,124.303
253,123.381
254,121.475
255,119.87
256,117.994
257,115.481
258,113.423
259,113.216
260,111.129
261,110.755
262,111.103
263,110.433
264,109.951
265,112.057
266,110.325
267,112.911
268,113.498
269,114.497
270,115.209
271,114.044
272,114.837
273,114.737
274,113.586
275,114.52
276,114.4
277,114.215
278,114.311
279,114.586
280,115.027
281,115.375
282,116.972
283,117.321
284,118.484
285,119.789
286,121.301
287,121.789
288,122.605
289,123.622
290,124.644
291,125.116
292,125.2
293,125.809
294,126.08
295,126.473
296,126.518
297,126.395
298,126.245
299,126.024
300,125.737
301,124.909
302,123.729
303,122.892
304,121.654
305,119.856
306,118.766
307,117.478
308,115.742
309,114.574
310,114.23
311,113.188
312,113.119
313,112.987
314,113.371
315,114.442
316,114.929
317,114.982
318,116.265
319,117.2
320,117.035
321,117.065
322,117.104
323,116.783
324,117.065
325,115.938
326,114.843
327,115.017
328,113.607
329,115.268
330,113.804
331,115.371
332,117.466
333,118.106
334,119.149
335,121.228
336,122.609
337,123.96
338,124.874
339,125.813
340,126.451
341,126.815
342,126.871
343,126.94
344,126.59
345,126.204
346,125.354
347,124.401
348,123.022
349,121.085
350,119.075
351,116.651
352,113.775
353,111.022
354,110.231
355,105.983
356,106.876
357,104.082
358,106.035
359,105.679
360,108.815
361,108.716
362,110.044
363,112.722
364,114.57
365,115.326
366,116.141
367,117.578
368,118.499
369,118.403
370,117.606
371,117.28
372,116.113
373,115.448
374,115.355
375,113.081
376,112.738
377,111.963
378,114.351
379,114.056
380,114.686
381,115.672
382,118.311
383,119.917
384,121.957
385,123.125
386,124.381
387,125.165
388,126.244
389,126.723
390,126.889
391,126.755
392,126.465
393,125.925
394,124.988
395,123.905
396,122.418
397,121.242
398,118.969
399,117.111
400,115.181
401,112.737
402,110.605
403,109.621
404,108.787
405,108.506
406,108.953
407,107.85
408,109.021
409,110.895
410,111.409
411,113.94
412,113.857
413,115.347
414,116.635
415,116.904
416,116.863
417,116.644
418,117.068
419,116.09
420,114.736
421,114.016
422,112.692
423,111.204
424,112.716
425,112.326
426,111.57
427,111.671
428,114.946
429,115.595
430,117.869
431,120.009
432,121.573
433,123.334
434,124.655
435,125.709
436,126.213
437,126.824
438,126.944
439,126.77
440,126.276
441,125.875
442,124.807
443,123.758
444,122.511
445,121.046
446,117.72
447,116.67
448,113.084
449,112.164
450,109.747
451,109.05
452,107.442
453,108.163
454,106.689
455,107.898
456,109.131
457,109.784
458,111.104
459,112.352
460,112.671
461,114.04
462,115.158
463,115.578
464,114.38
465,115.846
466,114.934
467,115.741
468,114.822
469,113.575
470,114.149
471,110.426
472,112.307
473,113.124
474,113.555
475,113.733
476,115.17
477,116.114
478,117.644
479,120.06
480,121.399
481,123.351
482,124.676
483,125.291
484,126.362
485,126.626
486,126.839
487,126.931
488,126.453
489,126.174
490,124.725
491,124.143
492,122.325
493,119.885
494,117.357
495,115.203
496,112.901
497,112.134
498,108.671
499,110.385
500,108.044
501,108.752
502,109.631
503,110.232
504,111.0
505,111.514
506,113.358
507,112.645
508,114.445
509,115.607
510,115.695
511,116.613
512,114.974
513,116.162
514,116.076
515,113.831
516,113.929
517,114.299
518,113.264
519,112.435
520,112.936
521,112.76
522,112.651
523,113.853
524,114.327
525,115.291
526,117.579
527,119.352
528,121.124
529,122.705
530,123.817
531,125.017
532,126.028
533,126.506
534,126.571
535,126.285
536,126.24
537,125.541
538,124.484
539,122.53
540,120.237
541,118.02
542,114.061
543,112.13
544,109.202
545,106.271
546,103.701
547,101.609
548,101.529
549,101.908
550,101.77
551,104.332
552,105.64
553,105.912
554,111.161
555,110.873
556,112.049
557,113.073
558,114.599
559,113.618
560,115.283
561,113.547
562,113.661
563,112.991
564,111.991
565,113.728
566,112.609
567,112.186
568,113.395
569,112.655
570,113.873
571,113.75
572,115.635
573,116.44
574,118.228
575,119.352
576,121.073
577,122.553
578,123.226
579,124.197
580,125.352
581,125.84
582,126.07
583,126.083
584,126.387
585,126.153
586,125.749
587,125.285
588,124.142
589,123.266
590,121.232
591,119.533
592,117.873
593,115.723
594,113.722
595,112.857
596,111.871
597,110.615
598,109.528
599,109.288
600,110.083
601,111.45
602,110.564
603,112.051
604,112.395
605,112.915
606,113.309
607,114.158
608,115.374
609,114.017
610,112.697
611,114.124
612,113.114
613,113.65
614,112.97
615,113.932
616,114.971
617,114.434
618,116.148
619,117.434
620,119.126
621,119.269
622,121.007
623,121.518
624,122.574
625,123.086
626,124.142
627,124.845
628,125.328
629,125.792
630,126.043
631,126.407
632,126.437
633,126.313
634,126.211
635,125.897
636,125.403
637,124.872
638,123.83
639,122.837
640,121.221
641,119.644
642,118.908
643,116.739
644,115.822
645,113.867
646,113.631
647,112.628
648,112.733
649,112.384
650,112.861
651,113.018
652,114.77
653,115.885
654,116.119
655,116.818
656,116.903
657,117.432
658,116.882
659,116.655
660,116.058
661,116.248
662,114.857
663,114.277
664,113.713
665,114.345
666,114.887
667,115.148
668,116.083
669,117.536
670,119.409
671,121.029
672,122.446
673,123.872
674,124.817
675,125.64
676,126.31
677,126.87
678,126.746
679,126.798
680,126.635
681,126.319
682,125.307
683,123.915
684,122.301
685,120.34
686,118.626
687,115.977
688,113.906
689,111.327
690,109.672
691,105.624
692,103.91
693,105.084
694,103.424
695,104.97
696,106.998
697,108.115
698,110.37
699,111.704
700,113.135
701,115.212
702,116.287
703,117.428
704,117.521
705,117.379
706,117.663
707,116.316
708,117.325
709,114.539
710,114.418
711,112.114
712,111.231
713,112.585
714,111.898
715,112.915
716,113.75
717,115.166
718,117.45
719,119.154
720,121.037
721,122.424
722,124.368
723,125.076
724,126.098
725,126.523
726,126.672
727,126.666
728,126.48
729,126.052
730,125.138
731,123.79
732,122.546
733,120.608
734,117.923
735,117.061
736,113.219
737,111.767
738,109.621
739,109.374
740,107.647
741,106.826
742,108.201
743,106.517
744,109.243
745,109.18
746,111.775
747,112.975
748,113.676
749,116.024
750,115.35
751,116.606
752,115.877
753,116.637
754,116.041
755,115.366
756,114.586
757,112.78
758,112.81
759,111.814
760,109.925
761,110.542
762,111.077
763,111.638
764,114.384
765,115.331
766,117.659
767,119.513
768,121.644
769,123.317
770,124.68
771,125.821
772,126.317
773,126.705
774,126.881
775,126.825
776,126.357
777,125.77
778,125.015
779,123.777
780,121.579
781,120.429
782,118.094
783,116.127
784,113.23
785,111.775
786,110.271
787,108.783
788,107.621
789,105.9
790,106.581
791,107.876
792,107.772
793,109.044
794,111.012
795,111.426
796,112.619
797,113.366
798,114.506
799,114.162
800,114.705
801,115.739
802,115.404
803,114.156
804,113.636
805,114.321
806,113.375
807,111.849
808,112.113
809,112.671
810,112.518
811,113.952
812,114.981
813,115.032
814,117.824
815,119.409
816,120.621
817,122.723
818,124.331
819,125.748
820,125.965
821,126.447
822,126.855
823,126.872
824,126.365
825,126.009
826,124.841
827,124.045
828,121.583
829,119.75
830,117.536
831,115.798
832,112.492
833,111.517
834,108.465
835,107.27
836,108.822
837,108.19
838,108.567
839,109.7
840,109.421
841,110.889
842,112.271
843,113.02
844,114.396
845,115.419
846,115.617
847,116.34
848,115.629
849,115.302
850,115.464
851,113.419
852,113.923
853,112.127
854,111.774
855,111.226
856,111.473
857,111.961
858,112.391
859,113.555
860,113.935
861,115.91
862,117.297
863,118.751
864,120.946
865,122.398
866,124.123
867,125.061
868,125.873
869,126.235
870,126.594
871,126.367
872,126.104
873,125.154
874,124.226
875,121.772
876,119.947
877,117.49
878,115.381
879,111.678
880,108.64
881,105.932
882,102.61
883,102.808
884,101.952
885,100.479
886,102.632
887,102.138
888,103.206
889,107.802
890,109.772
891,109.91
892,111.411
893,112.159
894,114.402
895,114.31
896,112.52
897,113.252
898,112.947
899,112.796
900,112.951
901,112.777
902,112.294
903,112.112
904,112.744
905,112.286
906,112.06
907,113.795
908,115.016
909,116.039
910,117.827
911,118.704
912,120.31
913,122.196
914,122.94
915,124.182
916,124.987
917,125.353
918,125.843
919,126.033
920,126.285
921,126.102
922,125.78
923,124.929
924,123.999
925,122.876
926,120.998
927,119.639
928,117.399
929,116.01
930,112.473
931,111.825
932,110.63
933,109.42
934,108.025
935,110.522
936,107.713
937,110.427
938,110.103
939,110.986
940,112.796
941,112.307
942,112.373
943,113.571
944,113.876
945,113.566
946,112.793
947,111.876
948,113.739
949,112.259
950,112.887
951,114.171
952,114.883
953,114.783
954,115.511
955,116.6
956,117.933
957,119.056
958,119.742
959,120.949
960,122.177
961,123.137
962,124.1
963,124.895
964,125.219
965,125.789
966,125.958
967,126.242
968,126.282
969,126.317
970,125.989
971,125.788
972,125.664
973,124.82
974,123.682
975,122.89
976,121.707
977,120.148
978,118.731
979,116.522
980,115.227
981,113.428
982,112.757
983,112.839
984,110.773
985,112.005
986,113.022
987,113.46
988,114.27
989,114.492
990,115.68
991,116.557
992,116.52
993,116.017
994,115.827
995,115.692
996,115.555
997,114.964
998,114.489
999,113.481
1000,114.14
1001,113.317
1002,114.707
1003,114.594
1004,116.368
1005,117.854
1006,118.995
1007,120.944
1008,122.561
1009,123.378
1010,124.883
1011,125.393
1012,126.381
1013,126.699
1014,126.815
1015,126.912
1016,126.712
1017,125.713
1018,125.201
1019,124.081
1020,122.409
1021,120.297
1022,118.009
1023,115.624
1024,112.75
1025,110.523
1026,108.591
1027,106.784
1028,104.278
1029,103.367
1030,103.309
1031,104.356
1032,106.115
1033,108.1
1034,110.141
1035,111.296
1036,113.257
1037,115.118
1038,114.988
1039,117.014
1040,117.208
1041,117.244
1042,115.306
1043,115.722
1044,115.349
1045,114.696
1046,112.712
1047,113.167
1048,112.89
1049,111.039
1050,110.927
1051,112.04
1052,113.557
1053,114.92
1054,117.471
1055,118.376
1056,120.767
1057,122.241
1058,123.89
1059,125.277
1060,125.919
1061,126.392
1062,126.584
1063,126.441
1064,126.355
1065,125.676
1066,125.254
1067,123.57
1068,122.255
1069,120.107
1070,118.175
1071,114.66
1072,113.13
1073,110.207
1074,108.646
1075,108.064
1076,107.136
1077,106.042
1078,105.509
1079,106.842
1080,107.941
1081,110.26
1082,111.201
1083,112.95
1084,113.059
1085,114.962
1086,115.273
1087,115.004
1088,116.405
1089,115.407
1090,114.724
1091,114.686
1092,112.846
1093,111.902
1094,111.292
1095,110.466
1096,111.837
1097,108.763
1098,110.888
1099,112.206
1100,113.417
1101,115.473
1102,117.175
1103,118.911
1104,121.283
1105,123.434
1106,124.367
1107,125.198
1108,126.159
1109,126.474
1110,126.734
1111,126.838
1112,126.31
1113,125.561
1114,124.497
1115,123.403
1116,121.873
1117,119.655
1118,117.191
1119,115.085
1120,113.168
1121,109.538
1122,107.945
1123,107.168
1124,105.792
1125,106.077
1126,105.6
1127,106.471
1128,107.683
1129,107.666
1130,109.263
1131,110.885
1132,111.615
1133,112.536
1134,114.281
1135,114.355
1136,115.288
1137,114.308
1138,114.29
1139,113.756
1140,113.576
1141,113.434
1142,111.584
1143,111.446
1144,111.831
1145,110.833
1146,112.105
1147,111.783
1148,114.592
1149,115.669
1150,116.321
1151,118.819
1152,120.697
1153,122.747
1154,123.867
1155,125.308
1156,125.93
1157,126.379
1158,126.713
1159,126.715
1160,126.322
1161,125.768
1162,124.669
1163,122.955
1164,121.146
1165,119.266
1166,117.497
1167,114.593
1168,112.318
1169,110.946
1170,108.425
1171,107.483
1172,105.389
1173,106.31
1174,106.359
1175,106.743
1176,109.28
1177,110.881
1178,111.721
1179,111.729
1180,113.164
1181,115.453
1182,114.332
1183,115.043
1184,115.204
1185,114.697
1186,114.162
1187,113.784
1188,114.439
1189,113.224
1190,112.17
1191,111.237
1192,110.237
1193,110.655
1194,111.151
1195,112.13
1196,113.496
1197,114.202
1198,116.193
1199,118.609
1200,120.532
1201,122.368
1202,123.659
1203,124.799
1204,125.466
1205,126.301
1206,126.279
1207,126.444
1208,125.83
1209,125.016
1210,123.888
1211,121.995
1212,120.24
1213,116.276
1214,114.257
1215,110.045
1216,106.756
1217,104.174
1218,100.516
1219,101.423
1220,100.857
1221,100.539
1222,100.884
1223,102.095
1224,102.707
1225,106.242
1226,107.5
1227,108.583
1228,110.854
1229,111.847
1230,112.872
1231,114.14
1232,113.902
1233,112.665
1234,113.052
1235,112.283
1236,111.207
1237,111.674
1238,110.868
1239,109.231
1240,111.336
1241,111.647
1242,112.32
1243,112.778
1244,115.564
1245,116.581
1246,116.656
1247,119.301
1248,119.641
1249,121.408
1250,123.017
1251,124.376
1252,124.75
1253,125.376
1254,125.977
1255,125.919
1256,125.968
1257,125.957
1258,125.419
1259,124.852
1260,124.016
1261,122.64
1262,120.896
1263,118.962
1264,116.645
1265,114.628
1266,113.379
1267,110.343
1268,110.366
1269,106.884
1270,108.235
1271,107.432
1272,108.427
1273,109.692
1274,109.302
1275,110.453
1276,111.383
1277,112.395
1278,112.925
1279,113.023
1280,111.88
1281,112.567
1282,112.185
1283,111.422
1284,110.589
1285,111.392
1286,112.642
1287,112.174
1288,113.19
1289,113.343
1290,114.947
1291,115.96
1292,117.395
1293,118.385
1294,119.838
1295,121.113
1296,122.463
1297,122.998
1298,123.859
1299,124.454
1300,125.162
1301,125.637
1302,125.864
1303,126.22
1304,126.214
1305,126.168
1306,125.943
1307,125.711
1308,124.878
1309,124.609
1310,123.423
1311,122.118
1312,120.619
1313,119.587
1314,118.549
1315,116.012
1316,113.564
1317,112.416
1318,112.097
1319,110.095
1320,110.809
1321,110.744
1322,112.354
1323,112.743
1324,112.961
1325,113.702
1326,114.939
1327,114.183
1328,116.022
1329,116.07
1330,115.625
1331,115.982
1332,114.985
1333,115.37
1334,114.279
1335,113.412
1336,113.528
1337,112.886
1338,113.666
1339,113.978
1340,115.106
1341,117.375
1342,118.962
1343,120.066
1344,121.658
1345,123.133
1346,124.276
1347,125.367
1348,126.264
1349,126.554
1350,126.762
1351,126.766
1352,126.456
1353,126.015
1354,124.933
1355,124.04
1356,122.186
1357,120.213
1358,117.434
1359,114.883
1360,111.698
1361,108.562
1362,106.85
1363,105.763
1364,103.675
1365,102.617
1366,101.756
1367,102.934
1368,104.7
1369,106.05
1370,108.556
1371,111.192
1372,112.316
1373,113.714
1374,115.631
1375,116.224
1376,117.162
1377,116.474
1378,116.006
1379,115.604
1380,114.475
1381,113.893
1382,113.015
1383,112.638
1384,109.843
1385,108.625
1386,109.709
1387,111.256
1388,113.661
1389,115.069
1390,115.797
1391,118.488
1392,119.977
1393,122.77
1394,123.691
1395,125.127
1396,125.968
1397,126.203
1398,126.535
1399,126.561
1400,126.225
1401,125.722
1402,124.634
1403,123.453
1404,122.134
1405,119.909
1406,117.819
1407,115.711
1408,112.969
1409,110.878
1410,109.157
1411,106.791
1412,105.523
1413,105.602
1414,104.772
1415,105.736
1416,105.895
1417,108.271
1418,109.804
1419,111.782
1420,113.223
1421,114.098
1422,115.601
1423,116.123
1424,116.296
1425,115.845
1426,115.418
1427,113.923
1428,113.685
1429,113.029
1430,111.121
1431,109.99
1432,109.516
1433,108.329
1434,109.844
1435,111.018
1436,112.974
1437,114.412
1438,115.548
1439,119.074
1440,121.312
1441,122.516
1442,124.476
1443,125.41
1444,126.126
1445,126.466
1446,126.59
1447,126.605
1448,126.172
1449,125.355
1450,124.251
1451,123.219
1452,120.821
1453,119.391
1454,116.411
1455,114.889
1456,112.747
1457,109.43
1458,108.805
1459,105.405
1460,106.628
1461,103.849
1462,104.768
1463,105.058
1464,105.978
1465,107.343
1466,109.525
1467,110.646
1468,110.557
1469,111.562
1470,112.974
1471,113.454
1472,113.995
1473,113.79
1474,113.611
1475,113.44
1476,112.803
1477,112.398
1478,110.995
1479,110.364
1480,111.616
1481,110.685
1482,109.787
1483,111.443
1484,113.222
1485,113.859
1486,116.042
1487,118.529
1488,120.489
1489,122.02
1490,123.741
1491,124.931
1492,126.055
1493,126.522
1494,126.782
1495,126.572
1496,126.137
1497,125.439
1498,124.489
1499,123.056
1500,121.349
1501,118.65
1502,115.271
1503,114.298
1504,111.351
1505,109.941
1506,106.451
1507,105.702
1508,104.827
1509,104.651
1510,104.729
1511,106.171
1512,107.964
1513,109.235
1514,111.884
1515,112.148
1516,111.841
1517,113.268
1518,114.126
1519,114.328
1520,114.821
1521,113.169
1522,112.27
1523,113.702
1524,113.412
1525,111.798
1526,111.84
1527,109.547
1528,110.698
1529,110.557
1530,109.219
1531,109.767
1532,113.797
1533,114.189
1534,116.283
1535,118.076
1536,120.047
1537,121.42
1538,123.57
1539,124.701
1540,125.448
1541,126.156
1542,126.315
1543,126.09
1544,125.83
1545,124.808
1546,123.622
1547,122.007
1548,119.241
1549,116.694
1550,112.871
1551,109.796
1552,106.069
1553,102.735
1554,98.821
1555,99.172
1556,99.695
1557,99.28
1558,100.913
1559,101.551
1560,102.487
1561,103.198
1562,107.312
1563,108.8
1564,109.505
1565,111.401
1566,112.064
1567,111.085
1568,112.198
1569,113.579
1570,111.582
1571,111.441
1572,111.299
1573,110.689
1574,110.308
1575,110.878
1576,110.795
1577,110.325
1578,112.636
1579,113.22
1580,113.994
1581,114.646
1582,116.636
1583,117.688
1584,119.609
1585,120.997
1586,122.665
1587,123.56
1588,124.46
1589,125.192
1590,125.539
1591,125.945
1592,125.893
1593,125.703
1594,125.292
1595,124.731
1596,123.541
1597,122.278
1598,120.758
1599,118.913
1600,116.626
1601,114.516
1602,113.241
1603,109.46
1604,109.433
1605,107.15
1606,107.341
1607,107.403
1608,107.248
1609,108.164
1610,109.918
1611,111.024
1612,110.193
1613,110.971
1614,109.864
1615,111.51
1616,112.338
1617,111.866
1618,111.6
1619,113.364
1620,111.669
1621,110.954
1622,111.691
1623,111.662
1624,112.322
1625,113.099
1626,114.725
1627,115.366
1628,116.724
1629,118.839
1630,119.038
1631,120.966
1632,121.742
1633,122.329
1634,123.661
1635,124.616
1636,125.083
1637,125.361
1638,125.904
1639,125.815
1640,126.054
1641,126.035
1642,125.726
1643,125.224
1644,124.942
1645,124.245
1646,123.525
1647,121.968
1648,120.658
1649,119.597
1650,117.738
1651,116.732
1652,113.52
1653,112.819
1654,111.871
1655,110.599
1656,110.167
1657,110.491
1658,111.111
1659,111.392
1660,111.889
1661,113.76
1662,114.691
1663,114.655
1664,115.415
1665,115.964
1666,115.003
1667,114.156
1668,113.879
1669,114.028
1670,113.054
1671,112.295
1672,113.246
1673,111.469
1674,112.514
1675,114.302
1676,113.935
1677,116.394
1678,118.695
1679,119.381
1680,121.284
1681,123.068
1682,124.244
1683,125.268
1684,126.075
1685,126.309
1686,126.771
1687,126.699
1688,126.322
1689,125.591
1690,124.826
1691,123.428
1692,122.049
1693,119.636
1694,117.784
1695,114.168
1696,111.658
1697,107.645
1698,105.601
1699,103.25
1700,102.073
1701,101.096
1702,100.633
1703,101.795
1704,103.842
1705,104.863
1706,107.722
1707,108.876
1708,112.669
1709,113.496
1710,114.938
1711,115.668
1712,115.642
1713,116.139
1714,115.379
1715,115.741
1716,114.808
1717,112.423
1718,111.153
1719,111.209
1720,110.346
1721,110.262
1722,109.651
1723,111.329
1724,111.617
1725,114.004
1726,115.869
1727,118.572
1728,120.297
1729,121.731
1730,123.672
1731,124.858
1732,125.664
1733,126.316
1734,126.587
1735,126.445
1736,126.251
1737,125.465
1738,124.741
1739,123.32
1740,121.829
1741,119.909
1742,117.395
1743,114.471
1744,111.607
1745,110.819
1746,108.344
1747,106.365
1748,104.381
1749,103.663
1750,104.78
1751,104.997
1752,105.948
1753,107.728
1754,110.242
1755,111.719
1756,112.302
1757,114.68
1758,114.558
1759,114.631
1760,113.604
1761,114.943
1762,114.419
1763,112.746
1764,112.45
1765,111.069
1766,108.632
1767,110.459
1768,107.792
1769,109.295
1770,109.424
1771,110.729
1772,111.6
1773,113.621
1774,116.366
1775,118.83
1776,120.541
1777,122.839
1778,123.868
1779,125.186
1780,125.696
1781,126.544
1782,126.668
1783,126.476
1784,125.801
1785,125.322
1786,124.252
1787,122.443
1788,121.47
1789,118.833
1790,116.347
1791,113.95
1792,111.149
1793,109.378
1794,106.274
1795,108.115
1796,104.179
1797,104.524
1798,104.068
1799,104.391
1800,106.535
1801,106.897
1802,106.178
1803,110.022
1804,111.445
1805,111.255
1806,111.722
1807,112.347
1808,111.945
1809,112.712
1810,112.005
1811,113.333
1812,112.286
1813,111.288
1814,110.39
1815,109.652
1816,109.574
1817,110.05
1818,110.783
1819,108.94
1820,111.706
1821,113.621
1822,116.04
1823,117.389
1824,120.105
1825,122.363
1826,123.655
1827,124.609
1828,125.836
1829,126.41
1830,126.561
1831,126.461
1832,126.099
1833,125.399
1834,124.292
1835,122.428
1836,120.81
1837,118.384
1838,115.848
1839,112.386
1840,111.354
1841,106.859
1842,106.765
1843,106.546
1844,105.642
1845,104.109
1846,104.705
1847,104.324
1848,106.965
1849,107.732
1850,110.033
1851,111.099
1852,111.783
1853,113.965
1854,113.301
1855,113.259
1856,113.219
1857,113.578
1858,113.004
1859,111.861
1860,112.223
1861,110.649
1862,111.068
1863,109.169
1864,109.538
1865,108.874
1866,109.418
1867,110.05
1868,112.597
1869,114.119
1870,115.088
1871,117.938
1872,119.055
1873,121.58
1874,123.136
1875,124.425
1876,125.12
1877,125.62
1878,126.295
1879,126.123
1880,125.57
1881,124.78
1882,123.667
1883,121.444
1884,119.111
1885,116.611
1886,111.595
1887,109.415
1888,104.585
1889,101.61
1890,98.834
1891,98.78
1892,97.696
1893,97.957
1894,97.942
1895,100.616
1896,102.165
1897,102.403
1898,107.255
1899,107.406
1900,108.328
1901,108.799
1902,110.013
1903,111.657
1904,111.789
1905,111.633
1906,111.4
1907,109.581
1908,110.389
1909,110.284
1910,110.427
1911,110.773
1912,109.392
1913,110.305
1914,111.421
1915,112.281
1916,113.098
1917,114.79
1918,116.227
1919,117.885
1920,118.928
1921,120.644
1922,122.475
1923,123.153
1924,124.476
1925,125.181
1926,125.514
1927,125.907
1928,125.878
1929,125.651
1930,125.106
1931,124.67
1932,123.341
1933,122.041
1934,120.086
1935,118.664
1936,115.935
1937,113.593
1938,111.803
1939,109.884
1940,106.683
1941,106.159
1942,106.195
1943,106.401
1944,107.593
1945,107.506
1946,106.474
1947,109.274
1948,110.161
1949,109.636
1950,110.318
1951,111.742
1952,110.394
1953,110.844
1954,110.461
1955,111.887
1956,112.01
1957,111.303
1958,110.468
1959,111.239
1960,111.752
1961,112.466
1962,113.358
1963,114.609
1964,116.289
1965,117.092
1966,119.175
1967,120.668
1968,121.165
1969,122.292
1970,123.191
1971,124.371
1972,124.831
1973,125.349
1974,125.374
1975,125.704
1976,125.953
1977,125.975
1978,125.735
1979,125.45
1980,124.986
1981,123.981
1982,123.031
1983,121.856
1984,120.385
1985,119.037
1986,117.559
1987,114.583
1988,112.687
1989,112.224
1990,111.72
1991,110.027
1992,108.894
1993,109.151
1994,110.505
1995,110.859
1996,112.208
1997,113.125
1998,113.154
1999,113.096
2000,114.96
2001,113.854
2002,114.566
2003,115.015
2004,113.472
2005,113.457
2006,112.849
2007,110.909
2008,110.434
2009,112.337
2010,112.352
2011,112.751
2012,113.476
2013,116.059
2014,117.027
2015,119.761
2016,120.919
2017,122.712
2018,124.504
2019,125.031
2020,125.954
2021,126.28
2022,126.606
2023,126.508
2024,126.192
2025,125.589
2026,124.707
2027,123.38
2028,121.494
2029,119.473
2030,116.029
2031,113.648
2032,111.023
2033,106.612
2034,104.277
2035,102.457
2036,97.804
2037,101.07
2038,101.307
2039,99.827
2040,104.813
2041,102.9
2042,107.366
2043,109.322
2044,110.5
2045,113.171
2046,113.827
2047,115.267
2048,115.624
2049,116.55
2050,114.85
2051,114.771
2052,112.775
2053,112.37
2054,110.329
2055,109.72
2056,108.964
2057,109.983
2058,108.014
2059,109.777
2060,111.574
2061,113.528
2062,115.095
2063,117.721
2064,119.986
2065,121.676
2066,122.936
2067,124.605
2068,125.566
2069,126.107
2070,126.223
2071,126.311
2072,125.849
2073,125.187
2074,124.342
2075,122.786
2076,121.016
2077,119.848
2078,116.69
2079,114.694
2080,111.624
2081,109.459
2082,106.82
2083,103.516
2084,104.212
2085,104.081
2086,104.813
2087,104.825
2088,104.331
2089,105.733
2090,108.584
2091,110.274
2092,111.328
2093,112.654
2094,113.373
2095,114.642
2096,114.674
2097,112.851
2098,114.368
2099,112.714
2100,112.224
2101,110.195
2102,108.95
2103,108.556
2104,108.054
2105,106.843
2106,107.119
2107,109.136
2108,111.244
2109,112.653
2110,114.643
2111,118.358
2112,119.854
2113,122.237
2114,123.649
2115,124.76
2116,125.947
2117,126.342
2118,126.406
2119,126.261
2120,126.075
2121,125.069
2122,124.131
2123,122.926
2124,120.705
2125,119.046
2126,116.777
2127,112.113
2128,110.842
2129,108.375
2130,104.67
2131,104.481
2132,104.15
2133,102.012
2134,103.402
2135,103.137
2136,106.183
2137,107.726
2138,107.37
2139,108.481
2140,109.34
2141,110.043
2142,111.769
2143,112.782
2144,112.057
2145,113.21
2146,112.894
2147,112.311
2148,111.262
2149,110.32
2150,110.39
2151,107.055
2152,108.962
2153,108.324
2154,109.134
2155,110.247
2156,110.55
2157,113.257
2158,115.818
2159,117.382
2160,120.223
2161,121.871
2162,123.135
2163,124.606
2164,125.642
2165,126.071
2166,126.459
2167,126.366
2168,126.007
2169,125.45
2170,124.267
2171,122.516
2172,120.338
2173,117.984
2174,115.852
2175,112.119
2176,109.766
2177,107.298
2178,106.87
2179,105.269
2180,103.41
2181,104.07
2182,104.461
2183,102.727
2184,106.198
2185,109.116
2186,109.252
2187,111.012
2188,112.336
2189,111.981
2190,112.701
2191,113.253
2192,113.158
2193,112.366
2194,111.978
2195,111.568
2196,110.82
2197,110.842
2198,110.551
2199,109.234
2200,108.626
2201,109.249
2202,108.259
2203,109.79
2204,110.795
2205,113.47
2206,115.696
2207,117.665
2208,118.784
2209,121.422
2210,123.015
2211,124.152
2212,125.373
2213,125.713
2214,126.237
2215,125.723
2216,125.388
2217,124.602
2218,122.951
2219,121.052
2220,118.609
2221,115.528
2222,111.412
2223,107.763
2224,104.187
2225,101.633
2226,97.822
2227,97.759
2228,97.77
2229,97.83
2230,97.734
2231,97.822
2232,97.755
2233,97.81
2234,98.188
2235,105.915
2236,107.756
2237,109.133
2238,109.03
2239,110.298
2240,110.167
2241,111.221
2242,110.724
2243,111.101
2244,109.048
2245,108.821
2246,109.578
2247,109.386
2248,108.568
2249,109.913
2250,110.386
2251,111.541
2252,113.135
2253,112.947
2254,116.052
2255,116.652
2256,119.037
2257,120.363
2258,122.309
2259,122.956
2260,123.986
2261,124.979
2262,125.442
2263,125.881
2264,125.793
2265,125.454
2266,124.82
2267,124.27
2268,123.173
2269,121.648
2270,120.159
2271,117.251
2272,115.353
2273,113.419
2274,111.035
2275,108.541
2276,107.523
2277,105.048
2278,107.125
2279,105.894
2280,105.645
2281,107.352
2282,107.871
2283,108.121
2284,107.911
2285,108.419
2286,110.283
2287,110.153
2288,109.68
2289,110.287
2290,109.905
2291,109.337
2292,109.893
2293,109.044
2294,110.047
2295,109.977
2296,111.708
2297,110.99
2298,112.415
2299,113.277
2300,116.263
2301,116.289
2302,119.049
2303,119.866
2304,121.124
2305,122.311
2306,123.343
2307,123.991
2308,124.728
2309,124.957
2310,125.533
2311,125.702
2312,125.89
2313,125.733
2314,125.726
2315,125.211
2316,124.946
2317,124.22
2318,122.631
2319,121.934
2320,119.854
2321,118.423
2322,116.052
2323,114.237
2324,113.507
2325,111.591
2326,109.363
2327,108.907
2328,108.529
2329,109.634
2330,110.268
2331,109.979
2332,111.353
2333,110.795
2334,112.219
2335,112.971
2336,113.331
2337,113.153
2338,114.347
2339,113.944
2340,112.175
2341,112.691
2342,110.815
2343,110.74
2344,109.52
2345,110.398
2346,111.529
2347,112.56
2348,113.825
2349,115.724
2350,117.825
2351,118.921
2352,121.29
2353,122.394
2354,123.942
2355,124.888
2356,125.929
2357,126.24
2358,126.377
2359,126.343
2360,126.041
2361,125.519
2362,124.63
2363,123.133
2364,121.279
2365,118.885
2366,115.56
2367,114.235
2368,110.469
2369,106.796
2370,103.338
2371,101.788
2372,99.856
2373,98.744
2374,99.368
2375,101.372
2376,101.034
2377,105.256
2378,103.809
2379,108.009
2380,109.008
2381,111.512
2382,113.902
2383,113.981
2384,114.6
2385,114.307
2386,114.131
2387,113.964
2388,112.725
2389,111.35
2390,111.238
2391,109.471
2392,108.498
2393,107.993
2394,107.892
2395,107.898
2396,110.299
2397,112.845
2398,114.334
2399,117.229
2400,119.534
2401,121.73
2402,122.975
2403,124.615
2404,125.181
2405,125.916
2406,126.081
2407,126.23
2408,125.617
2409,125.147
2410,124.002
2411,122.821
2412,120.998
2413,118.8
2414,116.088
2415,113.062
2416,110.251
2417,108.265
2418,105.035
2419,104.628
2420,101.517
2421,101.315
2422,101.239
2423,103.175
2424,103.892
2425,104.401
2426,107.099
2427,109.771
2428,110.779
2429,112.151
2430,113.2
2431,113.711
2432,114.459
2433,114.18
2434,112.132
2435,112.882
2436,111.788
2437,107.809
2438,107.417
2439,109.343
2440,106.644
2441,105.073
2442,106.608
2443,109.199
2444,111.435
2445,113.142
2446,115.06
2447,117.359
2448,120.085
2449,122.114
2450,123.553
2451,124.587
2452,125.839
2453,126.087
2454,126.289
2455,126.277
2456,125.718
2457,125.332
2458,123.8
2459,122.557
2460,120.048
2461,117.177
2462,115.372
2463,111.863
2464,109.704
2465,106.766
2466,104.442
2467,104.081
2468,102.482
2469,103.858
2470,103.449
2471,101.55
2472,104.024
2473,105.443
2474,107.312
2475,107.566
2476,109.364
2477,109.263
2478,110.733
2479,111.496
2480,111.807
2481,110.962
2482,111.712
2483,109.914
2484,108.072
2485,110.218
2486,109.054
2487,108.404
2488,107.978
2489,109.605
2490,109.2
2491,108.603
2492,109.416
2493,110.84
2494,115.367
2495,116.61
2496,119.307
2497,121.5
2498,123.285
2499,124.312
2500,125.471
2501,125.971
2502,126.195
2503,126.316
2504,125.7
2505,125.148
2506,123.896
2507,122.324
2508,119.952
2509,117.98
2510,115.077
2511,111.589
2512,109.636
2513,106.153
2514,105.074
2515,103.004
2516,103.172
2517,102.312
2518,102.452
2519,102.401
2520,106.398
2521,105.282
2522,107.662
2523,108.498
2524,110.824
2525,111.311
2526,111.886
2527,112.284
2528,112.694
2529,111.629
2530,112.536
2531,110.08
2532,111.639
2533,109.489
2534,109.077
2535,108.625
2536,107.227
2537,107.011
2538,107.861
2539,109.468
2540,110.187
2541,112.895
2542,114.988
2543,116.665
2544,119.0
2545,121.056
2546,122.596
2547,123.98
2548,124.909
2549,125.549
2550,125.993
2551,125.952
2552,125.35
2553,124.255
2554,123.194
2555,121.258
2556,118.434
2557,115.064
2558,110.983
2559,106.036
2560,103.595
2561,100.344
2562,97.789
2563,97.82
2564,97.675
2565,97.669
2566,97.754
2567,97.752
2568,97.975
2569,98.077
2570,103.967
2571,108.579
2572,107.916
2573,108.301
2574,109.675
2575,110.989
2576,109.996
2577,111.637
2578,109.442
2579,109.99
2580,107.933
2581,108.3
2582,109.42
2583,107.868
2584,107.879
2585,108.259
2586,108.801
2587,110.494
2588,112.825
2589,113.674
2590,115.379
2591,116.127
2592,117.911
2593,120.194
2594,121.777
2595,123.268
2596,124.034
2597,124.601
2598,125.29
2599,125.746
2600,125.64
2601,125.059
2602,125.072
2603,124.145
2604,122.85
2605,121.495
2606,119.628
2607,116.915
2608,115.149
2609,113.023
2610,110.045
2611,108.525
2612,106.111
2613,106.402
2614,106.313
2615,103.965
2616,105.743
2617,107.341
2618,106.228
2619,109.017
2620,107.792
2621,108.65
2622,109.473
2623,108.815
2624,107.857
2625,108.303
2626,108.157
2627,108.459
2628,109.123
2629,108.347
2630,110.851
2631,109.798
2632,112.02
2633,110.703
2634,112.913
2635,112.767
2636,115.33
2637,117.705
2638,118.971
2639,119.896
2640,120.449
2641,121.816
2642,122.881
2643,123.866
2644,124.138
2645,124.969
2646,125.118
2647,125.503
2648,125.858
2649,125.583
2650,125.375
2651,125.317
2652,124.717
2653,123.438
2654,122.672
2655,121.359
2656,119.394
2657,118.366
2658,115.919
2659,114.886
2660,112.443
2661,109.594
2662,109.901
2663,108.324
2664,107.096
2665,109.507
2666,108.917
2667,108.388
2668,110.253
2669,111.872
2670,112.675
2671,112.469
2672,114.387
2673,113.904
2674,113.931
2675,114.091
2676,112.129
2677,111.993
2678,110.632
2679,111.547
2680,110.947
2681,111.171
2682,110.339
2683,111.738
2684,113.414
2685,114.62
2686,116.97
2687,118.525
2688,120.724
2689,122.321
2690,123.884
2691,124.682
2692,125.827
2693,126.045
2694,126.292
2695,126.486
2696,125.897
2697,125.239
2698,124.347
2699,122.982
2700,121.195
2701,118.509
2702,116.427
2703,112.246
2704,110.898
2705,106.04
2706,103.794
2707,100.815
2708,99.379
2709,98.684
2710,97.938
2711,99.804
2712,99.475
2713,102.016
2714,105.639
2715,107.452
2716,109.146
2717,111.814
2718,111.995
2719,113.893
2720,114.176
2721,114.402
2722,113.868
2723,113.396
2724,113.117
2725,111.128
2726,110.129
2727,109.825
2728,106.938
2729,108.626
2730,107.519
2731,108.069
2732,109.703
2733,111.491
2734,113.35
2735,116.832
2736,119.013
2737,121.278
2738,122.692
2739,124.219
2740,125.119
2741,126.05
2742,126.03
2743,126.231
2744,125.765
2745,125.352
2746,123.614
2747,122.788
2748,121.301
2749,118.079
2750,116.085
2751,113.585
2752,110.181
2753,107.448
2754,104.738
2755,102.683
2756,103.357
2757,99.973
2758,102.773
2759,102.098
2760,103.86
2761,103.74
2762,106.818
2763,108.68
2764,111.288
2765,110.847
2766,112.583
2767,113.716
2768,112.432
2769,113.359
2770,111.989
2771,111.237
2772,110.138
2773,109.512
2774,109.155
2775,106.468
2776,106.144
2777,104.967
2778,107.071
2779,108.132
2780,110.214
2781,111.151
2782,114.403
2783,117.483
2784,119.203
2785,121.347
2786,123.251
2787,124.711
2788,125.597
2789,126.197
2790,126.153
2791,125.982
2792,125.811
2793,124.901
2794,123.745
2795,121.983
2796,120.027
2797,117.509
2798,114.901
2799,112.556
2800,108.653
2801,105.96
2802,103.733
2803,103.041
2804,103.376
2805,101.356
2806,101.959
2807,103.007
2808,102.345
2809,102.925
2810,105.141
2811,106.977
2812,107.948
2813,109.765
2814,110.291
2815,110.165
2816,112.134
2817,110.85
2818,111.817
2819,110.33
2820,110.523
2821,109.651
2822,108.48
2823,106.323
2824,107.299
2825,108.005
2826,107.237
2827,107.868
2828,110.319
2829,112.368
2830,114.473
2831,117.147
2832,119.128
2833,121.609
2834,123.043
2835,123.953
2836,125.267
2837,126.001
2838,126.208
2839,126.175
2840,125.837
2841,124.92
2842,123.899
2843,121.916
2844,120.315
2845,118.238
2846,114.256
2847,111.317
2848,108.66
2849,106.959
2850,103.188
2851,102.597
2852,101.795
2853,100.065
2854,103.301
2855,103.004
2856,104.316
2857,106.39
2858,107.619
2859,108.633
2860,109.655
2861,111.066
2862,111.568
2863,110.945
2864,111.632
2865,111.728
2866,110.394
2867,110.898
2868,109.901
2869,108.629
2870,108.277
2871,107.231
2872,105.714
2873,107.005
2874,107.677
2875,107.401
2876,109.021
2877,112.427
2878,114.337
2879,116.995
2880,119.046
2881,120.895
2882,122.982
2883,123.991
2884,124.859
2885,125.704
2886,126.007
2887,125.636
2888,125.206
2889,124.559
2890,122.798
2891,120.913
2892,117.44
2893,113.451
2894,110.508
2895,106.561
2896,100.082
2897,101.086
2898,97.868
2899,97.595
2900,97.688
2901,97.726
2902,97.575
2903,97.636
2904,97.649
2905,97.83
2906,98.01
2907,98.229
2908,106.294
2909,109.178
2910,107.62
2911,109.167
2912,110.753
2913,109.404
2914,108.993
2915,108.084
2916,107.924
2917,107.45
2918,107.326
2919,108.506
2920,107.077
2921,107.381
2922,109.173
2923,110.163
2924,112.078
2925,113.057
2926,114.682
2927,116.536
2928,118.272
2929,120.14
2930,121.302
2931,122.581
2932,123.728
2933,124.531
2934,125.251
2935,125.433
2936,125.661
2937,125.299
2938,124.726
2939,124.104
2940,122.841
2941,121.263
2942,119.195
2943,116.418
2944,114.164
2945,112.251
2946,109.872
2947,106.901
2948,105.891
2949,103.872
2950,104.637
2951,104.716
2952,105.389
2953,105.579
2954,104.2
2955,105.892
2956,106.764
2957,107.805
2958,109.679
2959,108.874
2960,110.236
2961,109.606
2962,110.682
2963,107.811
2964,109.066
2965,108.795
2966,108.381
2967,108.717
2968,108.296
2969,110.557
2970,112.618
2971,114.261
2972,115.152
2973,117.844
2974,119.156
2975,119.299
2976,120.379
2977,122.212
2978,122.668
2979,123.178
2980,124.291
2981,124.783
2982,125.346
2983,125.643
2984,125.644
2985,125.486
2986,125.359
2987,125.077
2988,124.265
2989,123.283
2990,122.396
2991,121.387
2992,119.218
2993,117.567
2994,116.272
2995,113.007
2996,111.217
2997,110.767
2998,109.517
2999,107.641
3000,106.554
3001,106.913
3002,108.603
3003,109.73
3004,111.058
3005,111.448
3006,111.824
3007,111.616
3008,112.751
3009,112.983
3010,112.795
3011,111.465
3012,111.309
3013,110.603
3014,110.796
3015,108.978
3016,109.517
3017,110.491
3018,111.671
3019,112.362
3020,112.256
3021,114.781
3022,117.055
3023,118.718
3024,120.195
3025,121.852
3026,124.041
3027,125.037
3028,125.621
3029,125.895
3030,126.346
3031,126.329
3032,126.132
3033,125.07
3034,124.15
3035,122.844
3036,121.209
3037,117.661
3038,116.057
3039,112.824
3040,110.137
3041,105.137
3042,101.803
3043,100.551
3044,97.859
3045,97.921
3046,97.907
3047,97.856
3048,97.976
3049,102.163
3050,105.561
3051,107.423
3052,109.486
3053,111.26
3054,112.696
3055,113.14
3056,114.774
3057,114.628
3058,114.666
3059,114.011
3060,111.77
3061,111.67
3062,109.22
3063,107.74
3064,107.525
3065,106.798
3066,107.655
3067,107.883
3068,110.098
3069,111.306
3070,114.768
3071,116.586
3072,119.479
3073,121.419
3074,122.593
3075,123.942
3076,125.121
3077,125.674
3078,125.902
3079,126.248
3080,125.563
3081,125.186
3082,123.916
3083,122.758
3084,120.328
3085,118.92
3086,115.688
3087,112.416
3088,109.584
3089,105.661
3090,104.339
3091,101.008
3092,101.997
3093,100.582
3094,100.078
3095,100.192
3096,102.016
3097,103.6
3098,107.068
3099,106.445
3100,109.309
3101,110.263
3102,113.64
3103,113.609
3104,113.332
3105,111.92
3106,112.516
3107,112.302
3108,109.986
3109,108.346
3110,107.523
3111,107.612
3112,105.814
3113,106.501
3114,104.683
3115,107.102
3116,110.578
3117,111.899
3118,114.263
3119,116.564
3120,119.797
3121,121.223
3122,123.379
3123,124.689
3124,125.261
3125,126.013
3126,126.197
3127,126.102
3128,125.482
3129,124.475
3130,123.231
3131,121.961
3132,119.334
3133,117.314
3134,115.794
3135,112.256
3136,109.894
3137,106.268
3138,104.932
3139,101.733
3140,98.737
3141,99.071
3142,101.013
3143,100.039
3144,103.33
3145,104.449
3146,105.961
3147,105.617
3148,107.031
3149,109.667
3150,110.63
3151,111.232
3152,110.866
3153,111.092
3154,111.851
3155,111.087
3156,109.525
3157,110.042
3158,108.494
3159,107.361
3160,106.584
3161,107.83
3162,108.358
3163,108.768
3164,109.776
3165,112.182
3166,113.776
3167,116.104
3168,118.684
3169,121.211
3170,122.91
3171,124.393
3172,125.097
3173,126.14
3174,125.995
3175,126.033
3176,125.544
3177,124.68
3178,123.762
3179,122.443
3180,119.656
3181,117.474
3182,114.658
3183,112.414
3184,107.701
3185,105.283
3186,102.893
3187,101.535
3188,102.75
3189,101.56
3190,101.776
3191,102.56
3192,105.676
3193,105.469
3194,107.386
3195,109.36
3196,110.274
3197,110.219
3198,111.861
3199,112.752
3200,111.103
3201,110.618
3202,109.919
3203,109.405
3204,109.066
3205,108.176
3206,108.453
3207,107.061
3208,105.913
3209,106.628
3210,106.493
3211,106.452
3212,108.935
3213,110.552
3214,114.468
3215,116.149
3216,118.44
3217,120.805
3218,122.454
3219,124.026
3220,124.898
3221,125.638
3222,125.807
3223,125.71
3224,125.088
3225,124.462
3226,122.796
3227,120.362
3228,118.598
3229,114.099
3230,110.651
3231,108.025
3232,101.708
3233,98.609
3234,97.97
3235,97.662
3236,97.583
3237,97.516
3238,97.605
3239,97.566
3240,97.749
3241,97.867
3242,97.833
3243,98.056
3244,98.265
3245,106.66
3246,109.778
3247,108.58
3248,107.889
3249,108.889
3250,109.69
3251,108.397
3252,107.718
3253,106.868
3254,106.232
3255,107.051
3256,106.098
3257,108.027
3258,109.282
3259,109.318
3260,111.838
3261,112.906
3262,115.248
3263,116.908
3264,118.427
3265,119.37
3266,121.504
3267,122.604
3268,123.99
3269,124.281
3270,125.116
3271,125.328
3272,125.282
3273,125.327
3274,124.547
3275,123.724
3276,122.72
3277,121.031
3278,119.447
3279,116.413
3280,114.805
3281,112.087
3282,109.034
3283,109.092
3284,106.802
3285,105.504
3286,104.227
3287,105.609
3288,103.601
3289,104.169
3290,105.569
3291,107.49
3292,106.73
3293,108.455
3294,107.652
3295,109.19
3296,108.286
3297,110.241
3298,108.065
3299,109.566
3300,107.945
3301,107.14
3302,108.235
3303,107.985
3304,109.827
3305,109.535
3306,112.031
3307,114.508
3308,115.518
3309,115.974
3310,117.922
3311,118.998
3312,120.753
3313,121.963
3314,122.623
3315,123.307
3316,124.071
3317,124.591
3318,124.961
3319,125.27
3320,125.451
3321,125.324
3322,125.268
3323,125.236
3324,124.213
3325,123.457
3326,122.288
3327,120.839
3328,119.825
3329,117.247
3330,114.519
3331,112.144
3332,111.179
3333,109.524
3334,109.528
3335,107.317
3336,106.192
3337,108.175
3338,108.45
3339,108.516
3340,109.535
3341,111.297
3342,111.894
3343,112.26
3344,113.254
3345,113.018
3346,112.039
3347,112.536
3348,113.069
3349,110.374
3350,110.945
3351,109.434
3352,108.925
3353,109.399
3354,110.561
3355,111.312
3356,112.217
3357,114.291
3358,116.303
3359,118.136
3360,120.731
3361,122.057
3362,123.691
3363,124.464
3364,125.458
3365,126.176
3366,126.303
3367,126.266
3368,125.963
3369,125.151
3370,124.153
3371,122.614
3372,120.534
3373,117.884
3374,116.298
3375,112.47
3376,109.222
3377,104.269
3378,101.569
3379,100.213
3380,97.76
3381,97.678
3382,97.715
3383,97.641
3384,97.821
3385,98.036
3386,98.154
3387,106.204
3388,108.679
3389,111.126
3390,111.926
3391,113.732
3392,113.979
3393,113.928
3394,112.245
3395,111.54
3396,112.255
3397,108.592
3398,108.593
3399,109.195
3400,107.452
3401,106.687
3402,107.018
3403,107.117
3404,108.144
3405,111.999
3406,113.289
3407,116.67
3408,118.682
3409,121.057
3410,122.602
3411,124.147
3412,125.034
3413,125.934
3414,126.037
3415,125.837
3416,125.785
3417,125.062
3418,123.947
3419,122.751
3420,120.037
3421,118.12
3422,114.719
3423,112.464
3424,110.038
3425,105.961
3426,104.343
3427,102.311
3428,99.468
3429,101.424
3430,99.066
3431,102.193
3432,103.453
3433,103.436
3434,107.239
3435,108.565
3436,109.52
3437,110.911
3438,112.598
3439,113.11
3440,113.471
3441,112.539
3442,112.356
3443,111.504
3444,109.525
3445,108.277
3446,107.749
3447,106.345
3448,105.3
3449,106.824
3450,105.544
3451,105.608
3452,109.891
3453,111.466
3454,114.402
3455,116.095
3456,119.379
3457,121.063
3458,122.949
3459,124.84
3460,125.642
3461,125.87
3462,126.197
3463,126.096
3464,125.687
3465,124.883
3466,123.685
3467,121.906
3468,119.474
3469,117.146
3470,114.556
3471,111.552
3472,108.128
3473,105.907
3474,103.119
3475,102.926
3476,100.464
3477,100.832
3478,100.464
3479,101.135
3480,102.271
3481,102.318
3482,105.499
3483,105.943
3484,107.776
3485,110.199
3486,111.154
3487,110.442
3488,111.92
3489,110.937
3490,111.401
3491,110.161
3492,110.004
3493,107.02
3494,107.615
3495,106.698
3496,107.572
3497,106.834
3498,107.986
3499,108.099
3500,108.518
3501,112.026
3502,113.247
3503,116.885
3504,118.87
3505,120.763
3506,122.358
3507,124.196
3508,125.069
3509,125.884
3510,126.175
3511,126.106
3512,125.469
3513,124.691
3514,123.41
3515,121.701
3516,119.056
3517,116.851
3518,114.165
3519,110.378
3520,108.497
3521,105.939
3522,103.264
3523,103.092
3524,99.496
3525,102.0
3526,101.987
3527,103.589
3528,103.204
3529,105.664
3530,106.694
3531,109.297
3532,110.163
3533,110.702
3534,110.635
3535,110.739
3536,112.132
3537,110.865
3538,111.259
3539,110.224
3540,110.349
3541,109.012
3542,107.041
3543,106.982
3544,107.352
3545,107.329
3546,105.698
3547,108.313
3548,108.982
3549,110.725
3550,113.721
3551,116.384
3552,118.037
3553,120.251
3554,122.363
3555,123.52
3556,125.049
3557,125.659
3558,125.756
3559,125.794
3560,125.06
3561,124.251
3562,122.799
3563,120.375
3564,117.946
3565,113.365
3566,110.634
3567,105.78
3568,101.63
3569,98.901
3570,97.677
3571,97.725
3572,97.586
3573,97.362
3574,97.317
3575,97.482
3576,97.62
3577,97.738
3578,97.902
3579,97.851
3580,98.312
3581,98.395
3582,108.452
3583,109.704
3584,110.038
3585,108.362
3586,108.227
3587,109.614
3588,107.415
3589,107.938
3590,106.598
3591,108.053
3592,107.868
3593,107.368
3594,108.788
3595,110.862
3596,110.011
3597,113.229
3598,114.722
3599,115.858
3600,117.458
3601,119.673
3602,121.597
3603,122.24
3604,123.742
3605,124.204
3606,124.997
3607,125.446
3608,125.287
3609,125.182
3610,124.945
3611,123.568
3612,123.002
3613,120.945
3614,118.903
3615,115.912
3616,114.482
3617,110.624
3618,110.039
3619,106.11
3620,103.773
3621,103.396
3622,103.672
3623,102.8
3624,103.423
3625,103.682
3626,104.432
3627,105.482
3628,105.756
3629,108.882
3630,107.341
3631,108.559
3632,108.439
3633,108.517
3634,106.267
3635,108.649
3636,108.358
3637,108.881
3638,108.339
3639,108.1
3640,108.439
3641,110.727
3642,111.257
3643,114.332
3644,114.886
3645,116.207
3646,118.081
3647,119.025
3648,120.413
3649,121.484
3650,122.643
3651,123.806
3652,124.123
3653,124.796
3654,125.1
3655,125.227
3656,125.637
3657,125.555
3658,125.192
3659,124.799
3660,124.153
3661,123.124
3662,122.213
3663,120.175
3664,119.142
3665,117.441
3666,114.793
3667,113.485
3668,111.792
3669,108.09
3670,108.636
3671,107.422
3672,106.511
3673,106.194
3674,108.323
3675,108.842
3676,111.014
3677,110.447
3678,111.106
3679,112.585
3680,112.04
3681,113.363
3682,112.266
3683,112.11
3684,112.712
3685,110.645
3686,110.016
3687,109.325
3688,110.026
3689,109.331
3690,110.192
3691,109.47
3692,112.761
3693,114.759
3694,115.942
3695,118.684
3696,120.063
3697,121.555
3698,123.511
3699,124.557
3700,125.585
3701,126.213
3702,126.301
3703,126.226
3704,125.943
3705,124.963
3706,124.013
3707,122.6
3708,121.105
3709,117.875
3710,116.29
3711,113.161
3712,110.296
3713,105.245
3714,102.218
3715,98.001
3716,97.749
3717,97.7
3718,97.754
3719,97.793
3720,97.803
3721,97.995
3722,104.12
3723,105.571
3724,108.65
3725,111.347
3726,111.104
3727,113.351
3728,114.535
3729,114.141
3730,113.371
3731,113.524
3732,112.054
3733,110.118
3734,108.773
3735,107.652
3736,106.543
3737,106.548
3738,106.358
3739,106.239
3740,110.207
3741,110.552
3742,114.084
3743,116.278
3744,119.665
3745,121.264
3746,122.962
3747,123.957
3748,125.314
3749,125.873
3750,126.068
3751,126.02
3752,125.77
3753,125.12
3754,123.801
3755,122.333
3756,120.372
3757,117.734
3758,114.856
3759,112.733
3760,109.519
3761,105.823
3762,105.131
3763,101.72
3764,102.151
3765,100.298
3766,100.258
3767,100.087
3768,102.537
3769,102.923
3770,105.792
3771,108.589
3772,109.844
3773,111.345
3774,112.37
3775,111.466
3776,112.506
3777,112.463
3778,112.392
3779,111.173
3780,110.051
3781,107.849
3782,108.259
3783,104.997
3784,105.677
3785,105.357
3786,107.258
3787,106.645
3788,109.173
3789,111.47
3790,115.322
3791,115.505
3792,118.981
3793,121.589
3794,123.186
3795,124.386
3796,125.531
3797,125.894
3798,126.125
3799,125.934
3800,125.727
3801,124.805
3802,123.648
3803,121.472
3804,120.063
3805,117.121
3806,114.773
3807,110.848
3808,109.205
3809,106.154
3810,104.64
3811,101.36
3812,99.62
3813,99.894
3814,101.42
3815,101.634
3816,101.471
3817,104.064
3818,104.697
3819,105.049
3820,108.898
3821,109.379
3822,109.702
3823,110.274
3824,110.265
3825,110.304
3826,110.349
3827,110.52
3828,109.059
3829,107.719
3830,108.927
3831,107.672
3832,107.316
3833,108.054
3834,106.036
3835,108.517
3836,109.383
3837,112.207
3838,113.733
3839,116.748
3840,119.449
3841,120.981
3842,123.082
3843,124.153
3844,125.227
3845,125.949
3846,126.04
3847,126.137
3848,125.624
3849,124.821
3850,123.903
3851,121.875
3852,119.793
3853,117.101
3854,113.724
3855,111.646
3856,109.232
3857,104.952
3858,103.533
3859,100.969
3860,100.524
3861,100.67
3862,100.839
3863,103.493
3864,103.845
3865,106.16
3866,107.126
3867,108.183
3868,109.572
3869,111.016
3870,111.243
3871,112.077
3872,112.128
3873,110.341
3874,111.683
3875,109.402
3876,108.335
3877,108.854
3878,107.496
3879,107.225
3880,106.217
3881,106.021
3882,107.633
3883,108.753
3884,110.159
3885,111.222
3886,112.837
3887,116.001
3888,118.469
3889,120.909
3890,122.568
3891,123.736
3892,124.665
3893,125.456
3894,125.799
3895,125.799
3896,125.531
3897,124.256
3898,122.309
3899,120.486
3900,117.341
3901,113.873
3902,111.556
3903,106.421
3904,101.29
3905,99.533
3906,97.904
3907,97.62
3908,97.665
3909,97.563
3910,97.585
3911,97.52
3912,97.58
3913,97.83
3914,97.707
3915,97.989
3916,98.338
3917,108.101
3918,107.929
3919,109.841
3920,109.204
3921,107.109
3922,108.547
3923,108.052
3924,106.292
3925,108.196
3926,106.997
3927,107.1
3928,107.762
3929,109.154
3930,109.259
3931,109.569
3932,111.027
3933,112.66
3934,114.622
3935,117.07
3936,118.29
3937,119.516
3938,121.439
3939,122.788
3940,123.475
3941,124.546
3942,125.094
3943,125.416
3944,125.506
3945,125.015
3946,124.601
3947,123.824
3948,122.488
3949,121.197
3950,119.031
3951,116.338
3952,113.406
3953,112.56
3954,110.525
3955,106.165
3956,104.067
3957,103.977
3958,103.466
3959,103.337
3960,104.97
3961,105.612
3962,106.284
3963,106.386
3964,106.528
3965,108.08
3966,108.1
3967,108.997
3968,109.614
3969,108.235
3970,108.712
3971,108.549
3972,108.681
3973,108.288
3974,109.009
3975,107.414
3976,110.269
3977,109.604
3978,111.531
3979,113.972
3980,115.324
3981,117.286
3982,116.913
3983,119.295
3984,120.507
3985,121.808
3986,122.46
3987,123.346
3988,124.128
3989,124.93
3990,125.122
3991,125.436
3992,125.633
3993,125.585
3994,125.443
3995,124.929
3996,124.027
3997,123.303
3998,122.085
3999,120.624
4000,119.376
4001,117.747
4002,115.475
4003,113.851
4004,110.256
4005,109.703
4006,107.613
4007,108.143
4008,107.648
4009,108.327
4010,108.098
4011,108.3
4012,109.347
4013,110.657
4014,110.651
4015,111.349
4016,113.0
4017,112.781
4018,112.514
4019,112.166
4020,112.065
4021,111.467
4022,109.455
4023,110.213
4024,108.651
4025,110.805
4026,109.58
4027,110.442
4028,112.966
4029,114.878
4030,117.031
4031,118.57
4032,120.622
4033,122.216
4034,123.28
4035,124.55
4036,125.556
4037,126.039
4038,126.358
4039,126.262
4040,125.877
4041,125.05
4042,124.147
4043,122.714
4044,120.944
4045,117.972
4046,115.788
4047,111.064
4048,109.433
4049,105.479
4050,102.11
4051,98.762
4052,97.903
4053,97.82
4054,98.045
4055,97.89
4056,97.975
4057,101.182
4058,104.523
4059,105.583
4060,108.49
4061,110.85
4062,112.429
4063,113.372
4064,114.788
4065,113.729
4066,113.311
4067,113.027
4068,111.782
4069,110.53
4070,109.462
4071,108.38
4072,107.345
4073,107.542
4074,107.458
4075,108.683
4076,107.599
4077,112.462
4078,114.06
4079,115.823
4080,119.217
4081,120.815
4082,123.067
4083,124.262
4084,125.056
4085,125.957
4086,125.907
4087,125.881
4088,125.661
4089,124.776
4090,123.886
4091,122.513
4092,120.473
4093,117.908
4094,115.535
4095,112.632
4096,109.278
4097,107.16
4098,105.084
4099,102.672
4100,100.071
4101,100.932
4102,99.826
4103,103.31
4104,102.02
4105,105.386
4106,106.056
4107,107.792
4108,109.994
4109,110.74
4110,112.099
4111,112.054
4112,112.857
4113,112.152
4114,112.181
4115,113.149
4116,109.981
4117,108.749
4118,107.433
4119,106.853
4120,105.728
4121,106.433
4122,106.772
4123,108.003
4124,108.573
4125,111.743
4126,113.76
4127,117.093
4128,119.295
4129,121.185
4130,122.923
4131,124.584
4132,125.398
4133,126.033
4134,126.234
4135,125.918
4136,125.482
4137,124.897
4138,123.659
4139,121.73
4140,119.869
4141,117.419
4142,114.012
4143,111.971
4144,108.305
4145,106.887
4146,101.695
4147,102.721
4148,100.157
4149,100.934
4150,99.652
4151,101.673
4152,103.97
4153,103.095
4154,104.718
4155,106.475
4156,105.837
4157,108.97
4158,109.527
4159,110.001
4160,110.628
4161,111.508
4162,110.593
4163,109.135
4164,108.771
4165,108.451
4166,108.659
4167,106.886
4168,107.545
4169,107.398
4170,106.625
4171,109.175
4172,109.569
4173,111.024
4174,113.401
4175,116.837
4176,119.185
4177,121.347
4178,122.8
4179,124.322
4180,125.198
4181,125.962
4182,126.093
4183,125.999
4184,125.587
4185,124.953
4186,123.905
4187,121.985
4188,119.398
4189,116.871
4190,113.978
4191,110.607
4192,107.789
4193,105.086
4194,103.23
4195,102.558
4196,100.949
4197,100.008
4198,100.93
4199,103.542
4200,102.894
4201,106.214
4202,107.018
4203,109.271
4204,109.492
4205,110.408
4206,111.246
4207,112.55
4208,111.703
4209,111.335
4210,111.1
4211,109.677
4212,110.015
4213,109.674
4214,107.35
4215,105.766
4216,107.006
4217,107.478
4218,107.246
4219,108.504
4220,110.282
4221,111.708
4222,113.491
4223,115.943
4224,118.457
4225,120.599
4226,122.206
4227,123.512
4228,124.984
4229,125.489
4230,125.595
4231,125.837
4232,125.207
4233,124.358
4234,122.919
4235,120.224
4236,117.859
4237,114.364
4238,109.901
4239,106.122
4240,103.166
4241,100.17
4242,97.87
4243,97.471
4244,97.393
4245,97.425
4246,97.59
4247,97.391
4248,97.635
4249,97.662
4250,97.93
4251,98.004
4252,98.236
4253,107.353
4254,108.696
4255,110.018
4256,110.352
4257,108.688
4258,108.304
4259,109.38
4260,107.788
4261,107.802
4262,107.894
4263,107.168
4264,107.958
4265,108.133
4266,109.553
4267,109.034
4268,110.817
4269,113.47
4270,114.64
4271,116.029
4272,118.379
4273,119.994
4274,121.299
4275,122.33
4276,123.77
4277,124.597
4278,124.898
4279,125.574
4280,125.671
4281,125.319
4282,124.613
4283,123.365
4284,122.825
4285,120.993
4286,119.399
4287,116.361
4288,115.441
4289,112.178
4290,109.675
4291,106.934
4292,104.852
4293,103.921
4294,104.337
4295,104.0
4296,102.656
4297,105.705
4298,106.26
4299,106.284
4300,107.584
4301,108.608
4302,109.546
4303,109.177
4304,108.91
4305,107.089
4306,108.63
4307,107.508
4308,108.436
4309,108.334
4310,108.266
4311,108.923
4312,108.984
4313,110.975
4314,111.701
4315,114.325
4316,115.561
4317,116.863
4318,117.555
4319,119.501
4320,120.405
4321,121.48
4322,122.81
4323,123.782
4324,124.383
4325,124.96
4326,125.122
4327,125.398
4328,125.57
4329,125.306
4330,125.42
4331,124.973
4332,124.579
4333,123.461
4334,122.342
4335,120.958
4336,118.875
4337,117.73
4338,115.502
4339,113.669
4340,111.394
4341,111.055
4342,109.43
4343,107.862
4344,108.266
4345,108.336
4346,109.136
4347,109.571
4348,110.487
4349,109.99
4350,111.9
4351,112.591
4352,113.172
4353,112.641
4354,113.012
4355,112.859
4356,111.517
4357,110.607
4358,110.043
4359,111.161
4360,110.202
4361,110.138
4362,111.229
4363,110.363
4364,112.789
4365,114.011
4366,116.203
4367,118.203
4368,120.82
4369,122.311
4370,123.611
4371,124.723
4372,125.559
4373,126.113
4374,126.228
4375,126.22
4376,126.07
4377,125.353
4378,124.195
4379,122.421
4380,120.982
4381,118.42
4382,115.371
4383,112.65
4384,108.845
4385,106.795
4386,101.496
4387,98.908
4388,97.837
4389,97.864
4390,97.792
4391,98.007
4392,97.909
4393,97.911
4394,103.593
4395,106.234
4396,109.348
4397,111.191
4398,112.768
4399,114.378
4400,113.659
4401,113.108
4402,113.506
4403,112.554
4404,111.226
4405,109.823
4406,109.557
4407,107.632
4408,107.313
4409,106.806
4410,106.814
4411,107.598
4412,109.349
4413,111.757
4414,114.107
4415,116.968
4416,118.564
4417,121.549
4418,122.954
4419,124.044
4420,125.233
4421,125.806
4422,126.117
4423,126.188
4424,125.779
4425,124.854
4426,124.48
4427,122.381
4428,120.554
4429,118.171
4430,115.726
4431,112.133
4432,111.704
4433,108.25
4434,104.764
4435,104.485
4436,102.779
4437,99.45
4438,99.633
4439,102.871
4440,101.522
4441,104.941
4442,108.134
4443,108.847
4444,109.983
4445,110.552
4446,112.56
4447,112.265
4448,112.99
4449,112.753
4450,112.954
4451,110.706
4452,110.463
4453,109.137
4454,108.748
4455,106.492
4456,105.798
4457,105.536
4458,106.381
4459,108.116
4460,109.499
4461,112.874
4462,113.76
4463,117.784
4464,119.071
4465,121.739
4466,123.224
4467,124.427
4468,125.487
4469,125.884
4470,126.217
4471,125.969
4472,125.816
4473,124.67
4474,123.338
4475,121.552
4476,119.712
4477,117.249
4478,115.143
4479,111.93
4480,109.674
4481,107.336
4482,104.607
4483,101.808
4484,101.574
4485,101.961
4486,104.351
4487,103.614
4488,102.933
4489,102.959
4490,106.578
4491,105.885
4492,107.729
4493,108.721
4494,110.588
4495,110.44
4496,112.668
4497,111.972
4498,111.681
4499,110.685
4500,110.85
4501,109.132
4502,109.989
4503,107.721
4504,108.157
4505,107.473
4506,106.316
4507,108.231
4508,111.261
4509,111.737
4510,114.238
4511,116.815
4512,118.714
4513,120.472
4514,123.294
4515,124.364
4516,125.301
4517,125.927
4518,126.239
4519,126.307
4520,125.912
4521,124.878
4522,124.1
4523,122.192
4524,119.387
4525,117.42
4526,113.807
4527,111.232
4528,106.808
4529,105.67
4530,104.096
4531,102.035
4532,101.829
4533,101.982
4534,102.207
4535,102.37
4536,104.099
4537,105.539
4538,107.619
4539,109.91
4540,109.245
4541,111.628
4542,110.909
4543,113.113
4544,111.182
4545,110.267
4546,112.689
4547,111.439
4548,109.06
4549,108.871
4550,107.508
4551,107.464
4552,108.559
4553,107.745
4554,108.581
4555,107.3
4556,110.383
4557,111.991
4558,114.817
4559,116.45
4560,118.592
4561,120.367
4562,122.539
4563,123.859
4564,124.979
4565,125.521
4566,126.027
4567,125.705
4568,125.027
4569,124.245
4570,122.523
4571,120.63
4572,117.996
4573,114.415
4574,111.355
4575,105.678
4576,102.706
4577,100.705
4578,97.757
4579,97.779
4580,97.851
4581,97.653
4582,97.675
4583,97.492
4584,97.854
4585,97.922
4586,97.945
4587,98.233
4588,105.159
4589,107.433
4590,109.086
4591,109.766
4592,109.852
4593,110.691
4594,109.29
4595,108.72
4596,107.633
4597,106.903
4598,107.56
4599,108.344
4600,108.152
4601,110.023
4602,108.973
4603,111.165
4604,112.248
4605,114.371
4606,114.17
4607,116.737
4608,119.056
4609,120.092
4610,121.283
4611,122.752
4612,124.023
4613,124.359
4614,125.131
4615,125.465
4616,125.761
4617,125.083
4618,124.87
4619,123.665
4620,122.626
4621,121.632
4622,119.153
4623,117.42
4624,114.778
4625,112.54
4626,110.467
4627,108.127
4628,105.504
4629,104.591
4630,103.577
4631,104.732
4632,105.02
4633,105.733
4634,105.458
4635,108.297
4636,106.803
4637,108.694
4638,108.045
4639,109.267
4640,110.224
4641,109.776
4642,108.804
4643,109.29
4644,109.514
4645,108.116
4646,107.964
4647,109.116
4648,110.403
4649,112.075
4650,111.26
4651,114.174
4652,114.689
4653,116.515
4654,117.257
4655,119.288
4656,120.959
4657,121.913
4658,123.046
4659,123.201
4660,124.535
4661,124.877
4662,125.106
4663,125.39
4664,125.726
4665,125.522
4666,125.472
4667,124.757
4668,124.692
4669,123.571
4670,122.337
4671,120.959
4672,118.881
4673,117.528
4674,115.788
4675,113.576
4676,112.602
4677,110.948
4678,109.439
4679,107.998
4680,107.854
4681,108.629
4682,107.683
4683,108.576
4684,110.363
4685,111.837
4686,111.911
4687,111.606
4688,113.138
4689,113.061
4690,112.841
4691,111.671
4692,112.173
4693,110.531
4694,110.945
4695,111.097
4696,110.362
4697,110.98
4698,110.204
4699,111.137
4700,112.877
4701,114.379
4702,116.224
4703,118.921
4704,120.212
4705,122.339
4706,123.872
4707,124.603
4708,125.548
4709,125.965
4710,126.112
4711,126.273
4712,125.918
4713,125.207
4714,124.147
4715,122.774
4716,120.867
4717,117.96
4718,115.356
4719,111.388
4720,109.179
4721,106.099
4722,104.021
4723,100.568
4724,98.32
4725,97.868
4726,97.73
4727,98.023
4728,97.934
4729,102.397
4730,105.452
4731,107.18
4732,109.468
4733,110.965
4734,113.079
4735,113.946
4736,114.037
4737,114.444
4738,113.661
4739,113.323
4740,113.202
4741,110.335
4742,109.939
4743,109.206
4744,106.758
4745,107.293
4746,106.547
4747,107.869
4748,109.688
4749,113.376
4750,113.961
4751,116.031
4752,119.221
4753,121.11
4754,123.154
4755,124.267
4756,124.893
4757,125.966
4758,126.218
4759,125.861
4760,125.977
4761,125.324
4762,123.836
4763,122.231
4764,120.536
4765,118.337
4766,116.241
4767,113.837
4768,109.966
4769,106.429
4770,105.215
4771,101.967
4772,103.615
4773,101.977
4774,100.327
4775,103.969
4776,102.451
4777,104.416
4778,106.986
4779,109.183
4780,110.266
4781,111.155
4782,112.986
4783,114.45
4784,113.446
4785,113.246
4786,112.71
4787,110.878
4788,110.152
4789,110.085
4790,108.395
4791,106.112
4792,106.756
4793,106.597
4794,106.19
4795,106.725
4796,109.562
4797,111.314
4798,114.021
4799,118.085
4800,119.167
4801,121.789
4802,123.234
4803,124.737
4804,125.612
4805,126.033
4806,126.375
4807,126.179
4808,125.926
4809,125.064
4810,123.565
4811,121.575
4812,120.53
4813,117.137
4814,115.543
4815,112.752
4816,110.04
4817,106.28
4818,105.567
4819,101.938
4820,103.022
4821,101.018
4822,102.587
4823,102.226
4824,103.113
4825,104.839
4826,103.093
4827,106.818
4828,108.034
4829,108.964
4830,111.01
4831,111.183
4832,111.727
4833,112.428
4834,111.976
4835,111.045
4836,109.761
4837,109.328
4838,108.476
4839,107.825
4840,107.411
4841,107.548
4842,108.047
4843,108.922
4844,111.736
4845,112.815
4846,115.257
4847,116.975
4848,118.898
4849,121.105
4850,122.884
4851,124.386
4852,125.345
4853,125.898
4854,126.246
4855,126.264
4856,125.958
4857,125.076
4858,124.263
4859,122.463
4860,120.333
4861,116.713
4862,114.511
4863,111.204
4864,109.078
4865,108.547
4866,105.08
4867,105.048
4868,102.173
4869,102.094
4870,101.851
4871,103.913
4872,104.68
4873,104.576
4874,106.708
4875,110.419
4876,110.478
4877,111.4
4878,111.228
4879,112.15
4880,111.748
4881,110.986
4882,110.853
4883,111.033
4884,109.134
4885,109.894
4886,108.265
4887,108.554
4888,108.332
4889,106.841
4890,107.249
4891,110.216
4892,111.021
4893,112.618
4894,114.195
4895,116.231
4896,119.024
4897,121.336
4898,122.715
4899,124.266
4900,125.13
4901,125.74
4902,126.032
4903,125.873
4904,125.401
4905,124.443
4906,122.592
4907,120.853
4908,118.32
4909,114.292
4910,110.855
4911,106.756
4912,104.423
4913,99.909
4914,97.683
4915,97.791
4916,97.573
4917,97.443
4918,97.756
4919,97.739
4920,97.831
4921,97.917
4922,98.12
4923,98.288
4924,107.712
4925,108.721
4926,108.574
4927,110.477
4928,110.325
4929,109.754
4930,110.173
4931,109.426
4932,108.99
4933,109.218
4934,109.121
4935,108.687
4936,108.226
4937,108.309
4938,108.673
4939,109.894
4940,113.292
4941,113.381
4942,115.818
4943,116.763
4944,118.452
4945,119.928
4946,120.886
4947,123.216
4948,124.131
4949,124.885
4950,125.348
4951,125.577
4952,125.533
4953,125.229
4954,124.948
4955,124.13
4956,123.027
4957,121.715
4958,119.96
4959,117.044
4960,114.844
4961,111.128
4962,109.574
4963,106.665
4964,107.008
4965,105.44
4966,103.792
4967,104.785
4968,106.684
4969,106.576
4970,106.501
4971,107.596
4972,108.119
4973,109.292
4974,109.053
4975,109.354
4976,109.182
4977,110.121
4978,110.307
4979,109.313
4980,109.637
4981,110.036
4982,110.23
4983,108.893
4984,109.764
4985,111.867
4986,112.784
4987,113.312
4988,115.988
4989,116.151
4990,118.439
4991,119.369
4992,121.197
4993,121.888
4994,122.769
4995,123.918
4996,124.417
4997,124.701
4998,125.157
4999,125.407
5000,125.851
5001,125.679
5002,125.571
5003,125.058
5004,124.258
5005,123.449
5006,122.931
5007,121.346
5008,119.951
5009,117.872
5010,116.317
5011,112.848
5012,112.597
5013,111.967
5014,109.486
5015,109.702
5016,107.316
5017,108.705
5018,107.411
5019,109.652
5020,110.117
5021,111.3
5022,111.79
5023,113.482
5024,114.071
5025,113.422
5026,114.461
5027,112.545
5028,112.308
5029,111.633
5030,112.463
5031,110.143
5032,110.529
5033,110.498
5034,110.777
5035,110.834
5036,113.806
5037,115.355
5038,117.168
5039,118.858
5040,120.852
5041,122.17
5042,123.789
5043,125.168
5044,125.638
5045,126.283
5046,126.407
5047,126.366
5048,126.023
5049,125.374
5050,124.435
5051,122.901
5052,120.982
5053,118.344
5054,115.911
5055,112.669
5056,108.909
5057,105.775
5058,104.948
5059,100.021
5060,99.629
5061,97.951
5062,97.817
5063,97.853
5064,100.685
5065,102.669
5066,105.352
5067,106.819
5068,110.935
5069,111.984
5070,114.052
5071,113.076
5072,113.461
5073,114.965
5074,114.839
5075,113.495
5076,112.573
5077,110.271
5078,109.494
5079,109.071
5080,108.08
5081,108.449
5082,108.209
5083,108.707
5084,109.683
5085,112.595
5086,113.294
5087,116.955
5088,119.22
5089,120.984
5090,123.04
5091,124.398
5092,125.324
5093,125.971
5094,125.888
5095,126.178
5096,125.696
5097,125.108
5098,124.118
5099,122.849
5100,120.893
5101,118.589
5102,115.828
5103,112.926
5104,110.217
5105,107.91
5106,103.917
5107,104.237
5108,102.454
5109,103.422
5110,102.167
5111,101.825
5112,104.25
5113,104.6
5114,107.536
5115,110.785
5116,111.166
5117,112.779
5118,112.854
5119,113.204
5120,114.153
5121,112.466
5122,112.553
5123,112.868
5124,111.201
5125,109.13
5126,107.063
5127,108.933
5128,105.845
5129,106.605
5130,106.421
5131,108.953
5132,110.757
5133,112.577
5134,114.634
5135,117.25
5136,118.938
5137,122.351
5138,123.397
5139,124.738
5140,125.364
5141,125.895
5142,126.157
5143,126.034
5144,125.686
5145,124.925
5146,123.932
5147,122.042
5148,120.181
5149,117.404
5150,115.198
5151,114.126
5152,109.353
5153,106.36
5154,105.067
5155,102.136
5156,103.882
5157,101.389
5158,101.714
5159,103.087
5160,103.653
5161,105.199
5162,106.821
5163,108.428
5164,109.099
5165,110.911
5166,111.233
5167,111.5
5168,111.686
5169,111.573
5170,111.376
5171,111.604
5172,110.706
5173,110.618
5174,108.657
5175,109.208
5176,107.091
5177,107.02
5178,109.597
5179,96.766
5180,95.397
5181,94.369
5182,94.811
5183,95.243
5184,95.741
5185,96.229
5186,96.874
5187,97.446
5188,98.011
5189,98.565
5190,99.142
5191,98.417
5192,97.316
5193,96.136
5194,94.933
5195,93.571
5196,92.272
5197,90.999
5198,89.353
5199,87.944
5200,86.818
5201,87.065
5202,85.675
5203,42.664
5204,86.88
5205,85.428
5206,42.562
5207,42.729
5208,43.349
5209,43.354
5210,44.539
5211,44.31
5212,87.437
5213,87.731
5214,86.747
5215,45.167
5216,87.359
5217,87.843
5218,86.774
5219,87.385
5220,86.172
5221,44.343
5222,87.132
5223,87.297
5224,87.697
5225,87.825
5226,88.037
5227,88.511
5228,88.858
5229,89.315
5230,89.748
5231,90.029
5232,89.446
5233,88.6
5234,87.933
5235,52.609
5236,53.624
5237,88.79
5238,89.353
5239,89.037
5240,88.08
5241,52.991
5242,88.354
5243,88.771
5244,88.844
5245,89.052
5246,89.06
5247,89.275
5248,89.225
5249,89.357
5250,89.034
5251,89.266
5252,89.079
5253,89.19
5254,87.801
5255,86.4
5256,86.844
5257,87.264
5258,87.508
5259,87.793
5260,86.799
5261,44.279
5262,87.341
5263,87.711
5264,87.89
5265,86.789
5266,87.41
5267,87.453
5268,87.853
5269,88.027
5270,88.33
5271,88.497
5272,88.822
5273,87.489
5274,86.493
5275,44.918
5276,87.528
5277,87.898
5278,88.262
5279,88.831
5280,89.322
5281,88.64
5282,87.924
5283,51.834
5284,52.714
5285,53.479
5286,54.021
5287,54.259
5288,54.316
5289,54.277
5290,53.467
5291,53.12
5292,51.724
5293,50.574
5294,49.36
5295,47.911
5296,46.474
5297,45.562
5298,44.49
5299,44.128
5300,43.454
5301,43.474
5302,43.534
5303,43.222
5304,42.866
5305,43.231
5306,43.818
5307,43.638
5308,44.381
5309,44.892
5310,44.182
5311,44.274
5312,87.233
5313,87.569
5314,87.978
5315,88.145
5316,88.325
5317,88.567
5318,88.835
5319,89.206
5320,89.45
5321,89.888
5322,88.779
5323,87.864
5324,86.782
5325,47.805
5326,48.258
5327,49.041
5328,50.501
5329,51.144
5330,51.903
5331,52.115
5332,52.866
5333,53.719
5334,54.084
5335,54.453
5336,54.65
5337,54.626
5338,54.563
5339,54.173
5340,53.17
5341,52.295
5342,51.565
5343,50.639
5344,49.218
5345,47.763
5346,47.028
5347,45.907
5348,45.635
5349,45.081
5350,44.576
5351,44.198
5352,43.861
5353,44.034
5354,44.251
5355,44.565
5356,44.603
5357,44.565
5358,45.803
5359,46.257
5360,46.373
5361,45.745
5362,46.385
5363,45.9
5364,45.277
5365,45.517
5366,45.286
5367,45.524
5368,44.812
5369,87.415
5370,87.756
5371,86.853
5372,45.723
5373,46.211
5374,47.517
5375,48.868
5376,49.85
5377,51.225
5378,52.666
5379,53.5
5380,54.568
5381,55.016
5382,55.383
5383,55.55
5384,54.972
5385,54.551
5386,53.197
5387,52.096
5388,50.388
5389,48.658
5390,47.068
5391,46.053
5392,44.369
5393,43.464
5394,42.861
5395,42.281
5396,42.346
5397,41.524
5398,42.12
5399,42.32
5400,42.211
5401,42.826
5402,86.977
5403,87.265
5404,87.616
5405,88.088
5406,88.531
5407,88.916
5408,89.28
5409,89.792
5410,90.007
5411,88.86
5412,87.796
5413,86.343
5414,44.903
5415,44.373
5416,44.126
5417,43.82
5418,44.156
5419,44.154
5420,45.097
5421,45.217
5422,46.514
5423,47.838
5424,49.492
5425,50.726
5426,52.096
5427,53.255
5428,54.364
5429,54.78
5430,55.405
5431,55.319
5432,54.805
5433,54.016
5434,52.967
5435,51.782
5436,50.001
5437,48.817
5438,47.336
5439,45.866
5440,45.416
5441,43.925
5442,42.972
5443,42.201
5444,42.544
5445,42.531
5446,42.228
5447,42.434
5448,43.148
5449,86.973
5450,87.386
5451,87.747
5452,88.071
5453,88.488
5454,88.909
5455,89.321
5456,89.516
5457,89.765
5458,90.105
5459,90.391
5460,90.539
5461,90.855
5462,91.009
5463,91.127
5464,91.309
5465,91.459
5466,91.576
5467,91.979
5468,92.297
5469,92.634
5470,93.023
5471,93.564
5472,94.124
5473,94.738
5474,95.374
5475,95.936
5476,96.566
5477,97.137
5478,97.671
5479,98.162
5480,97.461
5481,97.447
5482,97.731
5483,98.002
5484,98.152
5485,98.376
5486,98.398
5487,98.653
5488,109.544
5489,108.107
5490,105.813
5491,103.637
5492,103.167
5493,103.322
5494,100.943
5495,102.03
5496,102.934
5497,105.095
5498,106.526
5499,107.351
5500,109.865
5501,96.991
5502,97.289
5503,97.419
5504,97.573
5505,97.946
5506,98.024
5507,98.197
5508,98.395
5509,98.499
5510,110.69
5511,108.358
5512,96.794
5513,95.374
5514,94.167
5515,92.83
5516,91.676
5517,90.608
5518,89.549
5519,88.695
5520,87.899
5521,88.335
5522,89.023
5523,89.689
5524,89.333
5525,88.609
5526,88.863
5527,89.498
5528,90.029
5529,90.535
5530,89.868
5531,88.606
5532,88.663
5533,88.871
5534,88.9
5535,89.121
5536,87.732
5537,86.351
5538,87.037
5539,87.214
5540,85.73
5541,86.985
5542,87.003
5543,87.287
5544,87.729
5545,87.755
5546,88.396
5547,88.688
5548,88.903
5549,89.242
5550,89.597
5551,89.905
5552,90.266
5553,90.664
5554,90.696
5555,91.015
5556,91.25
5557,91.436
5558,91.697
5559,91.957
5560,92.102
5561,90.65
5562,89.401
5563,88.245
5564,87.085
5565,86.326
5566,46.394
5567,47.857
5568,48.998
5569,50.061
5570,51.62
5571,53.051
5572,53.855
5573,54.699
5574,54.782
5575,54.949
5576,54.264
5577,53.15
5578,51.851
5579,50.242
5580,48.765
5581,87.676
5582,87.809
5583,87.682
5584,87.946
5585,87.907
5586,87.944
5587,87.788
5588,87.76
5589,87.953
5590,88.105
5591,86.76
5592,87.082
5593,87.285
5594,87.48
5595,88.094
5596,86.753
5597,44.296
5598,44.426
5599,87.307
5600,87.498
5601,87.939
5602,88.168
5603,86.885
5604,44.045
5605,44.276
5606,44.098
5607,44.582
5608,44.197
5609,44.402
5610,44.907
5611,87.398
5612,87.824
5613,88.183
5614,88.663
5615,89.177
5616,89.755
5617,90.204
5618,90.839
5619,91.388
5620,92.057
5621,91.578
5622,90.735
5623,90.868
5624,90.465
5625,89.484
5626,88.431
5627,52.81
5628,52.261
5629,50.21
5630,48.867
5631,48.245
5632,46.994
5633,45.334
5634,44.69
5635,43.798
5636,87.003
5637,85.818
5638,43.229
5639,42.972
5640,43.343
5641,43.687
5642,87.038
5643,87.255
5644,87.723
5645,87.962
5646,88.272
5647,88.662
5648,88.83
5649,89.174
5650,89.376
5651,89.643
5652,89.887
5653,90.306
5654,90.27
5655,90.725
5656,90.944
5657,91.331
5658,91.689
5659,92.087
5660,92.535
5661,92.883
5662,91.977
5663,91.03
5664,91.483
5665,91.891
5666,92.483
5667,93.054
5668,93.637
5669,94.207
5670,93.666
5671,92.721
5672,92.855
5673,93.345
5674,93.929
5675,94.346
5676,94.865
5677,95.232
5678,95.573
5679,95.828
5680,96.245
5681,96.32
5682,95.009
5683,93.614
5684,92.204
5685,90.844
5686,89.614
5687,88.332
5688,87.034
5689,86.073
5690,44.559
5691,44.516
5692,45.457
5693,45.196
5694,46.114
5695,46.415
5696,46.403
5697,46.09
5698,46.741
5699,45.641
5700,46.248
5701,45.315
5702,87.407
5703,87.653
5704,86.431
5705,44.535
5706,45.444
5707,45.413
5708,46.152
5709,47.075
5710,47.404
5711,48.558
5712,50.099
5713,51.084
5714,52.552
5715,53.811
5716,54.797
5717,55.421
5718,55.629
5719,55.43
5720,55.248
5721,88.703
5722,89.104
5723,89.559
5724,89.808
5725,89.971
5726,90.289
5727,90.433
5728,90.546
5729,90.67
5730,90.703
5731,88.927
5732,87.545
5733,87.905
5734,87.983
5735,88.154
5736,88.42
5737,88.644
5738,88.914
5739,87.894
5740,86.713
5741,45.479
5742,46.216
5743,46.713
5744,46.218
5745,46.552
5746,46.376
5747,46.479
5748,45.483
5749,45.231
5750,45.144
5751,44.208
5752,43.915
5753,43.859
5754,43.954
5755,87.298
5756,86.319
5757,45.329
5758,87.641
5759,88.235
5760,87.611
5761,50.406
5762,51.376
5763,53.471
5764,54.187
5765,54.711
5766,55.307
5767,55.445
5768,55.138
5769,54.172
5770,52.976
5771,52.111
5772,50.469
5773,48.572
5774,47.562
5775,45.872
5776,45.167
5777,44.373
5778,42.799
5779,43.19
5780,42.384
5781,42.188
5782,42.565
5783,43.039
5784,42.891
5785,43.846
5786,44.093
5787,44.625
5788,45.306
5789,45.341
5790,45.697
5791,45.918
5792,87.628
5793,87.935
5794,88.133
5795,88.462
5796,88.685
5797,88.774
5798,89.06
5799,89.397
5800,89.421
5801,89.8
5802,89.934
5803,90.273
5804,90.457
5805,91.152
5806,91.513
5807,91.957
5808,92.463
5809,93.134
5810,93.695
5811,94.316
5812,94.968
5813,95.61
5814,96.174
5815,96.691
5816,97.139
5817,97.597
5818,97.922
5819,98.144
5820,98.306
5821,98.533
5822,98.702
5823,111.977
5824,108.759
5825,108.606
5826,105.656
5827,103.893
5828,102.45
5829,102.854
5830,101.205
5831,101.509
5832,103.374
5833,106.111
5834,107.019
5835,106.707
5836,110.322
5837,111.427
5838,111.965
5839,112.237
5840,111.999
5841,111.343
5842,111.289
5843,111.87
5844,110.386
5845,110.576
5846,109.729
5847,108.776
5848,109.172
5849,109.738
5850,108.397
5851,109.676
5852,111.741
5853,113.486
5854,115.856
5855,116.836
5856,119.633
5857,121.855
5858,123.442
5859,124.27
5860,125.482
5861,126.047
5862,98.809
5863,97.689
5864,97.718
5865,98.088
5866,98.463
5867,98.65
5868,98.945
5869,118.227
5870,97.288
5871,97.359
5872,97.358
5873,97.377
5874,95.67
5875,94.194
5876,94.362
5877,94.563
5878,94.641
5879,94.75
5880,95.031
5881,93.627
5882,94.008
5883,94.205
5884,92.904
5885,91.692
5886,92.12
5887,92.325
5888,92.681
5889,93.072
5890,91.632
5891,90.336
5892,90.603
5893,90.787
5894,90.996
5895,91.294
5896,91.404
5897,91.634
5898,91.8
5899,92.198
5900,90.955
5901,91.347
5902,90.431
5903,89.45
5904,89.839
5905,90.461
5906,91.107
5907,91.696
5908,92.362
5909,93.055
5910,92.509
5911,91.602
5912,91.61
5913,91.998
5914,92.335
5915,92.843
5916,92.888
5917,92.943
5918,93.039
5919,93.087
5920,93.254
5921,93.191
5922,92.888
5923,92.781
5924,92.865
5925,92.811
5926,93.073
5927,93.189
5928,93.124
5929,93.441
5930,93.642
5931,94.057
5932,94.1
5933,92.934
5934,93.143
5935,93.586
5936,93.794
5937,93.865
5938,94.052
5939,94.205
5940,94.486
5941,93.057
5942,91.796
5943,90.324
5944,89.145
5945,88.056
5946,86.988
5947,45.173
5948,87.453
5949,86.548
5950,87.658
5951,86.964
5952,48.833
5953,49.571
5954,50.763
5955,52.033
5956,52.946
5957,53.623
5958,54.259
5959,54.539
5960,54.452
5961,54.447
5962,54.024
5963,53.062
5964,51.635
5965,50.443
5966,49.145
5967,47.962
5968,46.794
5969,45.388
5970,44.997
5971,44.054
5972,43.697
5973,43.63
5974,42.912
5975,43.175
5976,43.244
5977,44.306
5978,43.988
5979,44.251
5980,44.16
5981,44.5
5982,44.66
5983,44.973
5984,44.777
5985,44.62
5986,45.063
5987,45.032
5988,44.576
5989,44.222
5990,44.289
5991,87.321
5992,86.119
5993,45.552
5994,46.169
5995,46.281
5996,46.911
5997,48.195
5998,48.579
5999,49.42
6000,50.22
6001,51.045
6002,52.147
6003,53.017
6004,53.155
6005,54.23
6006,54.427
6007,54.681
6008,54.801
6009,54.547
6010,54.67
6011,53.931
6012,53.371
6013,52.583
6014,51.594
6015,50.818
6016,49.785
6017,48.473
6018,47.055
6019,46.558
6020,45.765
6021,44.908
6022,44.322
6023,44.397
6024,87.144
6025,85.867
6026,87.345
6027,86.244
6028,44.764
6029,45.529
6030,45.931
6031,45.39
6032,46.444
6033,46.681
6034,46.401
6035,46.103
6036,45.686
6037,45.44
6038,45.034
6039,45.108
6040,45.095
6041,44.851
6042,45.448
6043,45.358
6044,46.004
6045,87.556
6046,86.93
6047,48.656
6048,50.033
6049,51.063
6050,52.804
6051,53.974
6052,54.635
6053,55.123
6054,55.471
6055,55.512
6056,55.174
6057,54.251
6058,53.715
6059,51.729
6060,50.413
6061,49.143
6062,46.992
6063,46.278
6064,45.094
6065,43.078
6066,42.038
6067,42.359
6068,41.731
6069,41.65
6070,41.86
6071,41.802
6072,42.158
6073,43.038
6074,42.971
6075,43.651
6076,44.592
6077,45.625
6078,45.46
6079,46.3
6080,46.309
6081,46.67
6082,46.413
6083,46.096
6084,87.445
6085,86.322
6086,44.451
6087,44.432
6088,44.392
6089,43.886
6090,87.285
6091,85.941
6092,44.686
6093,45.752
6094,46.879
6095,47.917
6096,48.913
6097,50.651
6098,51.951
6099,53.477
6100,54.33
6101,88.842
6102,88.518
6103,55.528
6104,55.019
6105,53.737
6106,53.108
6107,88.406
6108,87.682
6109,49.077
6110,47.496
6111,87.422
6112,87.691
6113,87.888
6114,87.79
6115,88.14
6116,86.514
6117,86.929
6118,85.435
6119,86.952
6120,87.201
6121,86.044
6122,43.677
6123,44.37
6124,44.65
6125,45.595
6126,45.55
6127,45.973
6128,46.645
6129,45.878
6130,45.972
6131,87.436
6132,86.222
6133,44.213
6134,44.291
6135,44.17
6136,44.128
6137,43.71
6138,87.265
6139,86.055
6140,44.633
6141,87.537
6142,87.906
6143,88.583
6144,89.156
6145,89.853
6146,90.466
6147,91.129
6148,91.841
6149,92.479
6150,93.038
6151,92.532
6152,91.594
6153,90.484
6154,90.44
6155,89.562
6156,88.452
6157,87.126
6158,46.772
6159,45.362
6160,87.277
6161,87.342
6162,87.479
6163,87.709
6164,87.577
6165,87.825
6166,87.963
6167,88.34
6168,88.41
6169,88.669
6170,89.089
6171,89.521
6172,89.673
6173,90.08
6174,90.344
6175,90.611
6176,90.979
6177,91.294
6178,91.396
6179,91.813
6180,91.977
6181,92.215
6182,90.651
6183,89.547
6184,88.232
6185,87.103
6186,85.807
6187,44.807
6188,45.085
6189,46.215
6190,87.664
6191,88.286
6192,88.825
6193,89.436
6194,90.136
6195,90.806
6196,91.51
6197,92.132
6198,92.741
6199,93.331
6200,93.778
6201,94.267
6202,94.659
6203,94.986
6204,93.813
6205,93.873
6206,94.013
6207,94.042
6208,94.132
6209,94.118
6210,94.249
6211,94.447
6212,94.446
6213,94.504
6214,94.676
6215,94.783
6216,94.967
6217,95.312
6218,95.436
6219,95.666
6220,95.941
6221,96.174
6222,96.49
6223,96.708
6224,97.001
6225,97.047
6226,97.357
6227,97.451
6228,97.595
6229,97.765
6230,97.895
6231,98.026
6232,98.182
6233,98.258
6234,98.32
6235,110.489
6236,110.646
6237,97.145
6238,97.443
6239,97.884
6240,98.357
6241,98.838
6242,98.044
6243,97.06
6244,96.172
6245,95.227
6246,94.272
6247,93.206
6248,92.15
6249,91.138
6250,89.883
6251,88.635
6252,87.28
6253,46.992
6254,45.265
6255,44.175
6256,42.477
6257,41.712
6258,41.709
6259,40.981
6260,41.504
6261,41.067
6262,41.161
6263,41.57
6264,42.198
6265,42.288
6266,43.114
6267,43.515
6268,44.08
6269,44.324
6270,44.144
6271,44.903
6272,44.528
6273,45.274
6274,44.926
6275,44.404
6276,44.584
6277,44.191
6278,44.114
6279,44.0
6280,44.406
6281,44.124
6282,44.957
6283,87.371
6284,87.725
6285,88.187
6286,88.696
6287,89.128
6288,89.672
6289,90.238
6290,90.809
6291,91.466
6292,92.038
6293,92.652
6294,93.257
6295,93.761
6296,94.382
6297,94.879
6298,95.31
6299,95.702
6300,95.993
6301,95.111
6302,93.791
6303,92.259
6304,90.912
6305,89.64
6306,89.679
6307,88.306
6308,86.879
6309,85.729
6310,87.032
6311,85.727
6312,43.329
6313,43.643
6314,43.537
6315,44.472
6316,44.418
6317,44.478
6318,44.212
6319,44.64
6320,44.291
6321,44.545
6322,45.016
6323,44.968
6324,44.502
6325,44.541
6326,44.702
6327,44.825
6328,45.056
6329,45.163
6330,45.713
6331,46.189
6332,47.088
6333,47.92
6334,87.793
6335,87.401
6336,50.34
6337,50.665
6338,88.393
6339,87.915
6340,88.673
6341,88.199
6342,88.691
6343,89.344
6344,89.947
6345,90.562
6346,91.062
6347,91.634
6348,92.049
6349,92.516
6350,92.804
6351,93.226
6352,93.551
6353,93.837
6354,93.975
6355,94.075
6356,94.329
6357,94.336
6358,94.568
6359,94.728
6360,95.014
6361,95.143
6362,95.211
6363,95.579
6364,95.743
6365,95.998
6366,96.202
6367,95.019
6368,95.334
6369,95.645
6370,95.876
6371,94.505
6372,93.314
6373,91.834
6374,92.055
6375,90.972
6376,89.695
6377,88.446
6378,87.33
6379,86.248
6380,45.601
6381,87.767
6382,88.275
6383,88.752
6384,89.378
6385,89.954
6386,90.573
6387,91.279
6388,91.967
6389,92.608
6390,93.19
6391,92.749
6392,91.754
6393,90.73
6394,89.556
6395,88.483
6396,87.159
6397,48.687
6398,47.277
6399,45.873
6400,44.763
6401,87.102
6402,85.655
6403,86.867
6404,85.261
6405,86.682
6406,85.291
6407,41.65
6408,86.824
6409,85.478
6410,43.535
6411,87.129
6412,87.521
6413,87.965
6414,88.232
6415,88.823
6416,89.175
6417,89.493
6418,89.688
6419,90.122
6420,90.292
6421,89.136
6422,87.941
6423,86.616
6424,43.805
6425,44.019
6426,87.071
6427,86.156
6428,44.939
6429,45.834
6430,45.975
6431,47.426
6432,88.096
6433,88.571
6434,88.221
6435,53.181
6436,53.927
6437,54.839
6438,55.291
6439,88.863
6440,88.467
6441,88.692
6442,89.057
6443,89.524
6444,88.588
6445,88.639
6446,88.752
6447,88.913
6448,87.748
6449,86.412
6450,43.197
6451,43.173
6452,42.158
6453,42.372
6454,42.261
6455,42.554
6456,42.551
6457,43.014
6458,87.118
6459,87.351
6460,87.877
6461,88.264
6462,87.302
6463,86.271
6464,45.81
6465,45.835
6466,45.629
6467,45.619
6468,44.886
6469,44.795
6470,44.094
6471,43.761
6472,43.663
6473,43.905
6474,43.804
6475,44.027
6476,44.96
6477,45.237
6478,46.147
6479,48.073
6480,49.114
6481,50.751
6482,52.3
6483,53.651
6484,54.523
6485,55.431
6486,55.664
6487,55.182
6488,54.557
6489,53.902
6490,52.816
6491,51.233
6492,88.11
6493,88.306
6494,88.564
6495,88.715
6496,88.731
6497,89.03
6498,88.996
6499,89.166
6500,87.54
6501,86.401
6502,86.539
6503,87.073
6504,85.994
6505,86.896
6506,87.385
6507,87.463
6508,87.836
6509,88.279
6510,88.529
6511,88.986
6512,89.215
6513,89.357
6514,89.914
6515,90.078
6516,90.259
6517,90.448
6518,90.566
6519,90.846
6520,91.082
6521,91.285
6522,89.943
6523,90.306
6524,89.106
6525,89.682
6526,88.656
6527,87.803
6528,87.001
6529,88.244
6530,88.866
6531,89.522
6532,90.267
6533,90.959
6534,91.565
6535,92.126
6536,92.661
6537,93.131
6538,93.508
6539,93.824
6540,94.054
6541,92.964
6542,91.364
6543,91.588
6544,89.81
6545,88.647
6546,87.088
6547,85.876
6548,42.66
6549,42.832
6550,42.785
6551,86.838
6552,85.531
6553,87.197
6554,87.467
6555,86.356
6556,44.89
6557,87.369
6558,87.735
6559,88.24
6560,88.561
6561,87.245
6562,86.236
6563,87.387
6564,87.714
6565,87.958
6566,88.125
6567,88.371
6568,88.631
6569,88.905
6570,89.196
6571,87.991
6572,88.437
6573,88.741
6574,89.22
6575,89.673
6576,90.306
6577,90.909
6578,91.49
6579,92.181
6580,92.755
6581,93.382
6582,92.907
6583,91.892
6584,90.956
6585,89.801
6586,89.77
6587,90.005
6588,89.009
6589,88.984
6590,88.992
6591,87.469
6592,86.11
6593,42.081
6594,41.531
6595,40.608
6596,40.974
6597,40.884
6598,41.422
6599,41.661
6600,41.564
6601,42.134
6602,42.706
6603,43.235
6604,43.929
6605,44.337
6606,45.109
6607,44.856
6608,44.777
6609,44.75
6610,44.77
6611,87.318
6612,87.459
6613,86.475
6614,87.224
6615,87.591
6616,87.748
6617,88.121
6618,86.923
6619,87.328
6620,87.666
6621,86.828
6622,87.666
6623,88.163
6624,87.612
6625,88.078
6626,88.742
6627,89.371
6628,88.882
6629,89.167
6630,89.84
6631,89.37
6632,88.533
6633,88.728
6634,89.233
6635,89.626
6636,90.1
6637,90.438
6638,90.708
6639,89.532
6640,88.24
6641,88.396
6642,87.004
6643,85.84
6644,44.075
6645,43.804
6646,87.045
6647,85.585
6648,86.902
6649,87.22
6650,86.098
6651,43.814
6652,87.076
6653,87.412
6654,87.705
6655,88.035
6656,88.277
6657,88.681
6658,87.306
6659,87.696
6660,86.4
6661,44.307
6662,44.404
6663,45.072
6664,45.034
6665,45.153
6666,45.76
6667,45.863
6668,46.848
6669,48.121
6670,48.423
6671,88.107
6672,87.44
6673,51.008
6674,51.785
6675,88.43
6676,88.091
6677,88.698
6678,88.314
6679,54.411
6680,54.626
6681,88.749
6682,89.345
6683,89.871
6684,90.416
6685,90.769
6686,91.279
6687,91.432
6688,91.88
6689,92.017
6690,92.363
6691,92.531
6692,91.153
6693,89.899
6694,88.648
6695,88.915
6696,88.98
6697,87.774
6698,86.659
6699,44.433
6700,87.335
6701,87.676
6702,87.994
6703,88.451
6704,88.816
6705,89.153
6706,89.401
6707,89.833
6708,89.982
6709,88.688
6710,89.061
6711,87.939
6712,86.632
6713,44.647
6714,45.303
6715,45.126
6716,45.709
6717,46.706
6718,47.616
6719,48.609
6720,50.245
6721,88.34
6722,88.995
6723,89.695
6724,90.366
6725,90.991
6726,90.684
6727,89.777
6728,89.873
6729,89.294
6730,89.27
6731,88.526
6732,87.305
6733,87.974
6734,88.127
6735,86.913
6736,44.154
6737,43.724
6738,42.647
6739,42.046
6740,41.701
6741,86.725
6742,85.249
6743,41.827
6744,42.015
6745,42.761
6746,43.184
6747,87.116
6748,86.065
6749,44.937
6750,87.573
6751,87.854
6752,88.241
6753,88.715
6754,88.948
6755,89.226
6756,89.498
6757,89.553
6758,89.828
6759,90.074
6760,90.3
6761,90.537
6762,90.763
6763,91.039
6764,91.229
6765,91.737
6766,92.055
6767,92.537
6768,93.113
6769,93.616
6770,94.205
6771,94.829
6772,95.496
6773,96.115
6774,96.664
6775,97.221
6776,97.657
6777,98.06
6778,98.411
6779,98.713
6780,99.018
6781,99.038
6782,97.466
6783,96.053
6784,94.408
6785,92.681
6786,91.205
6787,89.92
6788,88.589
6789,87.187
6790,85.88
6791,42.614
6792,42.893
6793,43.34
6794,43.487
6795,44.116
6796,87.306
6797,87.696
6798,86.729
6799,45.809
6800,45.684
6801,45.654
6802,45.081
6803,44.774
6804,44.965
6805,44.819
6806,43.908
6807,43.842
6808,43.705
6809,87.022
6810,85.822
6811,44.003
6812,44.45
6813,45.414
6814,46.36
6815,47.654
6816,49.281
6817,50.609
6818,52.194
6819,53.278
6820,54.529
6821,55.12
6822,88.872
6823,89.471
6824,89.978
6825,90.507
6826,90.797
6827,91.252
6828,91.42
6829,91.699
6830,91.838
6831,91.881
6832,91.942
6833,92.053
6834,92.031
6835,92.085
6836,92.218
6837,92.392
6838,92.325
6839,92.643
6840,92.785
6841,91.272
6842,90.174
6843,88.903
6844,87.86
6845,86.771
6846,44.778
6847,87.283
6848,87.726
6849,88.076
6850,86.823
6851,87.468
6852,87.762
6853,86.494
6854,87.222
6855,86.065
6856,44.004
6857,43.854
6858,44.474
6859,44.298
6860,44.723
6861,45.855
6862,87.58
6863,88.257
6864,87.507
6865,88.267
6866,87.757
6867,53.158
6868,88.747
6869,88.507
6870,55.36
6871,55.162
6872,55.175
6873,53.811
6874,52.467
6875,50.975
6876,49.195
6877,47.279
6878,46.858
6879,45.075
6880,43.939
6881,43.754
6882,43.046
6883,42.698
6884,86.915
6885,87.249
6886,87.418
6887,87.389
6888,87.77
6889,86.527
6890,43.798
6891,87.36
6892,86.135
6893,44.524
6894,87.392
6895,87.976
6896,88.14
6897,88.359
6898,88.715
6899,88.746
6900,89.104
6901,89.376
6902,88.002
6903,86.858
6904,43.609
6905,43.623
6906,43.876
6907,44.252
6908,44.507
6909,45.404
6910,46.15
6911,47.349
6912,88.008
6913,88.678
6914,88.162
6915,88.545
6916,89.245
6917,89.876
6918,90.51
6919,91.116
6920,91.554
6921,90.894
6922,89.721
6923,88.389
6924,87.063
6925,87.659
6926,86.393
6927,87.124
6928,85.651
6929,42.361
6930,41.32
6931,86.558
6932,86.543
6933,86.757
6934,86.853
6935,86.899
6936,87.085
6937,85.808
6938,86.983
6939,85.686
6940,43.77
6941,43.955
6942,44.431
6943,44.551
6944,44.36
6945,44.538
6946,44.012
6947,44.223
6948,87.159
6949,85.979
6950,43.958
6951,87.201
6952,87.381
6953,86.203
6954,44.839
6955,44.71
6956,45.287
6957,45.776
6958,47.058
6959,87.783
6960,87.124
6961,88.137
6962,88.762
6963,89.328
6964,89.936
6965,90.56
6966,91.197
6967,91.829
6968,92.356
6969,92.923
6970,93.338
6971,92.64
6972,91.461
6973,90.282
6974,89.068
6975,87.774
6976,86.311
6977,45.21
6978,44.57
6979,43.743
6980,43.521
6981,87.056
6982,85.844
6983,43.062
6984,42.918
6985,42.853
6986,43.478
6987,44.045
6988,43.869
6989,44.324
6990,87.147
6991,87.42
6992,87.985
6993,88.106
6994,88.389
6995,88.659
6996,88.802
6997,89.153
6998,89.285
6999,89.762
7000,90.035
7001,90.243
7002,90.676
7003,89.661
7004,89.979
7005,90.467
7006,90.92
7007,91.436
7008,90.7
7009,91.029
7010,91.541
7011,91.014
7012,91.221
7013,90.671
7014,90.92
7015,91.579
7016,91.113
7017,91.218
7018,91.746
7019,92.273
7020,92.703
7021,93.071
7022,93.497
7023,93.746
7024,92.767
7025,92.816
7026,92.941
7027,93.17
7028,93.284
7029,93.464
7030,93.588
7031,93.764
7032,93.95
7033,94.053
7034,94.43
7035,94.556
7036,94.71
7037,95.046
7038,95.218
7039,95.551
7040,95.838
7041,94.591
7042,93.457
7043,92.149
7044,90.715
7045,89.55
7046,88.333
7047,87.239
7048,85.93
7049,44.497
7050,44.997
7051,45.254
7052,45.921
7053,46.269
7054,47.066
7055,48.941
7056,49.866
7057,51.185
7058,52.332
7059,53.612
7060,54.184
7061,54.888
7062,88.867
7063,89.48
7064,89.009
7065,87.976
7066,88.627
7067,88.892
7068,88.004
7069,87.95
7070,88.169
7071,88.172
7072,86.888
7073,43.598
7074,42.528
7075,41.972
7076,41.484
7077,41.49
7078,41.469
7079,86.456
7080,85.167
7081,42.715
7082,86.975
7083,85.777
7084,44.515
7085,44.874
7086,87.466
7087,86.626
7088,87.535
7089,86.635
7090,87.664
7091,87.896
7092,88.095
7093,88.337
7094,88.573
7095,88.815
7096,87.413
7097,87.783
7098,87.903
7099,88.305
7100,88.635
7101,87.554
7102,87.959
7103,88.64
7104,89.267
7105,89.759
7106,90.46
7107,91.092
7108,91.766
7109,92.43
7110,93.022
7111,93.573
7112,93.047
7113,92.955
7114,93.382
7115,93.707
7116,93.989
7117,94.241
7118,94.256
7119,94.477
7120,93.018
7121,91.386
7122,89.931
7123,88.685
7124,87.282
7125,85.752
7126,41.989
7127,42.338
7128,42.747
7129,42.702
7130,87.06
7131,85.934
7132,44.571
7133,45.056
7134,87.645
7135,87.744
7136,88.071
7137,86.986
7138,87.545
7139,86.325
7140,87.304
7141,86.101
7142,43.443
7143,44.069
7144,87.028
7145,85.525
7146,86.919
7147,85.817
7148,44.566
7149,45.526
7150,46.0
7151,47.973
7152,49.319
7153,88.348
7154,87.892
7155,53.413
7156,54.364
7157,54.952
7158,55.347
7159,55.031
7160,54.417
7161,53.481
7162,88.501
7163,88.825
7164,89.044
7165,89.291
7166,89.579
7167,89.561
7168,89.813
7169,89.583
7170,89.802
7171,89.941
7172,89.889
7173,90.164
7174,90.231
7175,88.725
7176,89.196
7177,89.413
7178,89.788
7179,90.036
7180,90.245
7181,88.991
7182,89.397
7183,89.628
7184,89.926
7185,90.289
7186,90.47
7187,90.808
7188,90.975
7189,91.1
7190,91.37
7191,91.626
7192,91.579
7193,91.861
7194,92.019
7195,92.357
7196,92.607
7197,92.968
7198,93.315
7199,93.9
7200,94.369
7201,94.926
7202,95.465
7203,94.854
7204,94.032
7205,93.113
7206,92.238
7207,92.351
7208,91.794
7209,91.816
7210,92.206
7211,91.315
7212,89.958
7213,88.657
7214,87.256
7215,87.438
7216,87.555
7217,87.717
7218,86.267
7219,86.765
7220,85.295
7221,42.315
7222,42.447
7223,42.486
7224,43.003
7225,43.1
7226,43.966
7227,44.194
7228,44.171
7229,44.815
7230,44.926
7231,45.214
7232,45.197
7233,44.968
7234,44.72
7235,44.584
7236,44.282
7237,87.267
7238,87.456
7239,87.811
7240,87.97
7241,87.954
7242,88.437
7243,88.724
7244,88.956
7245,89.401
7246,89.752
7247,90.337
7248,90.883
7249,91.45
7250,92.106
7251,92.631
7252,92.21
7253,91.318
7254,90.5
7255,89.542
7256,88.648
7257,87.548
7258,51.336
7259,50.18
7260,47.974
7261,46.36
7262,44.81
7263,43.682
7264,42.754
7265,41.137
7266,41.094
7267,41.146
7268,40.326
7269,40.609
7270,41.406
7271,41.323
7272,41.986
7273,42.145
7274,42.265
7275,86.985
7276,87.27
7277,86.127
7278,43.88
7279,44.844
7280,44.383
7281,44.381
7282,44.617
7283,44.256
7284,43.702
7285,43.54
7286,43.977
7287,43.9
7288,44.001
7289,44.393
7290,44.13
7291,44.968
7292,87.438
7293,87.845
7294,88.228
7295,88.745
7296,89.288
7297,89.801
7298,90.418
7299,91.016
7300,91.597
7301,92.234
7302,92.815
7303,93.389
7304,93.923
7305,94.381
7306,94.894
7307,95.207
7308,95.602
7309,95.82
7310,95.987
7311,96.127
7312,96.24
7313,96.501
7314,96.587
7315,96.576
7316,96.705
7317,96.635
7318,96.639
7319,96.711
7320,97.015
7321,97.157
7322,97.171
7323,97.412
7324,97.446
7325,97.674
7326,97.806
7327,98.03
7328,98.097
7329,98.261
7330,98.462
7331,108.564
7332,108.653
7333,107.761
7334,108.108
7335,108.526
7336,110.121
7337,112.244
7338,112.455
7339,113.422
7340,115.636
7341,117.109
7342,117.484
7343,119.294
7344,120.415
7345,122.09
7346,122.929
7347,123.661
7348,124.2
7349,124.638
7350,125.27
7351,125.327
7352,125.618
7353,125.546
7354,125.401
7355,124.884
7356,124.473
7357,123.46
7358,122.65
7359,121.424
7360,119.659
7361,117.424
7362,116.037
7363,113.23
7364,110.253
7365,110.839
7366,109.277
7367,107.296
7368,108.181
7369,107.16
7370,106.826
7371,109.262
7372,110.978
7373,110.523
7374,110.615
7375,112.175
7376,112.501
7377,113.283
7378,112.268
7379,112.287
7380,112.396
7381,111.367
7382,111.251
7383,110.01
7384,110.239
7385,109.731
7386,110.814
7387,110.41
7388,112.955
7389,113.673
7390,116.604
7391,118.337
7392,120.074
7393,121.729
7394,123.501
7395,124.633
7396,125.62
7397,125.984
7398,126.277
7399,125.99
7400,125.428
7401,125.208
7402,124.058
7403,122.775
7404,120.793
7405,118.543
7406,115.144
7407,112.015
7408,107.396
7409,105.995
7410,100.856
7411,100.449
7412,97.794
7413,97.812
7414,97.912
7415,97.708
7416,98.022
7417,98.121
7418,103.014
7419,105.373
7420,109.319
7421,111.817
7422,112.324
7423,113.19
7424,114.067
7425,113.461
7426,112.698
7427,112.589
7428,112.598
7429,110.331
7430,109.002
7431,108.169
7432,106.631
7433,105.643
7434,106.284
7435,107.486
7436,109.11
7437,111.177
7438,112.762
7439,116.251
7440,118.055
7441,121.372
7442,122.814
7443,123.954
7444,125.215
7445,125.842
7446,125.837
7447,125.828
7448,125.71
7449,125.132
7450,123.932
7451,122.124
7452,120.271
7453,117.632
7454,115.864
7455,112.343
7456,109.633
7457,106.358
7458,105.33
7459,100.804
7460,100.733
7461,98.941
7462,100.77
7463,103.5
7464,102.655
7465,103.883
7466,104.486
7467,108.074
7468,109.07
7469,111.373
7470,112.28
7471,113.054
7472,114.362
7473,112.907
7474,112.053
7475,110.054
7476,108.752
7477,108.2
7478,106.524
7479,106.704
7480,106.611
7481,105.289
7482,107.779
7483,106.917
7484,109.178
7485,110.961
7486,114.449
7487,115.847
7488,119.163
7489,121.037
7490,123.129
7491,124.792
7492,125.379
7493,126.095
7494,126.213
7495,125.692
7496,125.571
7497,124.249
7498,123.736
7499,121.967
7500,119.434
7501,117.235
7502,114.53
7503,110.962
7504,109.127
7505,106.645
7506,103.806
7507,101.442
7508,100.066
7509,98.901
7510,98.996
7511,100.553
7512,102.093
7513,102.655
7514,102.265
7515,106.129
7516,107.041
7517,108.616
7518,109.568
7519,110.354
7520,111.459
7521,110.993
7522,111.393
7523,111.494
7524,107.866
7525,107.533
7526,108.202
7527,105.364
7528,106.61
7529,106.102
7530,106.467
7531,108.259
7532,109.165
7533,111.263
7534,114.209
7535,116.144
7536,118.477
7537,120.82
7538,122.615
7539,124.07
7540,125.079
7541,126.113
7542,126.081
7543,126.006
7544,125.491
7545,124.865
7546,123.636
7547,122.102
7548,119.97
7549,116.733
7550,113.953
7551,110.648
7552,107.532
7553,105.513
7554,100.234
7555,101.056
7556,100.935
7557,99.66
7558,103.333
7559,101.67
7560,104.98
7561,105.007
7562,106.351
7563,108.482
7564,109.592
7565,109.897
7566,111.666
7567,110.678
7568,111.932
7569,110.505
7570,109.882
7571,109.499
7572,107.339
7573,106.87
7574,107.559
7575,105.912
7576,105.514
7577,106.021
7578,105.23
7579,106.816
7580,108.344
7581,109.941
7582,112.64
7583,115.007
7584,118.032
7585,119.878
7586,122.424
7587,123.612
7588,124.556
7589,125.513
7590,125.673
7591,125.556
7592,125.047
7593,123.529
7594,122.478
7595,120.241
7596,117.379
7597,113.224
7598,110.179
7599,105.002
7600,101.027
7601,97.823
7602,97.734
7603,97.544
7604,97.445
7605,97.605
7606,97.378
7607,97.464
7608,97.615
7609,97.609
7610,97.912
7611,98.031
7612,98.175
7613,98.344
7614,109.314
7615,108.522
7616,108.106
7617,109.424
7618,108.254
7619,107.189
7620,106.896
7621,107.225
7622,106.844
7623,105.905
7624,107.38
7625,107.136
7626,107.484
7627,108.849
7628,111.283
7629,111.029
7630,113.079
7631,116.198
7632,117.496
7633,119.78
7634,120.974
7635,122.912
7636,123.526
7637,124.592
7638,124.805
7639,125.247
7640,125.486
7641,125.195
7642,124.517
7643,123.927
7644,122.581
7645,120.721
7646,118.727
7647,116.966
7648,113.295
7649,111.599
7650,108.091
7651,106.013
7652,104.835
7653,102.258
7654,102.346
7655,102.766
7656,103.69
7657,104.75
7658,105.033
7659,105.251
7660,105.652
7661,105.989
7662,107.55
7663,108.816
7664,106.945
7665,107.57
7666,107.731
7667,107.308
7668,107.216
7669,108.336
7670,107.706
7671,107.693
7672,108.337
7673,109.43
7674,111.175
7675,112.394
7676,115.137
7677,115.899
7678,117.899
7679,119.162
7680,120.142
7681,122.025
7682,122.437
7683,123.561
7684,123.825
7685,124.603
7686,124.78
7687,125.44
7688,125.471
7689,125.577
7690,125.033
7691,124.443
7692,124.135
7693,123.301
7694,121.617
7695,120.88
7696,119.005
7697,116.764
7698,115.108
7699,113.199
7700,110.817
7701,108.112
7702,108.579
7703,107.259
7704,107.337
7705,106.722
7706,107.877
7707,106.985
7708,107.982
7709,110.583
7710,111.364
7711,112.548
7712,112.532
7713,111.963
7714,111.797
7715,111.46
7716,109.652
7717,110.505
7718,109.513
7719,109.936
7720,110.341
7721,108.293
7722,109.968
7723,110.553
7724,111.904
7725,113.395
7726,116.285
7727,118.143
7728,119.497
7729,121.744
7730,123.059
7731,124.474
7732,125.165
7733,126.086
7734,126.115
7735,126.087
7736,125.682
7737,125.04
7738,123.621
7739,122.204
7740,119.802
7741,118.107
7742,114.947
7743,110.301
7744,107.79
7745,105.357
7746,101.553
7747,97.997
7748,97.886
7749,97.742
7750,97.862
7751,97.793
7752,97.775
7753,97.951
7754,98.237
7755,105.358
7756,108.116
7757,109.631
7758,110.879
7759,112.048
7760,113.463
7761,113.84
7762,113.08
7763,112.18
7764,111.949
7765,108.476
7766,107.75
7767,106.151
7768,106.114
7769,105.84
7770,105.505
7771,106.398
7772,109.449
7773,111.75
7774,112.497
7775,115.281
7776,118.837
7777,120.177
7778,122.486
7779,123.544
7780,124.817
7781,125.505
7782,125.683
7783,125.591
7784,125.522
7785,125.017
7786,123.678
7787,122.035
7788,119.626
7789,118.117
7790,115.247
7791,111.291
7792,108.568
7793,106.026
7794,103.429
7795,100.099
7796,99.538
7797,97.779
7798,97.874
7799,100.084
7800,102.84
7801,101.517
7802,106.388
7803,106.18
7804,108.124
7805,110.717
7806,110.45
7807,111.664
7808,111.525
7809,111.461
7810,111.287
7811,110.166
7812,110.329
7813,108.124
7814,105.553
7815,105.923
7816,104.795
7817,105.351
7818,106.565
7819,105.578
7820,109.372
7821,110.576
7822,113.109
7823,116.024
7824,118.544
7825,120.983
7826,122.882
7827,124.233
7828,125.138
7829,125.918
7830,126.091
7831,125.741
7832,125.396
7833,124.752
7834,123.435
7835,120.891
7836,119.379
7837,117.485
7838,114.091
7839,109.954
7840,107.362
7841,105.352
7842,101.396
7843,101.015
7844,99.445
7845,97.913
7846,97.992
7847,98.304
7848,101.227
7849,99.633
7850,102.025
7851,104.189
7852,104.887
7853,107.58
7854,107.927
7855,108.416
7856,109.952
7857,110.034
7858,109.669
7859,110.269
7860,107.746
7861,108.593
7862,107.963
7863,105.503
7864,104.74
7865,105.278
7866,104.621
7867,106.534
7868,108.202
7869,110.955
7870,112.713
7871,116.152
7872,118.047
7873,120.339
7874,121.809
7875,124.045
7876,124.901
7877,125.351
7878,125.935
7879,125.772
7880,125.562
7881,124.522
7882,123.615
7883,122.162
7884,119.71
7885,116.65
7886,112.966
7887,109.738
7888,107.445
7889,105.489
7890,102.57
7891,100.5
7892,98.776
7893,100.121
7894,99.434
7895,101.207
7896,102.838
7897,104.242
7898,105.461
7899,106.96
7900,107.526
7901,109.004
7902,110.517
7903,108.995
7904,110.543
7905,110.174
7906,110.538
7907,109.622
7908,107.138
7909,107.189
7910,105.921
7911,105.809
7912,104.621
7913,104.036
7914,106.753
7915,107.156
7916,108.177
7917,109.918
7918,113.156
7919,115.546
7920,118.316
7921,119.846
7922,121.979
7923,123.65
7924,124.567
7925,125.462
7926,125.488
7927,125.314
7928,124.69
7929,123.959
7930,122.226
7931,119.531
7932,116.826
7933,113.676
7934,108.948
7935,104.808
7936,100.162
7937,97.68
7938,97.901
7939,97.463
7940,97.458
7941,97.234
7942,97.22
7943,97.173
7944,97.24
7945,97.351
7946,97.628
7947,97.741
7948,97.833
7949,98.126
7950,98.352
7951,98.485
7952,108.506
7953,106.317
7954,107.37
7955,106.332
7956,106.904
7957,105.408
7958,105.138
7959,103.785
7960,106.789
7961,105.38
7962,106.893
7963,108.35
7964,110.208
7965,111.107
7966,113.767
7967,113.442
7968,117.135
7969,118.793
7970,120.075
7971,121.813
7972,123.401
7973,124.445
7974,124.834
7975,125.186
7976,125.047
7977,125.085
7978,124.356
7979,123.64
7980,122.089
7981,120.419
7982,118.411
7983,116.539
7984,113.727
7985,110.23
7986,106.766
7987,105.342
7988,104.107
7989,103.906
7990,100.529
7991,102.94
7992,101.521
7993,102.278
7994,103.594
7995,104.86
7996,105.698
7997,106.322
7998,106.098
7999,106.502
8000,106.849
8001,107.455
8002,108.034
8003,106.987
8004,106.669
8005,107.528
8006,106.961
8007,107.611
8008,108.087
8009,109.282
8010,109.323
8011,110.958
8012,114.124
8013,115.499
8014,117.252
8015,118.59
8016,120.096
8017,120.978
8018,122.141
8019,122.702
8020,123.838
8021,124.267
8022,124.798
8023,125.427
8024,124.958
8025,125.235
8026,125.209
8027,124.566
8028,123.717
8029,122.878
8030,122.302
8031,120.724
8032,118.452
8033,116.345
8034,114.329
8035,111.984
8036,111.113
8037,107.335
8038,105.642
8039,104.629
8040,104.279
8041,105.145
8042,106.781
8043,107.377
8044,107.698
8045,108.744
8046,109.89
8047,111.221
8048,111.649
8049,111.084
8050,111.245
8051,110.699
8052,109.962
8053,110.271
8054,109.605
8055,106.775
8056,108.4
8057,107.91
8058,107.921
8059,110.815
8060,110.969
8061,113.323
8062,115.771
8063,117.664
8064,119.508
8065,121.298
8066,122.944
8067,124.469
8068,125.134
8069,125.535
8070,126.051
8071,126.021
8072,125.322
8073,124.912
8074,123.718
8075,122.004
8076,119.632
8077,117.274
8078,114.483
8079,111.585
8080,105.961
8081,102.834
8082,100.962
8083,97.91
8084,97.789
8085,97.621
8086,97.617
8087,97.537
8088,97.699
8089,97.557
8090,97.766
8091,98.007
8092,98.391
8093,107.78
8094,111.346
8095,111.724
8096,110.856
8097,112.631
8098,111.608
8099,110.7
8100,108.696
8101,108.073
8102,106.629
8103,104.895
8104,104.643
8105,104.823
8106,103.535
8107,104.393
8108,106.861
8109,109.948
8110,112.625
8111,115.395
8112,117.839
8113,119.899
8114,121.824
8115,123.796
8116,124.582
8117,125.159
8118,125.723
8119,125.612
8120,125.304
8121,124.667
8122,123.049
8123,121.423
8124,119.653
8125,116.203
8126,113.288
8127,111.391
8128,106.285
8129,102.419
8130,101.141
8131,99.281
8132,98.062
8133,97.79
8134,97.872
8135,97.973
8136,101.231
8137,100.734
8138,103.95
8139,105.101
8140,108.385
8141,109.682
8142,108.568
8143,111.746
8144,110.217
8145,110.515
8146,110.314
8147,108.652
8148,108.698
8149,106.9
8150,105.729
8151,105.292
8152,104.014
8153,102.4
8154,102.133
8155,104.948
8156,106.932
8157,109.471
8158,113.124
8159,115.758
8160,117.876
8161,121.009
8162,122.464
8163,123.871
8164,124.821
8165,125.67
8166,125.929
8167,125.564
8168,124.977
8169,124.226
8170,122.841
8171,121.055
8172,118.94
8173,115.965
8174,112.867
8175,109.475
8176,106.931
8177,104.811
8178,103.014
8179,99.849
8180,97.764
8181,97.882
8182,97.854
8183,97.909
8184,99.495
8185,100.814
8186,101.557
8187,104.705
8188,104.201
8189,106.73
8190,106.584
8191,108.001
8192,108.55
8193,110.089
8194,109.426
8195,109.322
8196,107.777
8197,105.86
8198,105.947
8199,106.135
8200,103.04
8201,104.651
8202,103.781
8203,105.911
8204,107.334
8205,111.345
8206,111.481
8207,114.603
8208,118.219
8209,119.861
8210,122.379
8211,123.696
8212,124.737
8213,125.316
8214,125.459
8215,125.739
8216,125.364
8217,124.506
8218,123.563
8219,120.354
8220,118.913
8221,115.176
8222,111.713
8223,110.363
8224,106.463
8225,103.313
8226,100.722
8227,99.734
8228,98.867
8229,99.56
8230,100.279
8231,97.762
8232,97.748
8233,102.868
8234,105.869
8235,105.619
8236,107.664
8237,109.097
8238,108.638
8239,109.421
8240,109.246
8241,109.935
8242,108.475
8243,107.568
8244,107.38
8245,105.691
8246,104.274
8247,103.401
8248,104.619
8249,102.702
8250,104.674
8251,105.165
8252,108.263
8253,109.27
8254,112.915
8255,115.169
8256,116.939
8257,118.868
8258,121.237
8259,123.08
8260,124.537
8261,125.048
8262,125.404
8263,125.348
8264,124.728
8265,123.614
8266,121.459
8267,119.646
8268,115.932
8269,112.522
8270,108.566
8271,102.777
8272,97.94
8273,97.736
8274,97.438
8275,97.473
8276,97.379
8277,97.277
8278,97.03
8279,97.013
8280,97.179
8281,97.395
8282,97.466
8283,97.615
8284,97.626
8285,97.944
8286,98.085
8287,98.246
8288,98.186
8289,106.89
8290,106.451
8291,105.953
8292,104.132
8293,104.866
8294,103.826
8295,106.309
8296,105.39
8297,105.047
8298,106.983
8299,108.144
8300,108.466
8301,110.522
8302,111.697
8303,114.874
8304,116.662
8305,118.766
8306,119.997
8307,121.381
8308,123.03
8309,124.023
8310,124.551
8311,124.974
8312,125.128
8313,124.95
8314,124.263
8315,123.359
8316,121.735
8317,120.416
8318,117.914
8319,115.541
8320,113.042
8321,108.364
8322,105.279
8323,104.782
8324,102.586
8325,100.717
8326,99.964
8327,99.001
8328,101.605
8329,102.124
8330,101.415
8331,102.832
8332,104.939
8333,103.963
8334,107.153
8335,105.599
8336,104.359
8337,107.185
8338,107.87
8339,105.744
8340,106.089
8341,106.082
8342,106.012
8343,106.921
8344,106.662
8345,108.34
8346,109.179
8347,111.316
8348,113.362
8349,115.114
8350,116.508
8351,117.649
8352,119.482
8353,120.808
8354,121.589
8355,122.982
8356,123.633
8357,124.442
8358,124.72
8359,124.883
8360,125.117
8361,124.692
8362,124.81
8363,124.451
8364,123.835
8365,122.534
8366,121.279
8367,119.821
8368,117.61
8369,116.137
8370,112.538
8371,110.911
8372,110.146
8373,106.662
8374,105.045
8375,104.764
8376,104.387
8377,105.957
8378,103.766
8379,105.182
8380,108.259
8381,109.015
8382,110.098
8383,110.627
8384,110.737
8385,110.782
8386,111.227
8387,110.839
8388,109.944
8389,107.865
8390,108.924
8391,106.996
8392,105.339
8393,107.383
8394,107.639
8395,109.558
8396,110.664
8397,112.027
8398,113.704
8399,117.257
8400,118.671
8401,120.864
8402,122.427
8403,123.934
8404,124.891
8405,125.458
8406,125.99
8407,125.789
8408,125.548
8409,124.268
8410,123.946
8411,120.965
8412,119.867
8413,116.754
8414,113.784
8415,109.179
8416,104.862
8417,100.712
8418,99.444
8419,97.748
8420,97.788
8421,97.526
8422,97.562
8423,97.476
8424,97.518
8425,97.713
8426,97.615
8427,98.051
8428,98.133
8429,98.479
8430,109.879
8431,111.039
8432,111.638
8433,111.805
8434,111.175
8435,110.542
8436,109.283
8437,107.111
8438,106.331
8439,104.872
8440,103.617
8441,104.252
8442,104.135
8443,104.178
8444,107.24
8445,109.689
8446,112.482
8447,114.844
8448,116.939
8449,119.863
8450,122.179
8451,123.083
8452,124.52
8453,125.105
8454,125.474
8455,125.357
8456,125.175
8457,124.404
8458,123.365
8459,122.095
8460,119.796
8461,115.945
8462,113.533
8463,110.25
8464,107.203
8465,104.122
8466,100.804
8467,97.685
8468,97.911
8469,97.83
8470,97.778
8471,97.978
8472,97.793
8473,98.077
8474,98.155
8475,104.219
8476,106.588
8477,108.037
8478,108.567
8479,111.227
8480,110.816
8481,109.346
8482,108.872
8483,108.464
8484,106.206
8485,106.714
8486,103.195
8487,102.082
8488,101.848
8489,102.089
8490,102.628
8491,102.572
8492,105.616
8493,109.183
8494,112.289
8495,113.731
8496,118.115
8497,120.54
8498,122.436
8499,123.961
8500,125.06
8501,125.397
8502,125.69
8503,125.772
8504,124.881
8505,124.014
8506,122.283
8507,120.725
8508,117.711
8509,115.449
8510,111.755
8511,108.497
8512,106.619
8513,101.057
8514,101.314
8515,98.022
8516,97.873
8517,97.761
8518,97.726
8519,97.8
8520,97.842
8521,97.83
8522,98.071
8523,102.626
8524,105.173
8525,104.923
8526,107.336
8527,106.445
8528,108.427
8529,108.006
8530,108.75
8531,108.811
8532,106.577
8533,105.432
8534,105.206
8535,103.052
8536,103.701
8537,103.44
8538,104.396
8539,105.163
8540,106.877
8541,108.816
8542,112.352
8543,114.136
8544,116.873
8545,119.237
8546,121.913
8547,123.528
8548,124.466
8549,125.289
8550,125.73
8551,125.767
8552,125.185
8553,123.886
8554,122.452
8555,121.642
8556,118.307
8557,114.791
8558,110.581
8559,109.106
8560,103.451
8561,101.817
8562,100.575
8563,98.132
8564,97.847
8565,97.897
8566,97.902
8567,98.033
8568,97.939
8569,102.24
8570,103.482
8571,105.985
8572,107.212
8573,107.167
8574,107.252
8575,109.729
8576,108.863
8577,109.115
8578,107.529
8579,105.698
8580,105.678
8581,104.314
8582,105.364
8583,103.161
8584,101.613
8585,101.183
8586,103.2
8587,103.79
8588,107.209
8589,109.844
8590,109.599
8591,114.404
8592,116.673
8593,119.043
8594,121.528
8595,123.433
8596,124.156
8597,124.957
8598,125.459
8599,125.121
8600,124.331
8601,123.563
8602,121.453
8603,119.09
8604,116.501
8605,111.373
8606,107.22
8607,102.199
8608,97.843
8609,97.738
8610,97.434
8611,97.224
8612,97.209
8613,96.93
8614,97.183
8615,96.977
8616,96.962
8617,97.105
8618,97.124
8619,97.245
8620,97.301
8621,97.722
8622,97.713
8623,97.945
8624,97.964
8625,98.182
8626,98.115
8627,98.235
8628,104.821
8629,102.921
8630,102.932
8631,101.829
8632,103.895
8633,104.098
8634,106.214
8635,105.579
8636,107.037
8637,110.095
8638,112.385
8639,114.302
8640,116.463
8641,118.369
8642,120.231
8643,121.415
8644,122.887
8645,124.085
8646,124.453
8647,124.577
8648,124.684
8649,124.582
8650,123.773
8651,122.747
8652,121.504
8653,119.578
8654,116.557
8655,114.723
8656,111.085
8657,109.545
8658,107.318
8659,103.629
8660,102.0
8661,100.212
8662,100.176
8663,100.85
8664,98.814
8665,102.027
8666,101.953
8667,101.887
8668,103.791
8669,103.744
8670,105.374
8671,105.165
8672,105.562
8673,105.032
8674,104.447
8675,104.946
8676,105.124
8677,105.227
8678,104.062
8679,104.683
8680,105.231
8681,107.397
8682,109.405
8683,108.707
8684,112.667
8685,114.408
8686,116.754
8687,117.584
8688,119.482
8689,120.313
8690,120.722
8691,121.969
8692,123.238
8693,123.694
8694,124.547
8695,124.55
8696,125.224
8697,124.978
8698,124.91
8699,124.088
8700,123.202
8701,122.415
8702,121.265
8703,119.137
8704,116.794
8705,115.886
8706,112.654
8707,110.798
8708,108.685
8709,106.941
8710,105.252
8711,103.039
8712,103.079
8713,102.69
8714,102.154
8715,105.971
8716,107.432
8717,109.029
8718,109.559
8719,108.399
8720,110.591
8721,109.178
8722,110.135
8723,109.529
8724,108.932
8725,107.659
8726,107.957
8727,107.672
8728,106.129
8729,106.072
8730,105.986
8731,107.78
8732,109.851
8733,111.311
8734,113.955
8735,115.945
8736,118.584
8737,120.491
8738,122.625
8739,123.847
8740,124.731
8741,125.464
8742,125.573
8743,125.692
8744,125.239
8745,124.576
8746,123.378
8747,122.203
8748,119.067
8749,115.278
8750,113.224
8751,110.078
8752,105.809
8753,101.372
8754,97.763
8755,97.688
8756,97.614
8757,97.513
8758,97.318
8759,97.417
8760,97.474
8761,97.442
8762,97.649
8763,97.77
8764,97.995
8765,98.218
8766,98.398
8767,110.59
8768,110.66
8769,111.148
8770,111.281
8771,109.526
8772,108.102
8773,106.221
8774,105.761
8775,104.102
8776,101.675
8777,101.326
8778,102.887
8779,103.737
8780,105.793
8781,109.166
8782,111.801
8783,113.516
8784,117.27
8785,119.683
8786,121.712
8787,123.318
8788,124.668
8789,125.193
8790,125.504
8791,125.435
8792,125.103
8793,124.493
8794,122.93
8795,120.963
8796,118.994
8797,116.624
8798,113.591
8799,109.783
8800,103.801
8801,101.672
8802,99.345
8803,98.318
8804,97.77
8805,97.754
8806,97.777
8807,97.864
8808,97.86
8809,97.934
8810,98.032
8811,103.725
8812,105.071
8813,107.613
8814,108.93
8815,109.865
8816,110.373
8817,108.543
8818,110.496
8819,107.342
8820,106.736
8821,104.892
8822,103.382
8823,102.915
8824,101.042
8825,98.954
8826,101.831
8827,104.075
8828,105.737
8829,108.155
8830,111.896
8831,113.845
8832,117.191
8833,120.124
8834,121.828
8835,123.754
8836,124.57
8837,125.364
8838,125.621
8839,125.251
8840,125.091
8841,123.982
8842,122.323
8843,120.719
8844,117.128
8845,114.692
8846,111.222
8847,108.164
8848,103.351
8849,102.612
8850,97.932
8851,97.828
8852,97.711
8853,97.629
8854,97.705
8855,97.54
8856,97.777
8857,97.629
8858,97.812
8859,98.015
8860,98.09
8861,105.38
8862,105.403
8863,106.679
8864,106.794
8865,106.665
8866,107.198
8867,105.274
8868,104.544
8869,103.897
8870,103.709
8871,102.657
8872,104.202
8873,102.846
8874,101.587
8875,103.111
8876,105.068
8877,107.975
8878,110.514
8879,114.58
8880,117.49
8881,119.248
8882,121.558
8883,123.03
8884,124.5
8885,124.999
8886,125.505
8887,125.581
8888,125.129
8889,124.179
8890,121.758
8891,120.626
8892,117.698
8893,115.149
8894,111.314
8895,107.352
8896,101.176
8897,102.626
8898,98.018
8899,97.856
8900,97.774
8901,97.759
8902,97.817
8903,97.824
8904,97.882
8905,98.007
8906,98.19
8907,105.405
8908,105.988
8909,106.616
8910,107.185
8911,107.758
8912,107.469
8913,107.467
8914,105.989
8915,106.023
8916,103.832
8917,101.599
8918,103.533
8919,101.733
8920,102.524
8921,102.332
8922,103.139
8923,104.451
8924,105.297
8925,106.926
8926,109.934
8927,113.494
8928,115.351
8929,119.242
8930,120.635
8931,122.745
8932,124.127
8933,124.541
8934,124.929
8935,124.966
8936,124.485
8937,123.26
8938,121.955
8939,119.379
8940,115.774
8941,111.928
8942,106.63
8943,101.433
8944,97.634
8945,97.622
8946,97.352
8947,97.205
8948,96.884
8949,97.005
8950,96.795
8951,96.658
8952,96.866
8953,96.737
8954,97.016
8955,97.102
8956,97.241
8957,97.46
8958,97.555
8959,97.531
8960,97.784
8961,97.928
8962,97.966
8963,98.005
8964,98.094
8965,98.129
8966,102.206
8967,101.827
8968,102.886
8969,103.833
8970,104.774
8971,106.748
8972,107.753
8973,110.135
8974,112.36
8975,113.65
8976,115.841
8977,118.423
8978,119.832
8979,121.065
8980,122.636
8981,123.881
8982,124.382
8983,124.619
8984,124.606
8985,124.309
8986,123.793
8987,122.889
8988,121.663
8989,118.892
8990,116.714
8991,114.624
8992,110.917
8993,107.092
8994,105.199
8995,102.994
8996,98.52
8997,98.899
8998,98.221
8999,100.059
9000,98.421
9001,98.856
9002,101.287
9003,100.55
9004,103.283
9005,104.905
9006,103.677
9007,104.506
9008,103.977
9009,102.917
9010,103.806
9011,104.981
9012,105.256
9013,104.345
9014,102.842
9015,105.963
9016,105.674
9017,106.223
9018,107.263
9019,109.415
9020,111.822
9021,113.782
9022,115.441
9023,117.794
9024,118.311
9025,119.782
9026,121.334
9027,121.874
9028,123.0
9029,123.901
9030,124.57
9031,124.683
9032,124.812
9033,124.721
9034,124.452
9035,123.937
9036,123.51
9037,122.15
9038,120.566
9039,119.113
9040,117.58
9041,114.847
9042,112.289
9043,110.439
9044,107.384
9045,106.053
9046,104.651
9047,102.443
9048,104.897
9049,102.814
9050,104.443
9051,106.056
9052,105.273
9053,108.234
9054,108.687
9055,108.818
9056,108.484
9057,109.472
9058,108.492
9059,108.448
9060,106.893
9061,106.337
9062,105.707
9063,105.864
9064,105.779
9065,105.485
9066,104.753
9067,107.54
9068,108.7
9069,111.679
9070,113.632
9071,116.701
9072,118.604
9073,120.699
9074,121.993
9075,123.839
9076,124.523
9077,125.32
9078,125.7
9079,125.586
9080,125.174
9081,124.647
9082,122.763
9083,121.281
9084,118.62
9085,115.545
9086,112.896
9087,106.94
9088,103.988
9089,101.187
9090,97.827
9091,97.714
9092,97.523
9093,97.554
9094,97.397
9095,97.396
9096,97.25
9097,97.431
9098,97.542
9099,97.681
9100,97.804
9101,98.247
9102,98.407
9103,109.821
9104,109.89
9105,110.046
9106,109.71
9107,108.988
9108,107.946
9109,107.01
9110,103.584
9111,102.54
9112,101.744
9113,101.658
9114,101.324
9115,103.395
9116,103.843
9117,107.352
9118,111.639
9119,113.409
9120,116.393
9121,119.208
9122,121.591
9123,122.963
9124,124.453
9125,125.065
9126,125.5
9127,125.413
9128,124.968
9129,123.65
9130,122.814
9131,120.69
9132,117.955
9133,116.227
9134,113.216
9135,107.709
9136,103.918
9137,101.291
9138,97.872
9139,97.78
9140,97.767
9141,97.638
9142,97.596
9143,97.586
9144,97.716
9145,97.838
9146,97.833
9147,98.012
9148,98.168
9149,107.553
9150,108.814
9151,107.352
9152,108.777
9153,109.511
9154,108.691
9155,107.422
9156,105.829
9157,104.945
9158,103.11
9159,102.45
9160,99.78
9161,99.604
9162,101.09
9163,103.348
9164,104.313
9165,107.919
9166,109.308
9167,114.384
9168,116.729
9169,119.19
9170,122.305
9171,123.288
9172,124.611
9173,125.213
9174,125.242
9175,125.39
9176,124.526
9177,123.808
9178,122.79
9179,120.09
9180,116.713
9181,114.62
9182,111.505
9183,107.473
9184,105.121
9185,101.155
9186,98.472
9187,97.908
9188,97.782
9189,97.542
9190,97.642
9191,97.722
9192,97.665
9193,97.667
9194,97.705
9195,97.846
9196,98.059
9197,98.11
9198,104.67
9199,106.828
9200,106.777
9201,106.873
9202,105.813
9203,105.607
9204,106.452
9205,103.718
9206,102.817
9207,100.681
9208,101.542
9209,101.192
9210,104.984
9211,101.022
9212,105.846
9213,107.368
9214,110.471
9215,113.639
9216,116.908
9217,119.71
9218,121.032
9219,122.639
9220,124.325
9221,124.792
9222,125.342
9223,125.414
9224,124.944
9225,123.912
9226,122.31
9227,120.639
9228,117.495
9229,114.49
9230,110.635
9231,108.147
9232,103.884
9233,100.522
9234,97.818
9235,97.723
9236,97.602
9237,97.421
9238,97.639
9239,97.713
9240,97.82
9241,97.773
9242,97.884
9243,98.201
9244,98.274
9245,107.398
9246,108.464
9247,108.0
9248,107.869
9249,107.726
9250,107.32
9251,105.994
9252,105.618
9253,103.504
9254,103.619
9255,101.322
9256,100.051
9257,101.075
9258,100.822
9259,103.809
9260,103.95
9261,107.401
9262,109.87
9263,112.98
9264,115.323
9265,117.876
9266,121.272
9267,122.521
9268,123.998
9269,124.633
9270,125.189
9271,125.187
9272,124.031
9273,123.396
9274,121.069
9275,118.513
9276,115.0
9277,110.085
9278,105.057
9279,98.818
9280,97.802
9281,97.674
9282,97.464
9283,97.336
9284,97.15
9285,96.838
9286,96.694
9287,96.8
9288,96.819
9289,96.915
9290,97.151
9291,97.026
9292,97.284
9293,97.217
9294,97.342
9295,97.467
9296,97.709
9297,97.698
9298,97.978
9299,97.839
9300,97.942
9301,98.055
9302,97.86
9303,98.139
9304,98.069
9305,102.827
9306,104.373
9307,106.289
9308,107.167
9309,108.875
9310,111.742
9311,113.471
9312,115.885
9313,117.996
9314,118.986
9315,121.23
9316,122.591
9317,123.392
9318,124.219
9319,124.549
9320,124.36
9321,124.155
9322,123.919
9323,122.721
9324,120.981
9325,118.846
9326,116.57
9327,112.233
9328,110.529
9329,107.469
9330,105.69
9331,103.002
9332,101.371
9333,99.453
9334,97.811
9335,97.888
9336,97.756
9337,97.782
9338,97.876
9339,97.993
9340,98.094
9341,102.093
9342,102.454
9343,102.729
9344,104.928
9345,102.277
9346,103.804
9347,103.401
9348,103.037
9349,103.865
9350,104.88
9351,104.512
9352,105.85
9353,105.863
9354,106.54
9355,108.705
9356,111.819
9357,112.631
9358,115.37
9359,117.272
9360,118.213
9361,120.011
9362,121.121
9363,121.899
9364,123.317
9365,123.652
9366,124.327
9367,124.609
9368,124.575
9369,124.756
9370,124.399
9371,123.836
9372,123.217
9373,121.874
9374,120.535
9375,118.654
9376,117.17
9377,114.297
9378,112.429
9379,109.186
9380,106.101
9381,103.788
9382,103.307
9383,104.013
9384,101.91
9385,102.26
9386,103.859
9387,104.079
9388,106.067
9389,105.941
9390,107.067
9391,109.291
9392,108.798
9393,110.048
9394,109.37
9395,109.203
9396,108.2
9397,107.189
9398,106.389
9399,105.119
9400,103.692
9401,105.86
9402,105.929
9403,107.929
9404,109.833
9405,111.338
9406,113.081
9407,115.63
9408,118.574
9409,120.622
9410,122.341
9411,123.805
9412,124.966
9413,125.19
9414,125.76
9415,125.597
9416,125.258
9417,124.391
9418,122.871
9419,121.206
9420,118.345
9421,115.268
9422,112.601
9423,108.475
9424,103.86
9425,99.31
9426,97.678
9427,97.538
9428,97.311
9429,97.192
9430,97.344
9431,97.283
9432,97.232
9433,97.334
9434,97.338
9435,97.554
9436,97.722
9437,97.947
9438,98.17
9439,98.483
9440,112.639
9441,110.818
9442,110.513
9443,108.239
9444,107.791
9445,105.889
9446,104.942
9447,102.986
9448,102.437
9449,100.964
9450,100.594
9451,102.735
9452,105.423
9453,107.98
9454,111.152
9455,114.386
9456,115.661
9457,119.076
9458,121.234
9459,123.009
9460,124.134
9461,125.04
9462,125.476
9463,125.41
9464,124.966
9465,123.782
9466,122.723
9467,120.731
9468,119.434
9469,114.968
9470,112.633
9471,108.601
9472,104.97
9473,102.014
9474,99.569
9475,97.829
9476,97.763
9477,97.744
9478,97.602
9479,97.674
9480,97.599
9481,97.865
9482,97.901
9483,98.053
9484,98.322
9485,107.245
9486,108.306
9487,109.47
9488,108.464
9489,108.317
9490,108.604
9491,107.05
9492,106.765
9493,103.355
9494,102.646
9495,100.603
9496,100.33
9497,98.034
9498,98.01
9499,104.097
9500,104.061
9501,106.02
9502,110.4
9503,114.164
9504,116.751
9505,119.406
9506,121.482
9507,123.497
9508,124.399
9509,125.039
9510,125.246
9511,125.229
9512,124.831
9513,123.794
9514,121.953
9515,119.941
9516,117.459
9517,113.887
9518,111.187
9519,106.6
9520,103.745
9521,99.505
9522,99.716
9523,97.789
9524,97.799
9525,97.517
9526,97.378
9527,97.497
9528,97.555
9529,97.655
9530,97.568
9531,97.766
9532,97.885
9533,98.003
9534,98.147
9535,98.244
9536,107.42
9537,106.104
9538,106.42
9539,106.155
9540,103.734
9541,103.137
9542,103.183
9543,102.986
9544,102.061
9545,102.409
9546,100.75
9547,102.924
9548,106.009
9549,108.121
9550,109.757
9551,113.524
9552,116.341
9553,119.06
9554,121.036
9555,123.529
9556,124.473
9557,125.09
9558,125.516
9559,125.519
9560,124.94
9561,123.945
9562,122.515
9563,120.514
9564,117.54
9565,113.729
9566,111.614
9567,107.52
9568,102.913
9569,99.447
9570,97.84
9571,97.883
9572,97.759
9573,97.547
9574,97.584
9575,97.76
9576,97.63
9577,97.985
9578,97.923
9579,98.125
9580,98.123
9581,105.117
9582,107.188
9583,105.647
9584,107.478
9585,108.127
9586,105.758
9587,105.99
9588,104.97
9589,103.955
9590,103.136
9591,102.998
9592,100.379
9593,100.886
9594,102.88
9595,102.463
9596,104.267
9597,106.753
9598,109.321
9599,112.931
9600,115.908
9601,119.133
9602,121.475
9603,122.612
9604,123.583
9605,124.448
9606,124.853
9607,124.903
9608,123.926
9609,122.893
9610,121.282
9611,117.817
9612,114.759
9613,110.176
9614,106.978
9615,99.253
9616,97.844
9617,97.508
9618,97.196
9619,97.022
9620,96.908
9621,96.645
9622,96.786
9623,96.576
9624,96.607
9625,96.77
9626,96.75
9627,96.856
9628,97.04
9629,97.233
9630,97.314
9631,97.608
9632,97.564
9633,97.81
9634,97.574
9635,97.736
9636,97.857
9637,97.908
9638,97.893
9639,97.921
9640,98.032
9641,98.075
9642,104.868
9643,105.037
9644,106.716
9645,108.052
9646,111.653
9647,114.075
9648,115.395
9649,118.467
9650,119.252
9651,121.233
9652,122.397
9653,123.318
9654,124.253
9655,124.346
9656,124.516
9657,124.647
9658,123.43
9659,122.471
9660,121.268
9661,119.194
9662,116.673
9663,113.904
9664,111.164
9665,106.826
9666,105.064
9667,100.886
9668,100.01
9669,98.062
9670,97.757
9671,97.938
9672,97.87
9673,97.847
9674,97.893
9675,101.007
9676,101.392
9677,101.491
9678,102.348
9679,102.773
9680,103.173
9681,103.772
9682,101.794
9683,104.655
9684,101.736
9685,102.174
9686,103.102
9687,104.17
9688,105.804
9689,106.589
9690,106.799
9691,110.002
9692,111.051
9693,113.724
9694,115.22
9695,117.017
9696,118.533
9697,119.587
9698,121.119
9699,122.25
9700,123.281
9701,124.12
9702,124.523
9703,124.577
9704,124.678
9705,124.633
9706,124.128
9707,123.572
9708,123.357
9709,122.453
9710,121.01
9711,118.829
9712,116.528
9713,113.882
9714,111.838
9715,109.754
9716,106.923
9717,104.993
9718,103.948
9719,102.342
9720,102.154
9721,102.37
9722,102.856
9723,103.779
9724,105.294
9725,106.565
9726,108.948
9727,108.345
9728,108.556
9729,109.477
9730,108.044
9731,109.064
9732,107.655
9733,105.67
9734,105.274
9735,105.865
9736,104.488
9737,103.558
9738,104.16
9739,105.969
9740,108.449
9741,110.3
9742,114.08
9743,114.436
9744,118.522
9745,120.826
9746,121.757
9747,123.52
9748,124.571
9749,125.259
9750,125.673
9751,125.338
9752,125.043
9753,124.216
9754,122.743
9755,121.048
9756,119.519
9757,115.101
9758,112.045
9759,108.043
9760,104.05
9761,98.635
9762,97.723
9763,97.638
9764,97.297
9765,97.396
9766,97.198
9767,97.172
9768,97.192
9769,97.267
9770,97.384
9771,97.556
9772,97.677
9773,97.873
9774,98.202
9775,98.383
9776,111.785
9777,110.737
9778,109.4
9779,108.34
9780,108.394
9781,106.628
9782,103.884
9783,101.987
9784,100.435
9785,100.046
9786,102.012
9787,101.356
9788,103.134
9789,106.778
9790,109.391
9791,113.694
9792,115.73
9793,118.86
9794,120.95
9795,123.059
9796,124.207
9797,125.179
9798,125.037
9799,125.006
9800,124.957
9801,124.08
9802,123.081
9803,120.986
9804,118.064
9805,116.065
9806,112.504
9807,108.661
9808,106.162
9809,100.92
9810,97.826
9811,97.888
9812,97.791
9813,97.701
9814,97.654
9815,97.647
9816,97.587
9817,97.678
9818,97.767
9819,97.99
9820,98.078
9821,98.264
9822,109.463
9823,108.926
9824,108.903
9825,108.415
9826,108.899
9827,108.273
9828,105.234
9829,105.101
9830,101.538
9831,101.879
9832,102.019
9833,98.794
9834,100.019
9835,100.52
9836,105.025
9837,107.129
9838,109.13
9839,113.039
9840,116.76
9841,119.854
9842,121.398
9843,123.502
9844,124.421
9845,125.354
9846,125.564
9847,125.577
9848,124.854
9849,123.666
9850,122.167
9851,120.624
9852,117.455
9853,114.734
9854,110.733
9855,106.49
9856,104.318
9857,100.312
9858,97.882
9859,97.933
9860,97.673
9861,97.521
9862,97.593
9863,97.65
9864,97.57
9865,97.797
9866,97.735
9867,97.77
9868,97.859
9869,97.928
9870,98.198
9871,105.814
9872,106.211
9873,108.07
9874,105.44
9875,106.114
9876,105.714
9877,104.458
9878,103.965
9879,100.623
9880,101.567
9881,102.795
9882,101.054
9883,103.014
9884,104.686
9885,104.848
9886,110.034
9887,112.862
9888,116.725
9889,119.064
9890,121.435
9891,123.299
9892,124.263
9893,124.961
9894,125.358
9895,125.239
9896,124.902
9897,123.892
9898,122.034
9899,120.516
9900,117.094
9901,114.621
9902,110.867
9903,105.978
9904,102.737
9905,100.32
9906,97.776
9907,97.873
9908,97.635
9909,97.659
9910,97.649
9911,97.735
9912,97.716
9913,97.832
9914,97.884
9915,97.814
9916,98.17
9917,105.815
9918,107.252
9919,106.912
9920,107.516
9921,107.83
9922,106.823
9923,106.27
9924,103.526
9925,102.949
9926,102.355
9927,100.954
9928,101.26
9929,101.297
9930,101.717
9931,103.168
9932,105.29
9933,107.169
9934,111.015
9935,113.762
9936,115.56
9937,118.569
9938,121.338
9939,122.92
9940,123.953
9941,124.556
9942,125.118
9943,124.559
9944,124.397
9945,123.232
9946,120.445
9947,117.961
9948,115.371
9949,110.717
9950,107.097
9951,101.121
9952,97.881
9953,97.437
9954,97.386
9955,97.207
9956,96.819
9957,96.977
9958,96.841
9959,96.646
9960,96.893
9961,96.723
9962,96.941
9963,97.117
9964,97.176
9965,97.231
9966,97.487
9967,97.566
9968,97.696
9969,97.792
9970,97.755
9971,97.988
9972,97.882
9973,98.033
9974,97.809
9975,97.969
9976,98.075
9977,102.695
9978,104.412
9979,104.383
9980,106.874
9981,109.201
9982,112.697
9983,113.287
9984,114.864
9985,117.704
9986,119.309
9987,121.104
9988,122.069
9989,123.281
9990,124.041
9991,124.504
9992,124.59
9993,124.072
9994,123.758
9995,122.939
9996,121.055
9997,118.81
9998,116.18
9999,113.703
10000,111.675
10001,108.133
10002,103.722
10003,103.121
10004,99.475
10005,98.321
10006,98.425
10007,97.734
10008,97.811
10009,97.801
10010,97.864
10011,101.043
10012,101.918
10013,103.87
10014,102.716
10015,101.97
10016,104.209
10017,103.864
10018,103.741
10019,103.475
10020,102.814
10021,104.734
10022,103.734
10023,104.654
10024,105.803
10025,106.813
10026,108.736
10027,109.559
10028,111.289
10029,113.046
10030,114.253
10031,116.633
10032,118.435
10033,120.645
10034,120.752
10035,122.142
10036,123.134
10037,123.964
10038,124.044
10039,124.493
10040,124.799
10041,124.606
10042,124.595
10043,123.968
10044,123.156
10045,122.442
10046,120.892
10047,119.63
10048,116.926
10049,114.124
10050,112.206
10051,109.254
10052,106.622
10053,104.369
10054,103.083
10055,102.784
10056,102.44
10057,103.162
10058,103.68
10059,104.047
10060,105.047
10061,105.702
10062,107.227
10063,108.905
10064,108.524
10065,110.249
10066,109.296
10067,108.896
10068,107.96
10069,107.57
10070,107.424
10071,106.344
10072,104.831
10073,106.492
10074,106.229
10075,107.106
10076,108.991
10077,111.05
10078,114.071
10079,115.825
10080,118.073
10081,120.66
10082,121.833
10083,123.432
10084,124.608
10085,125.524
10086,125.752
10087,125.521
10088,125.091
10089,124.285
10090,123.285
10091,120.978
10092,118.761
10093,116.32
10094,111.742
10095,108.171
10096,103.351
10097,99.06
10098,98.031
10099,97.531
10100,97.311
10101,97.138
10102,97.29
10103,97.315
10104,97.362
10105,97.166
10106,97.487
10107,97.501
10108,97.61
10109,97.986
10110,98.144
10111,98.265
10112,111.525
10113,110.757
10114,109.734
10115,109.626
10116,108.021
10117,106.533
10118,105.548
10119,104.122
10120,103.524
10121,100.56
10122,102.71
10123,102.689
10124,104.499
10125,107.968
10126,110.488
10127,113.875
10128,116.455
10129,119.524
10130,121.574
10131,122.807
10132,124.305
10133,124.994
10134,125.387
10135,125.317
10136,125.095
10137,124.139
10138,123.098
10139,120.795
10140,118.518
10141,116.123
10142,112.52
10143,110.141
10144,105.636
10145,103.45
10146,98.881
10147,97.838
10148,97.802
10149,97.618
10150,97.491
10151,97.639
10152,97.791
10153,97.842
10154,98.03
10155,98.161
10156,98.136
10157,105.603
10158,109.027
10159,109.476
10160,108.962
10161,109.183
10162,109.166
10163,106.359
10164,106.551
10165,103.628
10166,102.383
10167,100.739
10168,99.412
10169,100.029
10170,102.044
10171,102.834
10172,104.974
10173,107.191
10174,109.364
10175,114.194
10176,117.522
10177,119.594
10178,121.412
10179,123.44
10180,124.377
10181,125.217
10182,125.519
10183,125.286
10184,124.646
10185,124.086
10186,122.231
10187,119.797
10188,117.935
10189,114.981
10190,111.284
10191,108.718
10192,103.219
10193,102.049
10194,98.512
10195,97.733
10196,97.698
10197,97.548
10198,97.621
10199,97.514
10200,97.561
10201,97.563
10202,97.617
10203,97.877
10204,98.067
10205,98.111
10206,98.181
10207,105.459
10208,107.319
10209,107.785
10210,105.716
10211,104.598
10212,104.797
10213,104.076
10214,103.464
10215,103.224
10216,103.111
10217,102.852
10218,102.933
10219,103.235
10220,104.98
10221,108.225
10222,110.143
10223,113.37
10224,116.258
10225,119.373
10226,121.392
10227,123.231
10228,124.375
10229,125.111
10230,125.258
10231,125.416
10232,125.225
10233,124.363
10234,122.844
10235,120.422
10236,117.419
10237,115.41
10238,110.2
10239,107.198
10240,103.395
10241,99.033
10242,97.865
10243,97.952
10244,97.73
10245,97.643
10246,97.729
10247,97.832
10248,97.79
10249,97.843
10250,98.116
10251,103.7
10252,106.182
10253,105.923
10254,106.836
10255,108.52
10256,107.82
10257,106.658
10258,107.488
10259,104.598
10260,106.065
10261,102.118
10262,103.147
10263,101.199
10264,101.739
10265,102.416
10266,101.098
10267,105.078
10268,104.663
10269,107.06
10270,109.034
10271,112.322
10272,115.838
10273,119.502
10274,120.865
10275,122.876
10276,123.874
10277,124.681
10278,125.049
10279,124.7
10280,123.897
10281,122.737
10282,121.278
10283,118.625
10284,114.548
10285,110.529
10286,105.695
10287,102.177
10288,97.722
10289,97.594
10290,97.377
10291,97.197
10292,97.103
10293,97.044
10294,96.793
10295,96.895
10296,96.749
10297,96.879
10298,96.826
10299,97.03
10300,97.029
10301,97.155
10302,97.274
10303,97.578
10304,97.63
10305,97.924
10306,97.869
10307,97.974
10308,97.985
10309,97.971
10310,98.006
10311,98.005
10312,98.035
10313,102.145
10314,104.777
10315,104.853
10316,105.883
10317,108.613
10318,111.992
10319,113.244
10320,115.679
10321,118.065
10322,119.933
10323,121.38
10324,122.471
10325,123.652
10326,124.402
10327,124.356
10328,124.766
10329,124.543
10330,124.095
10331,122.802
10332,121.187
10333,119.185
10334,117.15
10335,113.842
10336,111.099
10337,108.992
10338,105.744
10339,101.35
10340,100.065
10341,98.434
10342,97.999
10343,97.778
10344,97.994
10345,100.352
10346,101.74
10347,102.341
10348,101.21
10349,101.975
10350,105.215
10351,104.715
10352,106.406
10353,104.684
10354,104.878
10355,103.353
10356,102.956
10357,104.32
10358,104.088
10359,104.129
10360,105.523
10361,107.413
10362,108.827
10363,108.961
10364,112.341
10365,114.159
10366,116.452
10367,116.794
10368,119.082
10369,119.953
10370,121.521
10371,122.02
10372,123.58
10373,123.726
10374,124.418
10375,124.865
10376,124.817
10377,124.811
10378,124.556
10379,124.006
10380,123.329
10381,122.662
10382,121.212
10383,119.077
10384,116.283
10385,114.858
10386,112.383
10387,109.926
10388,107.58
10389,106.208
10390,101.313
10391,102.587
10392,102.401
10393,103.114
10394,105.153
10395,104.143
10396,106.747
10397,107.464
10398,108.039
10399,108.689
10400,108.309
10401,108.946
10402,109.41
10403,108.087
10404,108.229
10405,107.006
10406,107.07
10407,104.961
10408,105.057
10409,107.164
10410,106.368
10411,107.634
10412,108.508
10413,111.612
10414,112.746
10415,116.414
10416,118.915
10417,121.194
10418,122.054
10419,123.692
10420,124.545
10421,125.406
10422,125.576
10423,125.591
10424,125.377
10425,124.475
10426,123.311
10427,121.372
10428,119.345
10429,116.628
10430,112.686
10431,106.895
10432,103.185
10433,98.464
10434,97.961
10435,97.812
10436,97.595
10437,97.431
10438,97.35
10439,97.212
10440,97.457
10441,97.326
10442,97.471
10443,97.656
10444,97.998
10445,98.017
10446,98.234
10447,109.633
10448,111.157
10449,111.511
10450,110.305
10451,109.351
10452,109.237
10453,106.674
10454,105.096
10455,103.885
10456,100.74
10457,102.608
10458,102.483
10459,103.637
10460,105.62
10461,107.583
10462,110.37
10463,113.364
10464,116.421
10465,118.851
10466,121.4
10467,123.23
10468,124.499
10469,125.233
10470,125.532
10471,125.303
10472,125.079
10473,124.203
10474,122.847
10475,120.683
10476,119.069
10477,115.641
10478,113.011
10479,109.015
10480,105.329
10481,101.704
10482,97.807
10483,97.712
10484,97.786
10485,97.734
10486,97.717
10487,97.693
10488,97.675
10489,97.491
10490,97.783
10491,98.057
10492,98.189
10493,107.024
10494,108.775
10495,108.877
10496,109.73
10497,110.655
10498,109.973
10499,107.509
10500,106.681
10501,105.479
10502,104.375
10503,101.157
10504,99.622
10505,100.031
10506,102.963
10507,105.016
10508,103.737
10509,107.45
10510,109.591
10511,114.821
10512,117.222
10513,119.435
10514,122.126
10515,123.469
10516,124.479
10517,125.403
10518,125.692
10519,125.337
10520,124.842
10521,123.779
10522,122.172
10523,120.081
10524,118.548
10525,115.398
10526,111.613
10527,108.232
10528,104.629
10529,100.916
10530,97.817
10531,98.018
10532,97.682
10533,97.866
10534,97.733
10535,97.703
10536,97.677
10537,97.77
10538,97.892
10539,98.069
10540,98.014
10541,103.489
10542,105.983
10543,106.011
10544,107.708
10545,108.091
10546,107.363
10547,106.813
10548,105.479
10549,105.644
10550,105.392
10551,102.546
10552,101.559
10553,103.477
10554,104.025
10555,104.871
10556,105.12
10557,108.538
10558,110.621
10559,114.798
10560,117.132
10561,119.709
10562,121.702
10563,123.396
10564,124.572
10565,125.224
10566,125.476
10567,125.665
10568,124.922
10569,124.258
10570,122.498
10571,120.621
10572,118.861
10573,115.175
10574,111.102
10575,106.895
10576,104.324
10577,101.934
10578,99.434
10579,97.817
10580,97.82
10581,97.719
10582,97.803
10583,97.793
10584,97.794
10585,97.968
10586,98.157
10587,104.064
10588,107.183
10589,106.545
10590,108.005
10591,108.387
10592,107.9
10593,108.203
10594,107.697
10595,106.537
10596,105.347
10597,103.239
10598,104.913
10599,102.698
10600,102.491
10601,102.161
10602,102.721
10603,103.675
10604,105.56
10605,108.432
10606,111.277
10607,113.089
10608,116.227
10609,118.544
10610,121.161
10611,123.015
10612,123.975
10613,125.053
10614,125.076
10615,125.139
10616,124.307
10617,123.623
10618,122.1
10619,119.356
10620,116.041
10621,111.609
10622,106.77
10623,102.191
10624,97.876
10625,97.622
10626,97.299
10627,97.297
10628,97.003
10629,96.952
10630,96.924
10631,96.936
10632,96.896
10633,97.034
10634,97.026
10635,97.085
10636,97.297
10637,97.333
10638,97.633
10639,97.914
10640,97.927
10641,97.935
10642,98.112
10643,98.133
10644,98.183
10645,102.754
10646,101.625
10647,102.489
10648,103.841
10649,103.563
10650,105.614
10651,108.172
10652,108.606
10653,109.989
10654,112.471
10655,113.801
10656,116.607
10657,118.415
10658,119.6
10659,121.605
10660,123.023
10661,123.588
10662,124.251
10663,124.735
10664,124.807
10665,124.54
10666,124.064
10667,122.765
10668,121.433
10669,119.066
10670,117.446
10671,114.404
10672,111.43
10673,108.595
10674,106.642
10675,100.829
10676,101.864
10677,100.786
10678,99.379
10679,98.621
10680,100.282
10681,102.2
10682,100.812
10683,102.376
10684,104.488
10685,103.5
10686,104.007
10687,105.586
10688,104.623
10689,104.487
10690,102.419
10691,104.227
10692,105.866
10693,105.405
10694,105.989
10695,104.726
10696,106.987
10697,107.244
10698,108.952
10699,111.036
10700,111.79
10701,114.857
10702,116.465
10703,117.7
10704,119.503
10705,120.23
10706,121.284
10707,122.758
10708,123.28
10709,124.004
10710,124.247
10711,124.92
10712,124.742
10713,124.971
10714,124.756
10715,124.482
10716,123.512
10717,122.549
10718,121.425
10719,119.536
10720,117.559
10721,115.951
10722,112.567
10723,110.202
10724,108.91
10725,107.275
10726,104.597
10727,104.671
10728,102.444
10729,103.957
10730,104.566
10731,106.327
10732,107.809
10733,107.834
10734,108.321
10735,110.087
10736,108.053
10737,110.533
10738,109.83
10739,109.9
10740,108.179
10741,107.168
10742,107.299
10743,106.967
10744,106.216
10745,106.677
10746,106.333
10747,107.834
10748,111.421
10749,112.259
10750,113.771
10751,117.213
10752,118.949
10753,120.827
10754,122.832
10755,123.75
10756,125.172
10757,125.261
10758,125.804
10759,125.665
10760,125.0
10761,124.611
10762,123.291
10763,121.793
10764,119.067
10765,115.973
10766,112.956
10767,109.173
10768,105.367
10769,101.042
10770,97.808
10771,97.648
10772,97.575
10773,97.473
10774,97.558
10775,97.416
10776,97.352
10777,97.669
10778,97.645
10779,97.971
10780,97.934
10781,98.184
10782,98.451
10783,111.187
10784,110.947
10785,111.066
10786,110.906
10787,110.573
10788,109.289
10789,105.326
10790,106.239
10791,105.094
10792,102.658
10793,103.086
10794,102.388
10795,104.508
10796,104.915
10797,108.749
10798,110.947
10799,114.364
10800,117.609
10801,120.355
10802,121.669
10803,123.479
10804,124.758
10805,125.409
10806,125.402
10807,125.647
10808,125.121
10809,124.126
10810,123.211
10811,121.446
10812,118.753
10813,115.902
10814,112.833
10815,110.58
10816,106.364
10817,102.258
10818,100.453
10819,97.999
10820,97.754
10821,97.631
10822,97.75
10823,97.834
10824,97.722
10825,97.864
10826,97.956
10827,98.064
10828,107.186
10829,109.249
10830,109.099
10831,110.793
10832,110.044
10833,110.13
10834,109.914
10835,108.895
10836,106.254
10837,105.039
10838,104.749
10839,102.422
10840,98.899
10841,102.382
10842,101.747
10843,103.253
10844,105.603
10845,110.059
10846,113.338
10847,115.047
10848,117.26
10849,120.194
10850,122.503
10851,123.513
10852,124.986
10853,125.408
10854,125.893
10855,125.273
10856,125.26
10857,123.787
10858,123.134
10859,120.449
10860,118.347
10861,115.428
10862,111.68
10863,109.789
10864,104.921
10865,101.649
10866,101.438
10867,101.946
10868,99.295
10869,97.935
10870,97.873
10871,97.761
10872,98.005
10873,97.923
10874,98.055
10875,102.129
10876,102.703
10877,106.92
10878,106.532
10879,107.82
10880,107.952
10881,107.449
10882,108.833
10883,106.995
10884,106.516
10885,104.481
10886,104.425
10887,103.645
10888,103.818
10889,103.147
10890,103.073
10891,104.524
10892,105.801
10893,110.316
10894,112.441
10895,114.631
10896,117.01
10897,119.922
10898,122.134
10899,123.281
10900,124.565
10901,125.225
10902,125.57
10903,125.763
10904,125.213
10905,124.216
10906,122.915
10907,121.025
10908,118.453
10909,115.122
10910,112.148
10911,107.796
10912,103.559
10913,100.108
10914,99.627
10915,98.566
10916,97.721
10917,97.798
10918,97.855
10919,97.891
10920,97.936
10921,98.158
10922,103.217
10923,103.894
10924,105.928
10925,108.617
10926,109.697
10927,108.06
10928,109.066
10929,109.001
10930,108.601
10931,107.75
10932,105.672
10933,105.625
10934,104.241
10935,102.297
10936,103.003
10937,103.288
10938,104.79
10939,103.969
10940,108.576
10941,109.615
10942,111.932
10943,114.504
10944,116.56
10945,119.488
10946,121.654
10947,122.987
10948,124.304
10949,124.907
10950,125.361
10951,125.363
10952,124.644
10953,123.58
10954,122.058
10955,118.754
10956,116.271
10957,112.744
10958,106.45
10959,103.08
10960,98.566
10961,97.761
10962,97.541
10963,97.401
10964,97.247
10965,97.138
10966,97.194
10967,96.803
10968,97.053
10969,97.217
10970,97.127
10971,97.366
10972,97.54
10973,97.66
10974,97.725
10975,97.957
10976,98.07
10977,98.279
10978,98.207
10979,106.937
10980,105.67
10981,104.71
10982,104.783
10983,104.855
10984,105.316
10985,103.858
10986,106.166
10987,107.506
10988,109.823
10989,109.533
10990,111.456
10991,114.691
10992,117.197
10993,118.187
10994,120.518
10995,122.026
10996,123.007
10997,124.044
10998,124.594
10999,124.693
11000,124.699
11001,124.719
11002,124.167
11003,123.329
11004,122.031
11005,120.371
11006,117.779
11007,115.859
11008,112.879
11009,108.898
11010,106.919
11011,103.379
11012,102.73
11013,100.711
11014,102.143
11015,98.874
11016,100.903
11017,100.534
11018,103.512
11019,104.554
11020,105.152
11021,105.855
11022,105.529
11023,105.069
11024,105.836
11025,106.246
11026,106.199
11027,105.169
11028,106.308
11029,105.802
11030,105.654
11031,106.658
11032,107.167
11033,108.317
11034,110.017
11035,111.625
11036,112.869
11037,114.737
11038,116.799
11039,117.946
11040,118.72
11041,120.47
11042,121.933
11043,123.108
11044,123.382
11045,124.574
11046,124.715
11047,124.795
11048,125.112
11049,125.045
11050,125.008
11051,124.342
11052,123.554
11053,122.735
11054,121.679
11055,120.02
11056,117.898
11057,116.152
11058,113.614
11059,110.69
11060,109.542
11061,107.49
11062,106.34
11063,105.717
11064,106.345
11065,101.729
11066,105.467
11067,106.306
11068,107.504
11069,109.019
11070,109.19
11071,110.67
11072,111.107
11073,109.718
11074,111.696
11075,110.591
11076,109.645
11077,109.297
11078,109.04
11079,107.264
11080,106.676
11081,107.032
11082,107.713
11083,109.788
11084,110.271
11085,112.749
11086,114.602
11087,116.977
11088,119.253
11089,121.173
11090,123.054
11091,123.761
11092,125.357
11093,125.724
11094,125.905
11095,125.74
11096,125.495
11097,124.625
11098,123.46
11099,121.414
11100,119.625
11101,117.351
11102,114.026
11103,110.231
11104,106.209
11105,103.212
11106,98.898
11107,97.689
11108,97.532
11109,97.577
11110,97.528
11111,97.26
11112,97.556
11113,97.651
11114,97.567
11115,98.071
11116,98.188
11117,107.91
11118,110.678
11119,111.41
11120,112.339
11121,112.719
11122,111.045
11123,110.35
11124,109.717
11125,107.602
11126,106.825
11127,105.967
11128,104.1
11129,105.899
11130,104.082
11131,105.971
11132,108.261
11133,109.218
11134,111.907
11135,113.828
11136,117.234
11137,120.037
11138,122.328
11139,123.245
11140,124.882
11141,125.456
11142,125.85
11143,125.655
11144,125.21
11145,124.483
11146,123.103
11147,121.938
11148,119.069
11149,117.189
11150,112.794
11151,110.813
11152,106.632
11153,105.833
11154,100.412
11155,99.719
11156,97.902
11157,97.679
11158,97.789
11159,98.031
11160,97.849
11161,97.887
11162,104.049
11163,104.886
11164,107.945
11165,109.453
11166,110.12
11167,111.394
11168,110.204
11169,111.428
11170,110.013
11171,109.704
11172,107.902
11173,106.579
11174,105.253
11175,103.417
11176,103.172
11177,102.474
11178,102.492
11179,104.771
11180,106.893
11181,110.278
11182,112.049
11183,114.67
11184,118.202
11185,120.141
11186,122.506
11187,123.806
11188,124.947
11189,125.596
11190,125.974
11191,125.889
11192,125.135
11193,124.526
11194,122.951
11195,120.798
11196,118.401
11197,115.3
11198,112.282
11199,110.007
11200,106.756
11201,102.379
11202,102.212
11203,100.706
11204,98.911
11205,97.703
11206,97.918
11207,101.423
11208,99.05
11209,99.688
11210,102.364
11211,103.399
11212,105.677
11213,106.927
11214,108.527
11215,109.04
11216,109.269
11217,109.503
11218,107.722
11219,108.987
11220,107.656
11221,106.435
11222,103.716
11223,105.718
11224,106.399
11225,104.862
11226,105.567
11227,105.836
11228,107.961
11229,108.583
11230,113.16
11231,115.344
11232,117.943
11233,119.943
11234,122.451
11235,123.81
11236,124.85
11237,125.767
11238,125.949
11239,125.833
11240,125.611
11241,124.53
11242,123.507
11243,121.279
11244,118.697
11245,115.827
11246,111.399
11247,110.26
11248,106.048
11249,103.245
11250,101.145
11251,101.999
11252,101.622
11253,99.383
11254,100.503
11255,100.108
11256,102.985
11257,103.467
11258,104.956
11259,106.33
11260,108.352
11261,109.006
11262,108.857
11263,108.378
11264,110.226
11265,110.303
11266,108.629
11267,107.867
11268,106.762
11269,106.88
11270,104.542
11271,104.506
11272,104.315
11273,104.783
11274,105.925
11275,105.983
11276,108.24
11277,110.839
11278,112.643
11279,115.394
11280,117.264
11281,119.698
11282,121.854
11283,123.645
11284,124.5
11285,125.272
11286,125.487
11287,125.382
11288,124.921
11289,123.781
11290,121.984
11291,119.114
11292,116.756
11293,112.408
11294,108.29
11295,105.244
11296,98.374
11297,97.738
11298,97.577
11299,97.572
11300,97.232
11301,97.184
11302,97.088
11303,97.301
11304,97.373
11305,97.27
11306,97.42
11307,97.622
11308,97.676
11309,98.092
11310,97.965
11311,98.334
11312,98.403
11313,108.933
11314,107.548
11315,106.6
11316,106.083
11317,105.608
11318,106.117
11319,105.283
11320,105.322
11321,105.931
11322,106.682
11323,108.768
11324,109.385
11325,111.655
11326,113.657
11327,116.111
11328,117.102
11329,119.012
11330,121.192
11331,122.086
11332,123.138
11333,124.386
11334,124.663
11335,125.068
11336,125.048
11337,124.913
11338,124.225
11339,123.221
11340,121.969
11341,120.401
11342,118.353
11343,115.378
11344,113.281
11345,110.812
11346,109.249
11347,105.957
11348,103.929
11349,103.94
11350,101.313
11351,101.381
11352,100.893
11353,102.023
11354,106.211
11355,105.764
11356,104.654
11357,106.939
11358,107.038
11359,106.227
11360,107.818
11361,107.274
11362,106.404
11363,107.866
11364,107.643
11365,105.398
11366,107.44
11367,108.062
11368,107.284
11369,111.12
11370,111.411
11371,112.777
11372,113.727
11373,114.852
11374,117.168
11375,118.622
11376,119.515
11377,120.696
11378,122.214
11379,123.519
11380,123.73
11381,124.494
11382,124.828
11383,125.103
11384,125.276
11385,125.5
11386,125.044
11387,124.92
11388,123.807
11389,123.437
11390,121.533
11391,120.876
11392,118.338
11393,117.433
11394,113.691
11395,111.453
11396,110.288
11397,109.42
11398,106.512
11399,106.817
11400,106.764
11401,106.387
11402,107.486
11403,108.319
11404,108.707
11405,110.055
11406,108.97
11407,111.863
11408,111.628
11409,112.066
11410,112.236
11411,110.544
11412,110.912
11413,110.16
11414,108.31
11415,109.093
11416,109.607
11417,108.36
11418,110.237
11419,110.812
11420,111.409
11421,112.951
11422,115.003
11423,117.635
11424,120.183
11425,121.569
11426,123.099
11427,124.441
11428,125.23
11429,125.731
11430,126.373
11431,126.141
11432,125.591
11433,125.043
11434,123.881
11435,122.097
11436,120.215
11437,117.247
11438,114.538
11439,110.38
11440,106.906
11441,102.896
11442,100.7
11443,98.713
11444,97.874
11445,97.665
11446,97.771
11447,97.689
11448,97.844
11449,97.887
11450,97.941
11451,98.245
11452,107.366
11453,109.239
11454,112.222
11455,112.825
11456,112.757
11457,112.784
11458,112.823
11459,113.268
11460,111.162
11461,109.531
11462,107.655
11463,106.281
11464,106.095
11465,106.074
11466,106.222
11467,106.448
11468,109.067
11469,110.55
11470,111.66
11471,115.113
11472,118.174
11473,120.651
11474,122.795
11475,123.63
11476,124.854
11477,125.49
11478,125.858
11479,125.655
11480,125.499
11481,124.503
11482,123.795
11483,122.245
11484,119.971
11485,116.893
11486,114.972
11487,111.163
11488,108.946
11489,105.948
11490,103.784
11491,100.994
11492,99.382
11493,98.796
11494,97.923
11495,98.255
11496,102.961
11497,104.295
11498,104.905
11499,106.635
11500,108.619
11501,110.744
11502,110.489
11503,112.2
11504,112.325
11505,112.512
11506,111.78
11507,111.155
11508,108.75
11509,106.977
11510,106.567
11511,104.973
11512,104.916
11513,104.358
11514,103.726
11515,106.276
11516,108.449
11517,110.497
11518,113.368
11519,115.65
11520,119.065
11521,121.293
11522,122.891
11523,124.554
11524,124.923
11525,125.755
11526,126.025
11527,125.984
11528,125.302
11529,124.668
11530,123.023
11531,121.562
11532,119.502
11533,116.685
11534,113.849
11535,110.26
11536,107.995
11537,104.369
11538,103.699
11539,101.421
11540,98.977
11541,99.906
11542,98.705
11543,97.886
11544,98.05
11545,103.0
11546,102.888
11547,107.178
11548,106.925
11549,107.865
11550,108.959
11551,108.296
11552,110.582
11553,110.158
11554,110.465
11555,109.864
11556,110.076
11557,107.16
11558,107.035
11559,105.399
11560,106.207
11561,107.456
11562,105.74
11563,107.521
11564,108.529
11565,111.809
11566,112.567
11567,115.708
11568,118.585
11569,120.64
11570,122.161
11571,124.199
11572,125.014
11573,125.858
11574,126.11
11575,125.697
11576,125.758
11577,124.705
11578,123.623
11579,122.199
11580,119.525
11581,116.627
11582,112.357
11583,111.065
11584,106.189
11585,102.833
11586,103.969
11587,101.338
11588,100.172
11589,100.365
11590,100.332
11591,100.03
11592,103.682
11593,104.695
11594,107.658
11595,108.677
11596,109.376
11597,109.045
11598,110.928
11599,110.72
11600,111.508
11601,111.342
11602,110.115
11603,110.212
11604,110.248
11605,107.65
11606,106.827
11607,104.827
11608,104.427
11609,105.272
11610,106.398
11611,108.435
11612,109.594
11613,111.145
11614,112.472
11615,115.255
11616,117.526
11617,120.005
11618,122.364
11619,123.437
11620,124.597
11621,125.317
11622,125.771
11623,125.621
11624,124.934
11625,124.213
11626,122.496
11627,120.095
11628,117.606
11629,113.313
11630,108.646
11631,106.25
11632,101.322
11633,98.192
11634,97.756
11635,97.568
11636,97.571
11637,97.461
11638,97.437
11639,97.461
11640,97.667
11641,97.545
11642,97.851
11643,98.011
11644,98.133
11645,98.341
11646,108.156
11647,107.984
11648,108.401
11649,108.437
11650,107.702
11651,108.049
11652,107.763
11653,106.777
11654,106.469
11655,107.092
11656,108.942
11657,108.581
11658,108.72
11659,109.346
11660,111.031
11661,111.512
11662,114.386
11663,116.476
11664,117.583
11665,119.057
11666,121.313
11667,122.315
11668,123.475
11669,124.332
11670,124.715
11671,125.274
11672,125.517
11673,124.961
11674,124.257
11675,123.81
11676,122.169
11677,120.929
11678,119.287
11679,116.728
11680,113.776
11681,111.7
11682,108.309
11683,107.038
11684,105.276
11685,103.142
11686,103.099
11687,103.521
11688,102.892
11689,105.576
11690,105.081
11691,106.309
11692,107.833
11693,107.979
11694,108.068
11695,107.511
11696,109.948
11697,108.691
11698,107.651
11699,108.922
11700,107.78
11701,107.018
11702,108.337
11703,108.423
11704,108.79
11705,111.145
11706,112.716
11707,113.56
11708,113.899
11709,115.296
11710,117.347
11711,118.47
11712,120.29
11713,121.857
11714,122.609
11715,123.327
11716,124.115
11717,124.78
11718,125.108
11719,125.419
11720,125.431
11721,125.496
11722,125.436
11723,124.914
11724,124.36
11725,123.505
11726,122.084
11727,120.737
11728,118.766
11729,117.328
11730,114.605
11731,114.057
11732,110.944
11733,108.865
11734,107.673
11735,108.232
11736,107.532
11737,107.018
11738,106.844
11739,107.863
11740,110.403
11741,111.021
11742,111.352
11743,112.479
11744,112.942
11745,111.963
11746,113.725
11747,112.283
11748,112.208
11749,110.287
11750,110.228
11751,109.863
11752,109.642
11753,110.131
11754,109.559
11755,111.408
11756,112.377
11757,114.733
11758,115.928
11759,118.095
11760,120.681
11761,122.135
11762,123.385
11763,124.86
11764,125.568
11765,125.932
11766,126.431
11767,126.362
11768,125.931
11769,125.218
11770,124.337
11771,122.436
11772,120.572
11773,118.302
11774,115.882
11775,111.479
11776,108.707
11777,107.466
11778,102.117
11779,99.639
11780,97.77
11781,97.796
11782,97.865
11783,97.755
11784,98.084
11785,101.082
11786,103.341
11787,106.574
11788,108.978
11789,108.866
11790,112.62
11791,113.339
11792,113.472
11793,113.655
11794,112.988
11795,112.305
11796,110.268
11797,110.186
11798,109.654
11799,109.188
11800,106.85
11801,105.638
11802,107.119
11803,107.853
11804,110.275
11805,111.955
11806,113.078
11807,117.223
11808,118.839
11809,120.832
11810,122.662
11811,124.314
11812,125.055
11813,125.767
11814,126.009
11815,125.916
11816,125.603
11817,125.0
11818,123.894
11819,122.536
11820,120.22
11821,118.064
11822,115.512
11823,112.759
11824,109.262
11825,107.086
11826,104.334
11827,102.116
11828,100.388
11829,101.454
11830,100.584
11831,101.161
11832,100.591
11833,104.992
11834,106.723
11835,107.564
11836,110.35
11837,111.298
11838,113.641
11839,111.97
11840,113.987
11841,112.968
11842,111.591
11843,111.939
11844,110.006
11845,109.018
11846,107.464
11847,106.247
11848,105.291
11849,104.738
11850,107.532
11851,106.577
11852,108.776
11853,112.452
11854,113.927
11855,115.975
11856,119.556
11857,121.429
11858,123.582
11859,124.527
11860,125.555
11861,126.062
11862,126.329
11863,126.06
11864,125.701
11865,124.933
11866,123.732
11867,122.013
11868,119.555
11869,117.483
11870,114.613
11871,111.733
11872,108.814
11873,106.372
11874,103.703
11875,101.193
11876,99.075
11877,101.313
11878,104.043
11879,100.452
11880,102.16
11881,102.114
11882,105.367
11883,107.461
11884,107.728
11885,109.781
11886,111.196
11887,109.93
11888,110.507
11889,112.229
11890,110.287
11891,111.172
11892,109.822
11893,108.734
11894,109.658
11895,107.994
11896,107.211
11897,107.563
11898,107.352
11899,109.385
11900,110.591
11901,111.197
11902,113.271
11903,116.168
11904,118.833
11905,120.832
11906,122.944
11907,124.181
11908,125.505
11909,125.647
11910,126.177
11911,126.248
11912,125.659
11913,125.013
11914,123.679
11915,122.144
11916,119.803
11917,117.362
11918,114.416
11919,112.125
11920,108.727
11921,105.828
11922,102.948
11923,101.937
11924,101.706
11925,100.944
11926,101.497
11927,102.467
11928,104.817
11929,107.606
11930,108.198
11931,108.356
11932,109.917
11933,111.968
11934,112.009
11935,113.274
11936,111.618
11937,112.484
11938,110.782
11939,111.066
11940,111.007
11941,107.249
11942,107.682
11943,107.027
11944,106.522
11945,107.748
11946,106.813
11947,109.75
11948,110.581
11949,112.925
11950,115.003
11951,116.725
11952,118.72
11953,121.214
11954,122.486
11955,124.114
11956,124.945
11957,125.635
11958,125.931
11959,125.87
11960,125.223
11961,124.31
11962,122.664
11963,120.344
11964,117.735
11965,114.262
11966,111.276
11967,105.96
11968,103.693
11969,97.834
11970,97.925
11971,97.894
11972,97.555
11973,97.512
11974,97.637
11975,97.583
11976,97.57
11977,97.8
11978,97.96
11979,98.168
11980,106.447
11981,107.887
11982,109.87
11983,110.127
11984,111.195
11985,110.564
11986,108.494
11987,108.652
11988,107.891
11989,108.521
11990,108.009
11991,107.276
11992,107.903
11993,108.11
11994,110.587
11995,109.542
11996,112.04
11997,112.523
11998,115.481
11999,116.247
12000,118.041
12001,120.188
12002,121.339
12003,122.909
12004,123.9
12005,124.708
12006,125.251
12007,125.49
12008,125.45
12009,125.573
12010,125.053
12011,124.077
12012,122.502
12013,121.381
12014,119.504
12015,117.19
12016,115.608
12017,113.093
12018,109.72
12019,107.451
12020,106.061
12021,104.895
12022,104.386
12023,105.183
12024,106.842
12025,106.929
12026,105.234
12027,105.724
12028,107.848
12029,109.103
12030,110.94
12031,108.815
12032,110.093
12033,108.921
12034,108.715
12035,108.97
12036,109.447
12037,109.047
12038,109.222
12039,108.71
12040,111.593
12041,112.513
12042,113.382
12043,114.254
12044,116.013
12045,117.186
12046,118.599
12047,120.271
12048,121.145
12049,121.519
12050,123.014
12051,123.375
12052,124.312
12053,124.856
12054,125.426
12055,125.636
12056,125.604
12057,125.676
12058,125.502
12059,125.17
12060,124.642
12061,123.811
12062,122.717
12063,121.382
12064,119.458
12065,118.761
12066,115.568
12067,114.119
12068,112.167
12069,109.957
12070,109.902
12071,109.844
12072,109.143
12073,108.533
12074,108.851
12075,109.761
12076,110.004
12077,112.482
12078,113.209
12079,112.835
12080,114.04
12081,113.459
12082,113.188
12083,113.181
12084,113.498
12085,111.824
12086,111.711
12087,111.398
12088,111.497
12089,109.564
12090,111.391
12091,112.931
12092,113.535
12093,114.377
12094,116.609
12095,119.08
12096,120.747
12097,122.201
12098,123.507
12099,124.965
12100,125.806
12101,126.308
12102,126.229
12103,126.309
12104,125.925
12105,125.54
12106,124.351
12107,122.509
12108,121.148
12109,118.746
12110,116.881
12111,113.388
12112,109.471
12113,105.56
12114,103.422
12115,100.013
12116,99.493
12117,99.46
12118,101.052
12119,100.028
12120,101.331
12121,104.344
12122,105.829
12123,107.635
12124,108.84
12125,111.984
12126,114.98
12127,113.955
12128,114.675
12129,114.882
12130,114.534
12131,114.028
12132,112.108
12133,112.613
12134,109.828
12135,109.727
12136,109.366
12137,107.833
12138,107.667
12139,108.993
12140,109.308
12141,113.419
12142,115.21
12143,118.332
12144,119.284
12145,121.553
12146,123.733
12147,124.601
12148,125.65
12149,126.121
12150,126.256
12151,126.323
12152,125.888
12153,125.066
12154,124.212
12155,122.953
12156,120.359
12157,118.454
12158,116.174
12159,113.046
12160,112.232
12161,107.096
12162,107.044
12163,103.15
12164,103.96
12165,103.16
12166,101.392
12167,104.191
12168,105.281
12169,106.087
12170,107.681
12171,109.131
12172,110.415
12173,112.506
12174,114.209
12175,113.162
12176,113.883
12177,113.731
12178,112.932
12179,111.421
12180,111.389
12181,109.742
12182,109.263
12183,108.58
12184,106.225
12185,105.381
12186,108.559
12187,108.447
12188,109.902
12189,112.687
12190,115.507
12191,117.236
12192,119.35
12193,122.212
12194,123.47
12195,125.106
12196,125.615
12197,126.188
12198,126.207
12199,126.16
12200,125.729
12201,125.421
12202,124.145
12203,122.265
12204,120.558
12205,117.932
12206,115.498
12207,113.198
12208,110.111
12209,108.785
12210,107.006
12211,103.638
12212,103.421
12213,101.858
12214,103.57
12215,103.47
12216,104.144
12217,104.318
12218,106.552
12219,108.551
12220,108.36
12221,109.5
12222,112.361
12223,111.43
12224,111.665
12225,112.129
12226,111.743
12227,111.209
12228,110.319
12229,109.934
12230,110.274
12231,108.386
12232,108.045
12233,108.496
12234,108.86
12235,109.213
12236,110.984
12237,112.975
12238,115.943
12239,117.292
12240,119.666
12241,121.49
12242,123.538
12243,124.618
12244,125.674
12245,126.283
12246,126.129
12247,126.327
12248,126.041
12249,125.242
12250,124.04
12251,122.417
12252,120.628
12253,118.499
12254,115.33
12255,112.605
12256,110.269
12257,108.713
12258,106.133
12259,104.858
12260,101.434
12261,103.777
12262,104.247
12263,105.873
12264,105.273
12265,108.227
12266,109.52
12267,110.293
12268,111.664
12269,111.185
12270,113.23
12271,113.468
12272,111.908
12273,111.696
12274,111.488
12275,112.518
12276,109.952
12277,110.468
12278,108.524
12279,108.097
12280,110.309
12281,106.874
12282,108.63
12283,109.811
12284,110.385
12285,112.676
12286,114.311
12287,116.275
12288,119.257
12289,121.286
12290,122.875
12291,124.394
12292,124.979
12293,125.796
12294,126.204
12295,125.97
12296,125.312
12297,124.656
12298,123.352
12299,121.319
12300,118.887
12301,115.808
12302,112.925
12303,107.678
12304,101.592
12305,100.474
12306,98.474
12307,97.816
12308,97.887
12309,97.729
12310,97.822
12311,97.653
12312,97.934
12313,98.105
12314,104.99
12315,106.623
12316,108.265
12317,109.728
12318,110.106
12319,110.073
12320,110.996
12321,110.533
12322,111.49
12323,110.438
12324,108.706
12325,108.78
12326,108.85
12327,108.922
12328,108.107
12329,109.712
12330,110.908
12331,111.02
12332,113.429
12333,114.147
12334,114.326
12335,118.079
12336,119.323
12337,120.587
12338,122.184
12339,123.315
12340,124.371
12341,124.761
12342,125.331
12343,125.825
12344,125.758
12345,125.458
12346,124.894
12347,123.984
12348,123.386
12349,121.669
12350,119.701
12351,118.341
12352,115.365
12353,112.295
12354,112.383
12355,108.699
12356,107.667
12357,106.632
12358,106.232
12359,105.877
12360,107.504
12361,105.73
12362,106.4
12363,109.089
12364,109.964
12365,110.242
12366,110.257
12367,110.213
12368,111.511
12369,109.598
12370,110.88
12371,111.121
12372,111.424
12373,110.097
12374,111.606
12375,110.495
12376,111.18
12377,112.695
12378,113.418
12379,115.276
12380,117.025
12381,117.718
12382,119.077
12383,119.079
12384,120.941
12385,122.622
12386,123.469
12387,124.133
12388,124.789
12389,125.159
12390,125.527
12391,125.974
12392,126.18
12393,125.854
12394,125.734
12395,125.587
12396,124.793
12397,123.842
12398,122.841
12399,121.689
12400,120.45
12401,118.4
12402,116.225
12403,115.568
12404,113.19
12405,110.307
12406,110.275
12407,111.366
12408,109.588
12409,109.535
12410,111.351
12411,111.33
12412,111.558
12413,113.085
12414,113.365
12415,113.707
12416,114.498
12417,113.989
12418,113.81
12419,113.564
12420,112.304
12421,113.076
12422,111.497
12423,111.714
12424,111.925
12425,111.063
12426,112.178
12427,113.472
12428,114.0
12429,116.568
12430,116.943
12431,120.004
12432,121.131
12433,122.875
12434,124.153
12435,124.879
12436,125.864
12437,126.198
12438,126.511
12439,126.486
12440,126.241
12441,125.797
12442,124.621
12443,123.407
12444,121.715
12445,119.732
12446,117.135
12447,112.75
12448,110.735
12449,108.264
12450,104.128
12451,104.158
12452,101.209
12453,101.095
12454,100.439
12455,101.429
12456,102.525
12457,104.348
12458,107.791
12459,109.812
12460,111.744
12461,112.113
12462,114.252
12463,114.176
12464,115.168
12465,115.498
12466,115.311
12467,114.552
12468,114.5
12469,112.331
12470,111.318
12471,110.941
12472,108.844
12473,109.367
12474,108.707
12475,111.902
12476,111.993
12477,113.28
12478,115.527
12479,118.572
12480,119.991
12481,122.141
12482,123.529
12483,124.824
12484,125.517
12485,126.184
12486,126.351
12487,126.21
12488,125.903
12489,125.447
12490,124.298
12491,123.534
12492,121.44
12493,118.929
12494,117.357
12495,114.442
12496,111.56
12497,109.611
12498,106.828
12499,105.695
12500,104.003
12501,103.031
12502,104.134
12503,105.525
12504,104.258
12505,105.879
12506,109.474
12507,110.482
12508,113.066
12509,113.529
12510,114.53
12511,113.916
12512,114.94
12513,113.324
12514,114.621
12515,113.813
12516,113.157
12517,111.053
12518,109.205
12519,109.186
12520,109.358
12521,108.373
12522,109.298
12523,110.769
12524,112.202
12525,113.53
12526,115.149
12527,117.997
12528,120.209
12529,122.458
12530,123.905
12531,124.936
12532,125.899
12533,126.336
12534,126.419
12535,126.29
12536,126.06
12537,125.172
12538,124.138
12539,122.466
12540,121.186
12541,118.279
12542,114.993
12543,113.178
12544,110.772
12545,109.087
12546,106.754
12547,104.671
12548,104.665
12549,104.996
12550,102.633
12551,104.099
12552,104.855
12553,106.606
12554,107.642
12555,109.026
12556,110.237
12557,112.364
12558,112.243
12559,112.918
12560,113.625
12561,113.326
12562,111.555
12563,112.095
12564,111.49
12565,110.83
12566,110.743
12567,109.305
12568,110.054
12569,109.281
12570,110.344
12571,108.905
12572,110.302
12573,114.956
12574,114.491
12575,117.347
12576,119.921
12577,121.682
12578,123.718
12579,125.106
12580,125.408
12581,126.255
12582,126.396
12583,126.415
12584,126.325
12585,125.704
12586,124.076
12587,122.929
12588,121.522
12589,118.461
12590,116.586
12591,113.122
12592,110.784
12593,108.588
12594,108.424
12595,104.891
12596,105.749
12597,104.571
12598,103.958
12599,107.252
12600,107.484
12601,109.269
12602,110.333
12603,110.516
12604,112.032
12605,112.518
12606,112.433
12607,112.524
12608,113.608
12609,114.292
12610,113.539
12611,112.667
12612,111.468
12613,111.379
12614,110.274
12615,109.805
12616,110.32
12617,108.227
12618,109.505
12619,110.175
12620,111.801
12621,113.424
12622,114.989
12623,118.678
12624,119.995
12625,121.583
12626,123.271
12627,124.587
12628,125.577
12629,126.047
12630,126.076
12631,126.151
12632,125.395
12633,124.629
12634,123.326
12635,121.228
12636,118.985
12637,115.644
12638,112.971
12639,109.029
12640,104.495
12641,102.479
12642,100.04
12643,97.933
12644,97.757
12645,97.947
12646,97.863
12647,97.919
12648,98.175
12649,102.263
12650,104.987
12651,107.035
12652,109.131
12653,110.451
12654,111.056
12655,110.913
12656,111.626
12657,111.917
12658,112.305
12659,111.229
12660,110.582
12661,110.489
12662,110.752
12663,110.286
12664,110.632
12665,111.024
12666,111.909
12667,112.226
12668,114.047
12669,114.218
12670,116.427
12671,118.018
12672,119.8
12673,120.904
12674,122.324
12675,123.621
12676,124.621
12677,124.701
12678,125.457
12679,125.856
12680,125.697
12681,125.765
12682,125.163
12683,124.576
12684,123.515
12685,122.51
12686,120.504
12687,119.197
12688,116.241
12689,114.52
12690,112.362
12691,110.871
12692,110.357
12693,109.047
12694,107.388
12695,107.535
12696,107.672
12697,109.364
12698,109.218
12699,109.952
12700,111.296
12701,110.773
12702,111.078
12703,113.055
12704,112.385
12705,110.604
12706,111.184
12707,110.922
12708,111.948
12709,110.675
12710,110.704
12711,111.54
12712,112.375
12713,113.37
12714,113.709
12715,115.103
12716,117.241
12717,117.556
12718,119.784
12719,120.421
12720,121.439
12721,122.817
12722,123.382
12723,124.174
12724,124.757
12725,125.355
12726,125.664
12727,125.871
12728,126.159
12729,126.017
12730,126.048
12731,125.664
12732,124.776
12733,124.083
12734,122.888
12735,122.105
12736,120.909
12737,119.145
12738,117.74
12739,115.706
12740,113.505
12741,112.944
12742,110.72
12743,111.118
12744,111.025
12745,110.65
12746,110.804
12747,112.278
12748,113.714
12749,112.748
12750,114.283
12751,114.803
12752,115.628
12753,115.357
12754,115.123
12755,113.686
12756,114.618
12757,113.776
12758,112.979
12759,111.846
12760,112.946
12761,112.436
12762,113.432
12763,113.897
12764,115.904
12765,116.276
12766,118.538
12767,120.527
12768,121.833
12769,123.084
12770,124.35
12771,125.469
12772,126.142
12773,126.348
12774,126.774
12775,126.503
12776,126.396
12777,126.125
12778,124.66
12779,123.759
12780,121.68
12781,120.596
12782,116.141
12783,114.912
12784,112.042
12785,108.438
12786,106.237
12787,104.768
12788,102.186
12789,102.079
12790,103.011
12791,102.961
12792,103.091
12793,107.559
12794,108.997
12795,109.224
12796,111.755
12797,113.458
12798,115.313
12799,114.786
12800,116.088
12801,116.007
12802,115.33
12803,114.175
12804,113.252
12805,113.914
12806,110.403
12807,110.565
12808,109.528
12809,111.164
12810,110.325
12811,111.718
12812,113.414
12813,113.946
12814,116.514
12815,118.644
12816,120.119
12817,122.207
12818,123.385
12819,125.218
12820,125.617
12821,126.346
12822,126.428
12823,126.466
12824,126.294
12825,125.517
12826,124.586
12827,123.438
12828,122.419
12829,119.556
12830,117.752
12831,115.72
12832,113.005
12833,108.636
12834,108.884
12835,105.563
12836,105.291
12837,104.783
12838,106.536
12839,106.035
12840,108.497
12841,106.941
12842,108.837
12843,112.193
12844,112.564
12845,114.019
12846,115.057
12847,115.443
12848,115.038
12849,114.877
12850,114.914
12851,114.45
12852,112.448
12853,112.346
12854,111.55
12855,108.499
12856,109.891
12857,109.349
12858,110.451
12859,110.602
12860,111.464
12861,114.405
12862,117.013
12863,118.737
12864,121.064
12865,122.994
12866,124.26
12867,125.319
12868,125.936
12869,126.399
12870,126.684
12871,126.591
12872,126.076
12873,125.396
12874,124.169
12875,122.644
12876,121.238
12877,119.729
12878,116.89
12879,114.12
12880,112.221
12881,110.065
12882,108.464
12883,106.63
12884,106.136
12885,102.922
12886,105.622
12887,107.267
12888,108.203
12889,107.219
12890,108.201
12891,110.66
12892,111.647
12893,112.449
12894,113.593
12895,114.569
12896,113.709
12897,114.305
12898,114.763
12899,113.736
12900,113.122
12901,111.857
12902,111.887
12903,109.544
12904,109.766
12905,110.062
12906,111.948
12907,112.056
12908,113.079
12909,114.03
12910,116.285
12911,118.667
12912,120.357
12913,122.274
12914,124.075
12915,124.952
12916,125.835
12917,126.171
12918,126.816
12919,126.56
12920,126.323
12921,125.618
12922,124.414
12923,123.365
12924,121.213
12925,118.94
12926,116.733
12927,113.992
12928,111.714
12929,109.337
12930,108.744
12931,105.203
12932,105.537
12933,105.777
12934,106.212
12935,107.423
12936,109.245
12937,110.558
12938,110.345
12939,113.003
12940,112.863
12941,113.256
12942,114.177
12943,114.954
12944,114.456
12945,114.338
12946,114.646
12947,113.459
12948,113.084
12949,111.885
12950,109.201
12951,110.186
12952,109.88
12953,111.255
12954,110.424
12955,111.309
12956,113.196
12957,114.912
12958,115.853
12959,118.495
12960,120.413
12961,121.829
12962,123.574
12963,124.822
12964,125.548
12965,125.975
12966,126.138
12967,126.229
12968,125.735
12969,125.164
12970,123.691
12971,121.86
12972,119.854
12973,116.119
12974,113.562
12975,108.759
12976,106.701
12977,103.727
12978,100.962
12979,100.368
12980,98.337
12981,100.688
12982,101.526
12983,101.703
12984,103.729
12985,105.755
12986,107.954
12987,109.061
12988,110.574
12989,111.094
12990,112.338
12991,112.71
12992,112.577
12993,113.109
12994,113.305
12995,113.107
12996,110.891
12997,110.855
12998,110.674
12999,110.989
13000,110.654
13001,111.449
13002,112.013
13003,113.601
13004,113.669
13005,115.337
13006,117.055
13007,118.238
13008,119.917
13009,121.024
13010,122.942
13011,124.002
13012,124.614
13013,125.347
13014,125.666
13015,126.061
13016,125.987
13017,125.8
13018,125.72
13019,124.909
13020,123.815
13021,122.396
13022,120.838
13023,119.253
13024,117.417
13025,114.983
13026,112.735
13027,110.42
13028,110.246
13029,107.93
13030,108.696
13031,107.879
13032,107.777
13033,108.699
13034,109.587
13035,110.28
13036,110.81
13037,112.534
13038,111.934
13039,112.464
13040,112.86
13041,112.708
13042,111.88
13043,111.775
13044,113.107
13045,110.691
13046,113.446
13047,112.69
13048,113.639
13049,114.352
13050,116.185
13051,115.666
13052,117.534
13053,118.863
13054,120.695
13055,121.038
13056,122.182
13057,122.739
13058,123.733
13059,124.149
13060,124.927
13061,125.697
13062,125.771
13063,126.104
13064,126.286
13065,126.128
13066,125.992
13067,125.66
13068,125.196
13069,124.227
13070,123.285
13071,122.233
13072,120.672
13073,119.54
13074,117.496
13075,116.713
13076,114.69
13077,112.986
13078,112.375
13079,112.215
13080,111.667
13081,112.189
13082,112.168
13083,112.366
13084,113.945
13085,114.222
13086,115.217
13087,115.304
13088,115.773
13089,115.967
13090,115.982
13091,115.218
13092,114.238
13093,114.344
13094,114.32
13095,113.907
13096,112.991
13097,113.341
13098,114.575
13099,114.406
13100,116.247
13101,117.369
13102,118.58
13103,120.252
13104,122.625
13105,122.628
13106,124.257
13107,125.64
13108,126.231
13109,126.655
13110,126.734
13111,126.645
13112,126.48
13113,125.944
13114,124.803
13115,123.957
13116,122.258
13117,120.412
13118,118.255
13119,115.597
13120,111.627
13121,107.926
13122,107.642
13123,107.074
13124,104.617
13125,103.668
13126,103.696
13127,104.382
13128,106.544
13129,105.79
13130,109.173
13131,111.724
13132,112.601
13133,114.217
13134,115.399
13135,116.408
13136,117.494
13137,116.635
13138,115.399
13139,115.919
13140,114.087
13141,114.239
13142,113.476
13143,111.525
13144,111.429
13145,110.654
13146,111.851
13147,111.537
13148,112.35
13149,115.747
13150,116.88
13151,118.358
13152,120.636
13153,122.256
13154,124.421
13155,125.316
13156,125.973
13157,126.28
13158,126.616
13159,126.38
13160,126.293
13161,125.689
13162,125.153
13163,123.521
13164,122.265
13165,120.082
13166,117.799
13167,115.229
13168,113.231
13169,110.647
13170,108.694
13171,107.62
13172,107.285
13173,105.777
13174,106.595
13175,106.624
13176,107.393
13177,109.673
13178,111.162
13179,112.935
13180,113.263
13181,113.753
13182,116.158
13183,115.794
13184,116.429
13185,116.341
13186,115.291
13187,114.439
13188,113.629
13189,112.816
13190,110.502
13191,111.967
13192,110.132
13193,110.268
13194,109.945
13195,111.689
13196,112.697
13197,114.439
13198,117.655
13199,118.815
13200,120.771
13201,122.688
13202,123.992
13203,125.449
13204,125.992
13205,126.824
13206,126.699
13207,126.741
13208,126.116
13209,125.568
13210,124.626
13211,123.323
13212,121.08
13213,120.184
13214,117.314
13215,113.831
13216,112.151
13217,110.44
13218,107.704
13219,108.914
13220,105.221
13221,106.917
13222,105.973
13223,107.258
13224,108.762
13225,108.515
13226,108.99
13227,111.021
13228,111.906
13229,112.462
13230,113.526
13231,114.302
13232,114.321
13233,114.822
13234,113.851
13235,113.503
13236,113.376
13237,112.924
13238,111.015
13239,111.472
13240,110.759
13241,111.548
13242,111.526
13243,112.89
13244,112.809
13245,114.399
13246,116.794
13247,118.94
13248,121.283
13249,122.905
13250,124.155
13251,125.019
13252,125.966
13253,126.445
13254,126.806
13255,126.568
13256,126.203
13257,125.758
13258,124.613
13259,123.283
13260,121.546
13261,119.769
13262,116.622
13263,114.752
13264,112.093
13265,110.472
13266,109.248
13267,106.568
13268,105.926
13269,107.624
13270,107.143
13271,107.273
13272,108.635
13273,110.979
13274,111.584
13275,112.751
13276,113.945
13277,113.833
13278,114.186
13279,115.14
13280,114.648
13281,114.564
13282,114.581
13283,114.057
13284,112.498
13285,112.725
13286,112.306
13287,111.188
13288,111.37
13289,109.98
13290,111.799
13291,112.311
13292,113.806
13293,115.212
13294,116.726
13295,118.794
13296,121.235
13297,122.414
13298,123.686
13299,125.037
13300,125.721
13301,126.136
13302,126.493
13303,126.242
13304,126.02
13305,124.908
13306,124.137
13307,122.016
13308,120.316
13309,117.656
13310,114.1
13311,111.101
13312,106.602
13313,103.234
13314,101.875
13315,101.626
13316,99.198
13317,98.93
13318,100.404
13319,103.945
13320,103.887
13321,107.055
13322,108.986
13323,107.927
13324,111.211
13325,112.35
13326,112.557
13327,113.497
13328,113.808
13329,114.023
13330,114.475
13331,113.355
13332,111.433
13333,111.921
13334,111.329
13335,111.859
13336,111.474
13337,112.548
13338,113.208
13339,113.792
13340,115.284
13341,116.081
13342,117.646
13343,119.073
13344,119.573
13345,121.742
13346,123.093
13347,123.837
13348,124.673
13349,125.365
13350,125.874
13351,126.116
13352,126.251
13353,126.092
13354,125.822
13355,125.247
13356,123.561
13357,122.771
13358,120.756
13359,119.217
13360,117.913
13361,115.116
13362,113.632
13363,112.09
13364,110.96
13365,108.8
13366,110.192
13367,108.091
13368,108.817
13369,110.222
13370,111.238
13371,110.582
13372,112.501
13373,112.506
13374,113.022
13375,113.21
13376,113.138
13377,113.139
13378,113.604
13379,112.512
13380,112.22
13381,113.097
13382,113.14
13383,113.121
13384,114.368
13385,114.632
13386,116.003
13387,116.825
13388,117.813
13389,119.05
13390,120.078
13391,121.526
13392,122.529
13393,123.379
13394,123.841
13395,124.864
13396,125.319
13397,125.656
13398,126.001
13399,126.127
13400,126.348
13401,126.32
13402,126.028
13403,125.772
13404,125.455
13405,124.273
13406,123.758
13407,122.807
13408,121.447
13409,119.297
13410,118.78
13411,116.532
13412,115.522
13413,112.874
13414,112.222
13415,111.486
13416,111.759
13417,112.341
13418,112.121
13419,112.582
13420,113.903
13421,114.607
13422,115.32
13423,115.663
13424,115.842
13425,117.085
13426,116.452
13427,115.956
13428,115.79
13429,115.287
13430,114.129
13431,114.351
13432,114.434
13433,113.462
13434,114.892
13435,115.182
13436,116.1
13437,117.668
13438,118.459
13439,121.253
13440,122.08
13441,123.447
13442,124.827
13443,125.671
13444,126.171
13445,126.749
13446,126.932
13447,126.75
13448,126.797
13449,126.217
13450,125.055
13451,123.812
13452,122.966
13453,120.805
13454,118.113
13455,115.28
13456,112.789
13457,111.379
13458,109.156
13459,105.498
13460,105.282
13461,104.484
13462,105.672
13463,104.447
13464,106.25
13465,107.28
13466,109.175
13467,110.491
13468,113.422
13469,115.209
13470,116.039
13471,117.195
13472,118.075
13473,117.644
13474,117.823
13475,115.875
13476,115.847
13477,113.757
13478,112.182
13479,113.006
13480,110.884
13481,111.175
13482,112.115
13483,113.388
13484,113.338
13485,115.875
13486,116.162
13487,118.771
13488,120.756
13489,122.692
13490,124.15
13491,125.089
13492,125.962
13493,126.597
13494,126.566
13495,126.664
13496,126.478
13497,125.657
13498,125.154
13499,123.495
13500,122.473
13501,120.519
13502,118.632
13503,115.696
13504,113.485
13505,111.067
13506,110.009
13507,108.164
13508,107.034
13509,106.342
13510,107.712
13511,108.29
13512,108.802
13513,110.94
13514,110.404
13515,111.775
13516,113.785
13517,115.517
13518,115.784
13519,116.867
13520,116.343
13521,116.344
13522,116.081
13523,114.476
13524,114.87
13525,114.056
13526,112.538
13527,111.824
13528,111.115
13529,110.833
13530,110.424
13531,112.463
13532,113.725
13533,115.754
13534,117.364
13535,119.67
13536,121.658
13537,123.305
13538,124.426
13539,125.556
13540,126.34
13541,126.75
13542,126.774
13543,126.801
13544,126.335
13545,125.749
13546,124.877
13547,123.402
13548,121.625
13549,120.155
13550,118.315
13551,116.034
13552,112.86
13553,111.084
13554,110.223
13555,108.631
13556,105.553
13557,107.318
13558,106.416
13559,108.588
13560,108.409
13561,109.686
13562,108.971
13563,112.134
13564,112.012
13565,114.277
13566,113.748
13567,113.792
13568,114.712
13569,115.297
13570,115.15
13571,114.487
13572,112.923
13573,114.011
13574,113.546
13575,111.979
13576,111.768
13577,111.664
13578,111.808
13579,112.863
13580,114.208
13581,116.248
13582,117.149
13583,119.043
13584,121.39
13585,122.611
13586,124.522
13587,125.276
13588,126.173
13589,126.724
13590,126.808
13591,126.745
13592,126.452
13593,125.889
13594,124.953
13595,123.622
13596,122.331
13597,119.897
13598,117.244
13599,115.334
13600,113.442
13601,111.931
13602,108.644
13603,108.357
13604,107.328
13605,108.829
13606,107.036
13607,108.77
13608,110.903
13609,111.523
13610,111.162
13611,113.904
13612,115.311
13613,114.819
13614,115.716
13615,115.53
13616,116.02
13617,115.566
13618,114.5
13619,114.054
13620,114.925
13621,113.148
13622,111.296
13623,112.132
13624,111.233
13625,112.499
13626,111.507
13627,113.076
13628,114.3
13629,114.921
13630,117.684
13631,119.166
13632,120.953
13633,122.855
13634,124.199
13635,124.964
13636,125.962
13637,126.479
13638,126.404
13639,126.52
13640,126.131
13641,125.321
13642,124.319
13643,122.517
13644,120.155
13645,117.448
13646,115.22
13647,111.715
13648,108.343
13649,106.82
13650,102.822
13651,103.47
13652,103.64
13653,101.18
13654,102.573
13655,105.27
13656,105.261
13657,107.263
13658,110.172
13659,109.862
13660,111.278
13661,112.37
13662,113.667
13663,113.382
13664,114.088
13665,113.746
13666,114.232
13667,112.512
13668,114.066
13669,112.131
13670,112.552
13671,113.462
13672,111.445
13673,112.105
13674,113.66
13675,114.212
13676,115.634
13677,116.717
13678,118.166
13679,119.33
13680,120.733
13681,122.013
13682,123.223
13683,124.622
13684,125.317
13685,125.549
13686,125.976
13687,126.209
13688,126.362
13689,126.196
13690,125.871
13691,125.156
13692,123.963
13693,122.902
13694,121.724
13695,119.758
13696,117.395
13697,116.775
13698,113.291
13699,111.518
13700,111.661
13701,109.455
13702,108.666
13703,109.613
13704,109.59
13705,109.999
13706,111.324
13707,112.322
13708,112.876
13709,113.202
13710,113.652
13711,114.045
13712,113.626
13713,114.108
13714,112.644
13715,113.4
13716,113.21
13717,113.282
13718,113.009
13719,113.588
13720,115.002
13721,114.94
13722,116.014
13723,116.819
13724,118.594
13725,118.799
13726,121.001
13727,121.413
13728,122.662
13729,123.604
13730,124.602
13731,124.833
13732,125.458
13733,125.858
13734,126.195
13735,126.397
13736,126.475
13737,126.239
13738,126.246
13739,125.82
13740,125.528
13741,124.742
13742,124.194
13743,123.385
13744,121.748
13745,119.941
13746,118.95
13747,116.95
13748,115.575
13749,114.062
13750,113.856
13751,112.83
13752,113.543
13753,112.004
13754,113.639
13755,113.653
13756,114.841
13757,115.152
13758,116.697
13759,116.468
13760,116.762
13761,116.943
13762,117.311
13763,117.019
13764,116.376
13765,115.302
13766,115.046
13767,113.88
13768,114.21
13769,114.275
13770,114.728
13771,116.015
13772,117.064
13773,117.633
13774,118.955
13775,120.907
13776,122.458
13777,123.473
13778,124.671
13779,125.73
13780,126.449
13781,126.77
13782,126.961
13783,126.809
13784,126.492
13785,126.004
13786,125.38
13787,124.524
13788,123.078
13789,120.456
13790,118.455
13791,116.47
13792,114.659
13793,111.722
13794,108.912
13795,107.572
13796,104.49
13797,103.61
13798,104.671
13799,104.268
13800,106.616
13801,107.631
13802,110.11
13803,112.349
13804,113.925
13805,114.094
13806,116.039
13807,117.019
13808,117.686
13809,118.397
13810,117.516
13811,116.704
13812,115.438
13813,114.438
13814,114.486
13815,112.682
13816,112.807
13817,113.788
13818,111.432
13819,113.611
13820,113.621
13821,115.613
13822,117.738
13823,119.135
13824,121.114
13825,122.657
13826,124.175
13827,125.336
13828,125.984
13829,126.625
13830,126.759
13831,126.742
13832,126.611
13833,125.873
13834,125.24
13835,124.019
13836,122.644
13837,120.854
13838,118.609
13839,116.431
13840,114.892
13841,112.204
13842,110.31
13843,108.885
13844,106.897
13845,108.054
13846,108.297
13847,107.934
13848,110.547
13849,110.448
13850,112.62
13851,113.388
13852,114.16
13853,115.15
13854,116.489
13855,117.283
13856,117.349
13857,117.316
13858,117.313
13859,115.65
13860,116.091
13861,113.42
13862,112.455
13863,111.645
13864,111.564
13865,109.966
13866,112.826
13867,111.508
13868,114.283
13869,115.649
13870,118.896
13871,119.361
13872,122.015
13873,123.439
13874,124.749
13875,125.643
13876,126.357
13877,126.735
13878,126.811
13879,126.792
13880,126.307
13881,125.949
13882,125.142
13883,123.416
13884,122.257
13885,119.603
13886,118.218
13887,115.11
13888,113.813
13889,111.154
13890,109.216
13891,107.94
13892,107.757
13893,106.976
13894,108.258
13895,107.851
13896,109.115
13897,109.588
13898,110.919
13899,112.311
13900,112.879
13901,113.782
13902,115.183
13903,115.136
13904,115.508
13905,115.081
13906,115.317
13907,114.658
13908,114.397
13909,114.064
13910,113.607
13911,112.499
13912,112.926
13913,113.698
13914,112.264
13915,113.528
13916,114.93
13917,115.22
13918,117.714
13919,119.771
13920,121.144
13921,123.211
13922,124.361
13923,125.383
13924,126.25
13925,126.645
13926,126.991
13927,126.86
13928,126.641
13929,126.042
13930,125.142
13931,124.187
13932,121.731
13933,119.991
13934,117.284
13935,115.183
13936,112.913
13937,112.015
13938,110.006
13939,108.43
13940,108.353
13941,109.504
13942,106.588
13943,108.663
13944,110.352
13945,111.292
13946,112.634
13947,114.177
13948,113.255
13949,115.776
13950,115.349
13951,115.924
13952,116.031
13953,116.382
13954,115.388
13955,114.923
13956,115.232
13957,114.429
13958,111.897
13959,112.64
13960,112.74
13961,112.923
13962,113.723
13963,112.885
13964,115.05
13965,116.132
13966,117.641
13967,119.523
13968,121.326
13969,123.069
13970,124.21
13971,125.252
13972,126.304
13973,126.414
13974,126.478
13975,126.6
13976,125.967
13977,125.466
13978,124.366
13979,122.773
13980,120.668
13981,117.75
13982,115.818
13983,111.556
13984,109.045
13985,106.855
13986,104.97
13987,103.706
13988,102.867
13989,103.691
13990,101.536
13991,102.825
13992,107.9
13993,107.718
13994,109.259
13995,110.645
13996,111.453
13997,112.816
13998,114.367
13999,114.225
14000,114.172
14001,114.619
14002,113.914
14003,113.318
14004,113.586
14005,113.538
14006,113.025
14007,113.202
14008,113.346
14009,114.734
14010,114.911
14011,114.925
14012,115.919
14013,117.817
14014,117.537
14015,120.267
14016,121.001
14017,122.253
14018,123.252
14019,124.253
14020,125.227
14021,125.597
14022,126.129
14023,126.277
14024,126.137
14025,126.104
14026,125.72
14027,125.378
14028,124.108
14029,123.514
14030,121.408
14031,120.308
14032,117.871
14033,116.152
14034,115.222
14035,112.346
14036,112.015
14037,109.996
14038,110.815
14039,110.647
14040,110.525
14041,110.748
14042,112.25
14043,112.414
14044,112.941
14045,113.717
14046,112.994
14047,113.973
14048,114.694
14049,113.167
14050,113.689
14051,113.348
14052,113.373
14053,114.328
14054,112.957
14055,114.305
14056,114.577
14057,115.749
14058,116.129
14059,117.046
14060,118.274
14061,119.926
14062,120.419
14063,121.591
14064,122.691
14065,123.53
14066,124.431
14067,124.914
14068,125.569
14069,126.087
14070,126.171
14071,126.255
14072,126.526
14073,126.548
14074,126.094
14075,125.719
14076,125.466
14077,124.995
14078,124.218
14079,123.082
14080,121.323
14081,120.478
14082,118.743
14083,116.979
14084,115.628
14085,114.135
14086,113.536
14087,112.995
14088,113.596
14089,114.146
14090,113.491
14091,113.6
14092,114.706
14093,115.395
14094,116.542
14095,116.281
14096,117.531
14097,116.857
14098,117.748
14099,117.087
14100,116.184
14101,115.366
14102,115.586
14103,113.864
14104,114.315
14105,115.243
14106,115.213
14107,115.363
14108,116.2
14109,118.868
14110,120.019
14111,121.218
14112,122.432
14113,124.011
14114,124.849
14115,125.801
14116,126.463
14117,126.853
14118,127.037
14119,126.868
14120,126.766
14121,126.32
14122,125.298
14123,124.294
14124,123.207
14125,121.09
14126,119.002
14127,116.883
14128,114.233
14129,111.489
14130,109.131
14131,108.058
14132,105.571
14133,105.701
14134,105.612
14135,107.529
14136,107.873
14137,110.432
14138,110.535
14139,112.822
14140,113.992
14141,115.381
14142,117.407
14143,117.423
14144,117.38
14145,117.948
14146,117.594
14147,117.463
14148,115.552
14149,114.899
14150,113.811
14151,113.599
14152,112.845
14153,112.152
14154,113.488
14155,113.59
14156,114.315
14157,116.217
14158,118.421
14159,119.317
14160,121.793
14161,123.064
14162,124.625
14163,125.218
14164,126.231
14165,126.494
14166,126.853
14167,126.78
14168,126.537
14169,126.14
14170,125.609
14171,124.154
14172,122.691
14173,120.848
14174,118.909
14175,116.481
14176,114.832
14177,112.732
14178,111.054
14179,109.052
14180,109.646
14181,108.332
14182,107.92
14183,107.932
14184,110.022
14185,111.698
14186,111.827
14187,113.583
14188,114.902
14189,115.087
14190,116.385
14191,116.398
14192,117.026
14193,116.627
14194,116.576
14195,115.761
14196,115.528
14197,114.377
14198,112.222
14199,112.807
14200,112.354
14201,111.055
14202,112.599
14203,113.138
14204,114.431
14205,116.072
14206,118.104
14207,120.264
14208,122.406
14209,123.484
14210,125.03
14211,125.748
14212,126.374
14213,126.803
14214,126.97
14215,126.78
14216,126.537
14217,125.691
14218,124.962
14219,123.759
14220,122.472
14221,120.227
14222,118.182
14223,116.394
14224,114.651
14225,111.857
14226,111.016
14227,109.012
14228,109.021
14229,107.891
14230,108.848
14231,108.124
14232,109.065
14233,109.601
14234,110.107
14235,112.105
14236,113.691
14237,114.488
14238,115.609
14239,115.128
14240,116.119
14241,116.149
14242,116.212
14243,114.18
14244,114.54
14245,114.212
14246,113.544
14247,113.544
14248,112.583
14249,112.533
14250,111.45
14251,114.5
14252,114.617
14253,116.321
14254,118.053
14255,120.11
14256,121.627
14257,123.015
14258,124.608
14259,125.622
14260,126.3
14261,126.764
14262,126.88
14263,126.839
14264,126.597
14265,125.862
14266,125.257
14267,123.804
14268,122.644
14269,119.82
14270,117.231
14271,116.298
14272,113.521
14273,112.274
14274,110.342
14275,108.846
14276,108.456
14277,108.467
14278,109.085
14279,109.806
14280,111.118
14281,111.19
14282,112.439
14283,113.433
14284,114.805
14285,115.203
14286,116.063
14287,116.954
14288,116.847
14289,115.978
14290,115.727
14291,114.811
14292,115.039
14293,114.48
14294,113.588
14295,113.069
14296,113.164
14297,112.945
14298,112.654
14299,113.689
14300,115.042
14301,116.121
14302,117.943
14303,119.325
14304,121.56
14305,122.879
14306,124.301
14307,125.155
14308,126.006
14309,126.512
14310,126.769
14311,126.631
14312,126.348
14313,125.859
14314,124.634
14315,122.642
14316,121.075
14317,118.022
14318,114.921
14319,112.562
14320,109.684
14321,105.425
14322,105.278
14323,104.336
14324,101.395
14325,101.334
14326,103.8
14327,104.954
14328,104.416
14329,108.468
14330,110.197
14331,112.014
14332,113.612
14333,112.987
14334,114.306
14335,114.44
14336,114.196
14337,113.856
14338,114.328
14339,114.305
14340,114.707
14341,113.596
14342,112.766
14343,112.874
14344,112.955
14345,113.874
14346,114.917
14347,116.083
14348,116.169
14349,116.943
14350,117.926
14351,119.369
14352,120.995
14353,122.9
14354,123.491
14355,124.493
14356,125.117
14357,125.734
14358,126.191
14359,126.14
14360,126.355
14361,126.243
14362,125.755
14363,125.233
14364,124.505
14365,123.362
14366,121.938
14367,120.107
14368,117.773
14369,115.916
14370,114.895
14371,112.878
14372,111.39
14373,112.313
14374,110.68
14375,110.478
14376,111.165
14377,112.837
14378,112.31
14379,112.552
14380,113.452
14381,113.299
14382,113.646
14383,114.549
14384,114.458
14385,114.531
14386,114.614
14387,114.607
14388,113.49
14389,113.495
14390,113.428
14391,114.769
14392,115.428
14393,115.439
14394,116.706
14395,117.537
14396,119.054
14397,119.752
14398,120.733
14399,122.024
14400,123.022
14401,124.091
14402,124.583
14403,125.134
14404,125.567
14405,125.845
14406,126.16
14407,126.514
14408,126.525
14409,126.401
14410,126.41
14411,126.146
14412,125.685
14413,124.924
14414,124.417
14415,123.081
14416,121.987
14417,120.485
14418,119.391
14419,117.749
14420,115.369
14421,115.213
14422,115.101
14423,114.066
14424,113.723
14425,113.593
14426,114.306
14427,114.67
14428,115.622
14429,116.409
14430,116.587
14431,117.115
14432,117.907
14433,117.608
14434,117.537
14435,117.121
14436,116.922
14437,116.491
14438,115.288
14439,115.395
14440,114.714
14441,115.463
14442,115.428
14443,116.273
14444,116.471
14445,118.092
14446,119.571
14447,121.557
14448,122.646
14449,123.696
14450,124.939
14451,125.99
14452,126.499
14453,126.937
14454,127.031
14455,127.027
14456,126.697
14457,126.325
14458,125.616
14459,124.34
14460,122.752
14461,120.884
14462,118.929
14463,116.811
14464,114.21
14465,111.51
14466,108.949
14467,107.589
14468,106.615
14469,105.136
14470,104.878
14471,107.441
14472,107.579
14473,110.201
14474,110.435
14475,113.071
14476,114.096
14477,116.0
14478,117.362
14479,118.215
14480,117.106
14481,117.943
14482,117.032
14483,117.578
14484,116.178
14485,115.226
14486,114.246
14487,113.598
14488,113.599
14489,112.838
14490,112.855
14491,114.289
14492,115.055
14493,116.474
14494,118.183
14495,119.808
14496,121.08
14497,123.061
14498,124.414
14499,125.549
14500,126.153
14501,126.704
14502,126.949
14503,126.822
14504,126.634
14505,126.017
14506,125.195
14507,124.423
14508,122.798
14509,121.332
14510,119.752
14511,117.079
14512,115.464
14513,112.644
14514,111.049
14515,110.576
14516,109.421
14517,108.587
14518,108.293
14519,109.642
14520,110.38
14521,111.618
14522,113.201
14523,112.482
14524,114.674
14525,116.931
14526,116.802
14527,117.587
14528,116.988
14529,117.57
14530,117.062
14531,115.934
14532,115.314
14533,114.12
14534,113.641
14535,113.03
14536,111.735
14537,112.127
14538,112.608
14539,112.636
14540,113.926
14541,116.008
14542,118.711
14543,119.906
14544,122.122
14545,123.462
14546,125.105
14547,126.08
14548,126.37
14549,126.846
14550,126.973
14551,126.981
14552,126.662
14553,125.964
14554,125.285
14555,123.798
14556,121.995
14557,120.743
14558,118.362
14559,115.764
14560,114.765
14561,111.887
14562,110.66
14563,109.537
14564,110.045
14565,108.356
14566,106.797
14567,107.574
14568,109.854
14569,110.783
14570,112.704
14571,112.832
14572,113.244
14573,114.734
14574,114.991
14575,115.602
14576,115.541
14577,116.25
14578,114.876
14579,114.868
14580,114.095
14581,114.599
14582,113.776
14583,112.933
14584,113.254
14585,113.54
14586,113.896
14587,113.965
14588,114.556
14589,116.518
14590,118.222
14591,120.047
14592,121.678
14593,123.634
14594,124.557
14595,125.544
14596,126.274
14597,126.696
14598,126.973
14599,126.986
14600,126.492
14601,126.074
14602,125.022
14603,123.99
14604,122.439
14605,120.468
14606,117.743
14607,116.17
14608,114.032
14609,111.989
14610,111.494
14611,109.06
14612,108.93
14613,108.993
14614,109.754
14615,111.68
14616,110.567
14617,112.054
14618,113.579
14619,114.445
14620,115.379
14621,115.889
14622,116.088
14623,116.311
14624,116.643
14625,117.6
14626,115.181
14627,116.291
14628,114.252
14629,114.499
14630,112.725
14631,113.285
14632,112.362
14633,112.99
14634,112.415
14635,113.257
14636,115.424
14637,115.688
14638,117.225
14639,119.677
14640,121.642
14641,122.882
14642,124.007
14643,125.257
14644,126.087
14645,126.515
14646,126.726
14647,126.618
14648,126.278
14649,125.497
14650,124.514
14651,122.816
14652,120.658
14653,118.077
14654,115.504
14655,112.227
14656,110.249
14657,108.175
14658,104.918
14659,102.796
14660,101.643
14661,101.752
14662,104.994
14663,104.924
14664,106.998
14665,108.434
14666,108.765
14667,112.028
14668,112.904
14669,114.8
14670,114.236
14671,114.93
14672,115.525
14673,115.226
14674,113.836
14675,113.989
14676,114.15
14677,114.126
14678,112.907
14679,112.942
14680,113.255
14681,114.108
14682,114.498
14683,115.781
14684,116.123
14685,117.539
14686,118.828
14687,119.959
14688,121.2
14689,122.401
14690,123.238
14691,124.273
14692,125.178
14693,125.943
14694,125.965
14695,126.423
14696,126.563
14697,126.264
14698,126.144
14699,125.194
14700,124.518
14701,123.555
14702,121.975
14703,121.059
14704,118.604
14705,116.6
14706,115.485
14707,112.615
14708,111.983
14709,112.577
14710,111.707
14711,110.911
14712,109.941
14713,112.884
14714,112.482
14715,113.626
14716,113.664
14717,114.195
14718,113.443
14719,114.946
14720,115.209
14721,113.524
14722,114.536
14723,114.463
14724,114.662
14725,114.435
14726,114.238
14727,114.941
14728,116.053
14729,116.209
14730,117.171
14731,117.915
14732,118.668
14733,120.081
14734,121.385
14735,122.157
14736,123.059
14737,123.991
14738,124.507
14739,124.909
14740,125.258
14741,125.89
14742,126.216
14743,126.396
14744,126.529
14745,126.648
14746,126.314
14747,126.113
14748,125.811
14749,125.028
14750,124.438
14751,123.11
14752,122.094
14753,120.528
14754,119.462
14755,117.797
14756,116.536
14757,115.09
14758,113.724
14759,113.942
14760,113.916
14761,112.63
14762,114.352
14763,114.583
14764,114.835
14765,115.491
14766,116.338
14767,117.568
14768,117.19
14769,117.662
14770,117.828
14771,116.554
14772,116.609
14773,115.762
14774,115.926
14775,115.659
14776,115.374
14777,114.887
14778,115.358
14779,116.77
14780,117.561
14781,119.294
14782,120.575
14783,121.835
14784,122.989
14785,124.174
14786,125.111
14787,125.819
14788,126.546
14789,126.929
14790,127.109
14791,127.02
14792,126.833
14793,126.193
14794,125.527
14795,124.433
14796,122.904
14797,121.918
14798,119.177
14799,116.196
14800,114.754
14801,111.68
14802,109.804
14803,107.691
14804,106.673
14805,106.65
14806,105.963
14807,107.702
14808,107.604
14809,109.641
14810,112.643
14811,113.663
14812,115.397
14813,116.783
14814,116.147
14815,118.689
14816,117.925
14817,118.898
14818,117.759
14819,117.394
14820,117.452
14821,115.639
14822,114.478
14823,113.882
14824,113.838
14825,112.112
14826,113.592
14827,114.495
14828,114.034
14829,116.324
14830,118.255
14831,119.38
14832,122.137
14833,123.21
14834,124.751
14835,125.679
14836,126.258
14837,126.689
14838,126.79
14839,126.885
14840,126.59
14841,126.206
14842,125.54
14843,124.152
14844,122.826
14845,121.294
14846,119.727
14847,117.85
14848,115.319
14849,112.998
14850,110.577
14851,110.104
14852,108.272
14853,107.87
14854,109.108
14855,108.752
14856,109.561
14857,112.346
14858,113.597
14859,114.381
14860,115.642
14861,116.876
14862,117.311
14863,117.344
14864,117.543
14865,117.317
14866,116.572
14867,116.705
14868,115.09
14869,114.224
14870,113.918
14871,112.256
14872,111.428
14873,111.988
14874,112.477
14875,114.101
14876,114.791
14877,116.712
14878,118.389
14879,120.268
14880,122.26
14881,123.83
14882,124.933
14883,125.654
14884,126.541
14885,126.892
14886,127.116
14887,126.857
14888,126.539
14889,126.135
14890,125.09
14891,123.978
14892,122.517
14893,120.749
14894,119.127
14895,117.188
14896,115.045
14897,112.832
14898,109.478
14899,108.487
14900,109.318
14901,107.894
14902,108.855
14903,109.364
14904,110.333
14905,111.713
14906,112.551
14907,111.998
14908,113.364
14909,114.952
14910,115.533
14911,115.366
14912,117.13
14913,116.382
14914,116.115
14915,114.914
14916,114.689
14917,114.2
14918,113.061
14919,113.197
14920,113.834
14921,113.88
14922,113.399
14923,114.198
14924,115.537
14925,116.923
14926,118.203
14927,119.676
14928,121.749
14929,123.55
14930,124.6
14931,125.72
14932,126.432
14933,126.868
14934,126.945
14935,126.91
14936,126.583
14937,125.888
14938,125.271
14939,124.055
14940,122.621
14941,120.432
14942,118.565
14943,116.679
14944,114.861
14945,112.37
14946,110.559
14947,109.326
14948,109.629
14949,108.875
14950,111.238
14951,110.766
14952,111.946
14953,112.62
14954,113.549
14955,115.016
14956,116.054
14957,116.095
14958,115.74
14959,116.803
14960,116.506
14961,116.045
14962,116.245
14963,115.444
14964,114.575
14965,114.375
14966,114.807
14967,113.105
14968,112.699
14969,113.14
14970,113.222
14971,114.571
14972,115.371
14973,116.225
14974,117.93
14975,119.974
14976,121.816
14977,122.977
14978,124.179
14979,125.494
14980,125.861
14981,126.653
14982,126.629
14983,126.567
14984,126.285
14985,125.654
14986,124.584
14987,123.031
14988,120.945
14989,118.849
14990,115.679
14991,113.038
14992,110.67
14993,105.512
14994,104.946
14995,104.476
14996,105.245
14997,104.397
14998,103.007
14999,106.598
15000,107.141
15001,108.641
15002,111.031
15003,111.064
15004,113.181
15005,114.341
15006,114.858
15007,115.228
15008,115.463
15009,114.701
15010,115.75
15011,114.318
15012,114.823
15013,114.078
15014,114.002
15015,113.019
15016,113.401
15017,114.591
15018,114.295
15019,115.458
15020,116.115
15021,117.301
15022,118.513
15023,119.555
15024,121.847
15025,122.497
15026,123.773
15027,124.702
15028,125.356
15029,125.815
15030,126.08
15031,126.314
15032,126.566
15033,126.467
15034,125.978
15035,125.22
15036,124.6
15037,123.227
15038,122.128
15039,120.27
15040,118.4
15041,116.863
15042,115.047
15043,113.845
15044,112.535
15045,111.161
15046,111.297
15047,110.29
15048,111.27
15049,112.126
15050,113.4
15051,113.062
15052,114.522
15053,113.806
15054,114.231
15055,114.814
15056,115.816
15057,114.79
15058,114.421
15059,113.854
15060,114.016
15061,114.468
15062,114.413
15063,115.021
15064,115.567
15065,116.444
15066,117.188
15067,117.709
15068,119.711
15069,119.854
15070,121.256
15071,121.508
15072,122.501
15073,123.834
15074,124.266
15075,125.156
15076,125.754
15077,126.013
15078,126.064
15079,126.583
15080,126.576
15081,126.628
15082,126.316
15083,126.233
15084,125.893
15085,124.94
15086,124.043
15087,123.065
15088,122.055
15089,120.58
15090,119.551
15091,118.088
15092,116.206
15093,116.242
15094,114.532
15095,114.294
15096,113.849
15097,112.693
15098,114.253
15099,114.554
15100,115.175
15101,116.695
15102,116.822
15103,116.967
15104,117.157
15105,118.119
15106,117.969
15107,116.847
15108,116.727
15109,117.993
15110,115.875
15111,115.049
15112,116.095
15113,115.61
15114,115.448
15115,116.394
15116,116.937
15117,118.821
15118,119.554
15119,121.532
15120,122.766
15121,124.261
15122,125.108
15123,125.918
15124,126.669
15125,127.061
15126,127.059
15127,127.002
15128,126.641
15129,126.347
15130,125.762
15131,124.505
15132,123.155
15133,121.564
15134,119.274
15135,116.913
15136,114.455
15137,111.993
15138,110.257
15139,107.94
15140,107.932
15141,106.995
15142,106.718
15143,107.17
15144,107.527
15145,110.457
15146,111.899
15147,112.222
15148,115.024
15149,116.913
15150,117.359
15151,117.81
15152,117.873
15153,118.461
15154,118.18
15155,118.282
15156,117.78
15157,116.096
15158,115.054
15159,114.454
15160,113.457
15161,113.452
15162,112.592
15163,113.18
15164,114.582
15165,116.752
15166,118.328
15167,120.616
15168,121.571
15169,123.513
15170,124.616
15171,125.752
15172,126.455
15173,126.813
15174,126.946
15175,126.909
15176,126.515
15177,126.111
15178,125.555
15179,123.93
15180,122.993
15181,121.332
15182,119.205
15183,117.828
15184,115.34
15185,113.173
15186,111.409
15187,109.918
15188,109.371
15189,110.541
15190,109.326
15191,109.296
15192,110.351
15193,111.618
15194,112.275
15195,114.14
15196,114.973
15197,115.714
15198,116.196
15199,117.183
15200,117.565
15201,117.772
15202,116.939
15203,116.333
15204,115.773
15205,114.24
15206,114.429
15207,113.165
15208,112.121
15209,112.898
15210,112.67
15211,114.58
15212,115.808
15213,117.363
15214,118.912
15215,120.23
15216,122.163
15217,123.99
15218,124.845
15219,125.711
15220,126.319
15221,126.696
15222,127.09
15223,126.845
15224,126.742
15225,125.951
15226,125.167
15227,123.939
15228,122.472
15229,120.853
15230,118.897
15231,116.327
15232,114.452
15233,113.324
15234,110.599
15235,111.017
15236,109.82
15237,109.526
15238,108.265
15239,109.1
15240,110.207
15241,111.783
15242,112.452
15243,113.319
15244,113.555
15245,114.95
15246,115.826
15247,116.441
15248,116.068
15249,117.628
15250,115.987
15251,115.836
15252,115.322
15253,113.724
15254,113.358
15255,114.242
15256,113.022
15257,113.865
15258,113.317
15259,114.42
15260,116.478
15261,116.897
15262,118.21
15263,120.257
15264,121.82
15265,123.347
15266,125.012
15267,125.784
15268,126.235
15269,126.846
15270,127.097
15271,126.818
15272,126.821
15273,125.953
15274,125.301
15275,124.155
15276,122.269
15277,120.471
15278,118.529
15279,116.663
15280,114.211
15281,111.843
15282,111.106
15283,110.206
15284,111.331
15285,110.594
15286,110.404
15287,109.139
15288,111.148
15289,112.665
15290,113.23
15291,115.123
15292,115.805
15293,115.543
15294,116.63
15295,116.836
15296,116.189
15297,117.094
15298,116.056
15299,115.091
15300,115.777
15301,115.123
15302,113.446
15303,113.223
15304,112.614
15305,113.015
15306,114.285
15307,114.962
15308,115.337
15309,116.182
15310,118.362
15311,120.002
15312,121.944
15313,122.981
15314,124.194
15315,125.45
15316,126.214
15317,126.486
15318,126.951
15319,126.723
15320,126.344
15321,125.6
15322,124.686
15323,122.945
15324,120.89
15325,118.412
15326,116.42
15327,112.704
15328,110.425
15329,108.203
15330,104.417
15331,103.82
15332,102.181
15333,104.109
15334,104.016
15335,105.052
15336,107.368
15337,109.462
15338,110.231
15339,111.579
15340,113.136
15341,114.608
15342,114.442
15343,115.785
15344,115.496
15345,114.83
15346,115.085
15347,114.085
15348,113.187
15349,113.667
15350,113.776
15351,113.47
15352,113.615
15353,113.798
15354,114.962
15355,114.871
15356,116.218
15357,117.35
15358,118.104
15359,120.306
15360,121.234
15361,122.517
15362,123.338
15363,124.589
15364,125.382
15365,125.849
15366,126.189
15367,126.492
15368,126.661
15369,126.276
15370,126.087
15371,125.31
15372,124.595
15373,123.623
15374,122.22
15375,120.778
15376,118.602
15377,116.928
15378,115.998
15379,113.682
15380,113.347
15381,111.553
15382,109.815
15383,111.772
15384,112.272
15385,111.133
15386,111.73
15387,113.514
15388,113.82
15389,113.705
15390,114.384
15391,114.526
15392,114.538
15393,114.598
15394,114.642
15395,113.519
15396,113.732
15397,114.71
15398,115.184
15399,114.83
15400,114.951
15401,116.154
15402,117.244
15403,118.47
15404,119.423
15405,120.156
15406,121.001
15407,122.451
15408,123.007
15409,123.823
15410,124.44
15411,125.136
15412,125.726
15413,126.063
15414,126.37
15415,126.31
15416,126.728
15417,126.525
15418,126.433
15419,126.073
15420,125.629
15421,125.209
15422,124.498
15423,123.242
15424,122.424
15425,119.919
15426,119.723
15427,117.667
15428,116.712
15429,116.108
15430,114.158
15431,114.624
15432,114.142
15433,113.374
15434,114.885
15435,114.355
15436,116.188
15437,116.723
15438,117.327
15439,116.283
15440,118.162
15441,117.694
15442,117.284
15443,117.639
15444,117.026
15445,116.724
15446,116.085
15447,115.817
15448,116.116
15449,115.745
15450,116.331
15451,116.012
15452,117.496
15453,118.697
15454,120.104
15455,122.083
15456,122.904
15457,124.042
15458,125.18
15459,126.076
15460,126.607
15461,126.924
15462,127.096
15463,127.075
15464,126.962
15465,126.546
15466,125.563
15467,124.525
15468,122.82
15469,121.558
15470,119.674
15471,117.837
15472,115.358
15473,112.672
15474,110.76
15475,108.951
15476,106.232
15477,106.139
15478,103.856
15479,108.846
15480,109.469
15481,111.271
15482,111.919
15483,113.475
15484,114.637
15485,115.874
15486,116.884
15487,117.888
15488,118.673
15489,118.266
15490,118.671
15491,118.206
15492,117.845
15493,115.408
15494,115.116
15495,114.24
15496,112.943
15497,113.251
15498,114.659
15499,114.139
15500,114.157
15501,116.344
15502,118.696
15503,120.218
15504,121.863
15505,123.5
15506,124.358
15507,125.601
15508,126.268
15509,126.653
15510,126.901
15511,127.015
15512,126.564
15513,126.167
15514,125.55
15515,124.382
15516,122.933
15517,121.26
15518,119.647
15519,117.664
15520,114.763
15521,114.275
15522,111.652
15523,109.92
15524,108.504
15525,108.784
15526,109.243
15527,110.847
15528,110.49
15529,111.265
15530,113.499
15531,114.129
15532,116.288
15533,116.396
15534,117.076
15535,117.706
15536,117.475
15537,118.121
15538,116.56
15539,116.61
15540,115.419
15541,114.582
15542,114.024
15543,113.37
15544,112.974
15545,111.708
15546,112.034
15547,114.165
15548,114.858
15549,116.873
15550,118.148
15551,120.638
15552,121.918
15553,123.816
15554,124.835
15555,125.849
15556,126.471
15557,126.767
15558,127.02
15559,126.924
15560,126.568
15561,126.072
15562,124.972
15563,123.925
15564,122.841
15565,121.011
15566,118.796
15567,117.023
15568,115.427
15569,113.649
15570,111.694
15571,110.54
15572,108.94
15573,107.962
15574,108.967
15575,110.923
15576,109.222
15577,109.717
15578,111.832
15579,113.79
15580,113.816
15581,114.96
15582,116.446
15583,116.295
15584,115.568
15585,116.412
15586,116.385
15587,115.59
15588,115.548
15589,115.053
15590,114.454
15591,113.077
15592,113.875
15593,113.337
15594,114.49
15595,113.263
15596,115.59
15597,116.754
15598,118.694
15599,120.03
15600,122.314
15601,123.517
15602,124.582
15603,125.772
15604,126.423
15605,127.075
15606,127.073
15607,126.973
15608,126.599
15609,126.135
15610,125.361
15611,124.061
15612,122.594
15613,120.342
15614,118.55
15615,116.081
15616,114.87
15617,112.326
15618,110.819
15619,109.689
15620,110.404
15621,110.108
15622,110.113
15623,109.667
15624,111.229
15625,112.425
15626,113.001
15627,114.908
15628,115.95
15629,116.209
15630,117.034
15631,116.814
15632,117.272
15633,116.755
15634,116.365
15635,115.305
15636,115.052
15637,114.005
15638,113.918
15639,113.809
15640,113.007
15641,113.359
15642,113.805
15643,114.271
15644,115.767
15645,116.631
15646,117.615
15647,119.631
15648,122.098
15649,123.112
15650,124.372
15651,125.226
15652,126.107
15653,126.59
15654,126.669
15655,126.677
15656,126.4
15657,125.558
15658,124.862
15659,122.583
15660,121.017
15661,119.017
15662,116.259
15663,113.597
15664,110.541
15665,107.175
15666,106.504
15667,103.792
15668,103.99
15669,104.169
15670,103.544
15671,104.973
15672,106.917
15673,109.7
15674,112.129
15675,111.785
15676,113.597
15677,112.987
15678,114.817
15679,115.234
15680,115.754
15681,115.641
15682,115.095
15683,114.241
15684,114.245
15685,113.409
15686,113.24
15687,112.956
15688,114.155
15689,113.229
15690,114.155
15691,114.943
15692,116.839
15693,117.595
15694,118.925
15695,120.354
15696,121.617
15697,122.858
15698,123.525
15699,124.671
15700,125.449
15701,125.787
15702,126.293
15703,126.451
15704,126.504
15705,126.527
15706,125.852
15707,125.521
15708,124.617
15709,123.47
15710,122.308
15711,120.293
15712,118.541
15713,116.635
15714,114.808
15715,113.265
15716,113.038
15717,111.768
15718,111.476
15719,111.075
15720,111.89
15721,112.294
15722,112.049
15723,112.715
15724,113.262
15725,114.48
15726,114.647
15727,115.627
15728,115.325
15729,114.191
15730,114.537
15731,115.174
15732,114.5
15733,114.344
15734,114.819
15735,114.742
15736,116.023
15737,116.137
15738,117.834
15739,117.576
15740,118.721
15741,119.894
15742,121.485
15743,122.48
15744,122.402
15745,123.915
15746,124.517
15747,125.394
15748,125.742
15749,125.977
15750,126.334
15751,126.541
15752,126.666
15753,126.476
15754,126.417
15755,126.053
15756,125.702
15757,125.335
15758,124.463
15759,123.6
15760,122.375
15761,121.123
15762,120.118
15763,117.253
15764,116.707
15765,115.184
15766,114.853
15767,113.99
15768,114.421
15769,114.603
15770,114.33
15771,114.452
15772,115.346
15773,116.064
15774,116.748
15775,117.84
15776,117.795
15777,117.747
15778,118.237
15779,117.587
15780,117.288
15781,115.893
15782,115.853
15783,115.505
15784,114.793
15785,115.016
15786,115.724
15787,116.844
15788,117.179
15789,119.078
15790,120.706
15791,121.43
15792,122.903
15793,124.157
15794,125.069
15795,125.939
15796,126.471
15797,126.985
15798,127.096
15799,127.045
15800,126.702
15801,126.38
15802,125.584
15803,124.879
15804,123.084
15805,121.239
15806,119.76
15807,117.319
15808,114.49
15809,112.573
15810,111.288
15811,108.929
15812,106.634
15813,107.674
15814,106.634
15815,106.381
15816,109.559
15817,110.623
15818,111.537
15819,113.142
15820,113.751
15821,116.549
15822,117.881
15823,118.469
15824,118.415
15825,117.959
15826,118.319
15827,117.604
15828,116.762
15829,115.451
15830,115.313
15831,114.074
15832,113.916
15833,114.275
15834,113.537
15835,113.733
15836,115.034
15837,116.912
15838,117.797
15839,120.445
15840,121.968
15841,123.216
15842,124.901
15843,125.585
15844,126.122
15845,126.665
15846,127.026
15847,127.092
15848,126.643
15849,126.165
15850,125.472
15851,124.458
15852,122.816
15853,121.686
15854,119.005
15855,117.532
15856,115.741
15857,114.253
15858,112.802
15859,110.519
15860,109.611
15861,108.407
15862,109.021
15863,109.975
15864,111.249
15865,110.817
15866,113.682
15867,114.899
15868,115.141
15869,117.385
15870,116.86
15871,116.892
15872,118.038
15873,117.716
15874,117.303
15875,116.667
15876,116.156
15877,115.219
15878,114.48
15879,114.194
15880,111.838
15881,112.376
15882,113.079
15883,113.628
15884,115.97
15885,116.708
15886,118.797
15887,120.29
15888,122.437
15889,123.574
15890,124.825
15891,126.098
15892,126.667
15893,126.821
15894,126.999
15895,126.835
15896,126.734
15897,126.115
15898,125.154
15899,124.04
15900,122.65
15901,120.403
15902,119.201
15903,117.051
15904,114.947
15905,114.055
15906,112.084
15907,110.261
15908,109.756
15909,109.087
15910,109.037
15911,108.064
15912,109.851
15913,111.189
15914,112.494
15915,113.328
15916,113.897
15917,114.827
15918,115.742
15919,116.513
15920,116.247
15921,116.157
15922,116.876
15923,115.882
15924,115.155
15925,114.66
15926,114.077
15927,113.446
15928,114.569
15929,113.258
15930,113.986
15931,114.708
15932,115.269
15933,117.016
15934,119.441
15935,120.394
15936,122.375
15937,123.33
15938,124.746
15939,125.675
15940,126.437
15941,126.951
15942,126.903
15943,127.04
15944,126.664
15945,126.105
15946,125.386
15947,124.315
15948,122.646
15949,120.255
15950,119.209
15951,116.013
15952,115.602
15953,113.753
15954,111.384
15955,110.374
15956,109.833
15957,109.873
15958,108.927
15959,112.363
15960,111.416
15961,112.526
15962,113.876
15963,115.428
15964,115.149
15965,116.912
15966,116.722
15967,117.327
15968,116.652
15969,116.917
15970,116.111
15971,115.821
15972,115.597
15973,115.419
15974,112.833
15975,113.727
15976,113.569
15977,113.619
15978,113.163
15979,114.046
15980,116.188
15981,117.092
15982,118.252
15983,119.887
15984,121.519
15985,123.051
15986,124.436
15987,125.546
15988,126.076
15989,126.531
15990,126.813
15991,126.669
15992,126.514
15993,125.657
15994,124.589
15995,123.142
15996,121.325
15997,118.267
15998,115.818
15999,111.945
16000,110.551
16001,107.294
16002,105.977
16003,105.873
16004,104.912
16005,102.878
16006,102.943
16007,106.835
16008,107.123
16009,108.597
16010,110.5
16011,111.868
16012,113.376
16013,113.586
16014,114.06
16015,114.793
16016,114.541
16017,115.714
16018,115.232
16019,114.787
16020,114.683
16021,113.735
16022,113.565
16023,113.501
16024,113.056
16025,114.636
16026,114.463
16027,115.726
16028,116.547
16029,117.868
16030,118.405
16031,120.852
16032,121.74
16033,122.708
16034,123.868
16035,124.603
16036,125.089
16037,125.863
16038,126.086
16039,126.435
16040,126.58
16041,126.256
16042,125.92
16043,125.508
16044,124.504
16045,123.916
16046,121.98
16047,120.735
16048,118.447
16049,117.229
16050,115.316
16051,113.611
16052,112.88
16053,112.916
16054,111.485
16055,112.055
16056,111.685
16057,111.843
16058,112.606
16059,112.952
16060,113.573
16061,114.123
16062,115.535
16063,114.215
16064,115.845
16065,115.053
16066,116.24
16067,114.846
16068,114.632
16069,114.13
16070,115.127
16071,115.069
16072,116.56
16073,116.815
16074,116.823
16075,118.336
16076,118.989
16077,119.942
16078,121.089
16079,122.347
16080,122.769
16081,124.033
16082,124.667
16083,125.219
16084,125.632
16085,126.19
16086,126.426
16087,126.29
16088,126.483
16089,126.658
16090,126.458
16091,125.952
16092,126.089
16093,125.166
16094,124.413
16095,123.293
16096,122.085
16097,120.671
16098,119.974
16099,117.957
16100,116.238
16101,115.599
16102,114.35
16103,113.911
16104,113.54
16105,113.658
16106,115.138
16107,114.031
16108,115.699
16109,116.025
16110,116.699
16111,117.485
16112,117.912
16113,117.506
16114,118.356
16115,117.335
16116,117.054
16117,117.083
16118,116.708
16119,115.711
16120,115.928
16121,115.197
16122,115.445
16123,117.345
16124,117.601
16125,118.628
16126,120.032
16127,121.106
16128,122.738
16129,124.203
16130,125.18
16131,126.196
16132,126.695
16133,126.992
16134,127.104
16135,127.042
16136,126.834
16137,126.375
16138,125.73
16139,124.411
16140,123.337
16141,121.529
16142,118.856
16143,117.598
16144,114.563
16145,112.406
16146,110.578
16147,109.43
16148,107.991
16149,105.616
16150,106.153
16151,110.567
16152,109.883
16153,110.932
16154,111.012
16155,114.009
16156,115.738
16157,116.353
16158,116.176
16159,118.333
16160,118.611
16161,118.298
16162,118.759
16163,117.977
16164,116.792
16165,116.853
16166,114.976
16167,114.035
16168,113.309
16169,113.102
16170,113.958
16171,114.685
16172,115.559
16173,117.373
16174,118.224
16175,120.068
16176,121.681
16177,123.752
16178,124.784
16179,125.421
16180,126.364
16181,126.771
16182,126.907
16183,126.977
16184,126.695
16185,126.255
16186,125.525
16187,124.52
16188,123.215
16189,121.429
16190,119.496
16191,116.928
16192,115.071
16193,113.743
16194,110.833
16195,110.917
16196,108.881
16197,108.931
16198,109.903
16199,111.434
16200,110.597
16201,111.957
16202,113.717
16203,114.66
16204,115.306
16205,116.71
16206,117.296
16207,118.679
16208,118.414
16209,117.771
16210,117.699
16211,116.47
16212,115.718
16213,114.864
16214,113.926
16215,112.927
16216,112.24
16217,112.863
16218,114.174
16219,113.797
16220,115.803
16221,116.581
16222,118.567
16223,120.588
16224,122.261
16225,123.264
16226,124.75
16227,125.756
16228,126.532
16229,126.825
16230,127.176
16231,126.803
16232,126.52
16233,125.97
16234,125.158
16235,123.957
16236,122.397
16237,120.289
16238,119.612
16239,115.567
16240,114.3
16241,113.421
16242,112.087
16243,109.901
16244,108.191
16245,109.859
16246,109.773
16247,109.443
16248,107.952
16249,111.332
16250,113.12
16251,112.81
16252,114.54
16253,114.917
16254,116.166
16255,116.251
16256,117.469
16257,116.67
16258,115.514
16259,116.197
16260,115.187
16261,115.663
16262,114.41
16263,113.54
16264,113.799
16265,113.336
16266,114.052
16267,114.593
16268,115.725
16269,116.716
16270,118.385
16271,120.144
16272,121.507
16273,123.108
16274,124.7
16275,125.668
16276,126.121
16277,126.781
16278,127.063
16279,126.946
16280,126.777
16281,126.345
16282,125.537
16283,124.039
16284,122.539
16285,120.801
16286,118.722
16287,117.202
16288,114.624
16289,113.051
16290,111.154
16291,110.819
16292,109.864
16293,109.129
16294,109.986
16295,111.191
16296,110.534
16297,111.604
16298,114.392
16299,114.537
16300,115.169
16301,116.071
16302,116.514
16303,116.547
16304,116.806
16305,116.425
16306,116.753
16307,116.037
16308,115.649
16309,115.384
16310,114.193
16311,113.185
16312,113.668
16313,113.746
16314,114.075
16315,114.422
16316,115.712
16317,116.936
16318,118.698
16319,119.819
16320,121.247
16321,123.174
16322,124.081
16323,125.231
16324,126.042
16325,126.569
16326,126.682
16327,126.74
16328,126.349
16329,125.509
16330,124.45
16331,122.733
16332,121.535
16333,118.645
16334,116.477
16335,112.167
16336,108.458
16337,106.986
16338,104.941
16339,103.616
16340,103.846
16341,103.353
16342,106.605
16343,106.958
16344,107.197
16345,110.263
16346,111.274
16347,113.264
16348,113.042
16349,114.478
16350,115.027
16351,115.35
16352,115.453
16353,116.043
16354,115.133
16355,114.855
16356,113.989
16357,113.884
16358,113.862
16359,113.632
16360,114.648
16361,114.129
16362,114.979
16363,115.569
16364,116.527
16365,117.238
16366,119.192
16367,119.75
16368,121.318
16369,122.458
16370,123.459
16371,124.721
16372,125.457
16373,125.783
16374,126.371
16375,126.414
16376,126.528
16377,126.208
16378,126.058
16379,125.469
16380,124.622
16381,123.411
16382,122.102
16383,121.267
16384,118.726
16385,116.389
16386,114.698
16387,113.499
16388,113.829
16389,110.765
16390,111.622
16391,111.131
16392,112.05
16393,112.096
16394,111.967
16395,112.788
16396,113.557
16397,114.3
16398,115.438
16399,115.329
16400,115.36
16401,115.187
16402,114.799
16403,113.919
16404,114.233
16405,115.445
16406,115.349
16407,114.074
16408,115.319
16409,116.344
16410,116.216
16411,117.942
16412,119.346
16413,120.487
16414,121.456
16415,122.176
16416,122.905
16417,123.954
16418,124.594
16419,125.303
16420,125.921
16421,126.09
16422,126.345
16423,126.414
16424,126.568
16425,126.605
16426,126.472
16427,125.873
16428,125.666
16429,125.101
16430,124.306
16431,123.542
16432,122.465
16433,121.368
16434,119.79
16435,118.661
16436,116.295
16437,115.612
16438,114.783
16439,114.208
16440,114.623
16441,114.24
16442,113.44
16443,115.717
16444,116.073
16445,117.068
16446,117.208
16447,117.355
16448,117.678
16449,118.492
16450,117.993
16451,116.989
16452,117.415
16453,117.075
16454,116.004
16455,115.051
16456,115.786
16457,115.762
16458,115.979
16459,116.952
16460,117.908
16461,119.027
16462,119.674
16463,121.075
16464,122.964
16465,124.246
16466,125.011
16467,126.024
16468,126.451
16469,127.022
16470,127.114
16471,126.966
16472,126.81
16473,126.252
16474,125.417
16475,124.531
16476,123.262
16477,121.409
16478,119.259
16479,116.685
16480,115.023
16481,112.812
16482,111.5
16483,109.13
16484,107.771
16485,107.027
16486,106.462
16487,107.097
16488,108.627
16489,110.397
16490,112.441
16491,114.167
16492,115.052
16493,115.764
16494,116.222
16495,118.671
16496,118.457
16497,118.607
16498,118.427
16499,117.875
16500,117.152
16501,116.029
16502,115.371
16503,113.844
16504,112.655
16505,113.062
16506,114.486
16507,115.001
16508,114.871
16509,116.263
16510,118.984
16511,120.697
16512,122.548
16513,123.693
16514,124.74
16515,125.509
16516,126.205
16517,126.823
16518,126.991
16519,126.917
16520,126.736
16521,126.17
16522,125.73
16523,124.51
16524,123.181
16525,121.173
16526,119.63
16527,117.712
16528,115.406
16529,113.222
16530,111.25
16531,109.946
16532,109.846
16533,107.915
16534,109.41
16535,109.98
16536,110.808
16537,111.184
16538,111.894
16539,114.272
16540,115.831
16541,116.738
16542,117.707
16543,117.857
16544,117.519
16545,117.132
16546,117.325
16547,116.51
16548,115.691
16549,115.441
16550,115.204
16551,113.625
16552,113.472
16553,113.206
16554,114.118
16555,113.09
16556,115.108
16557,117.455
16558,118.436
16559,120.433
16560,122.122
16561,123.684
16562,125.202
16563,125.816
16564,126.423
16565,126.843
16566,127.031
16567,126.994
16568,126.578
16569,125.885
16570,125.021
16571,124.234
16572,122.706
16573,121.156
16574,118.981
16575,117.661
16576,114.801
16577,113.589
16578,111.099
16579,109.852
16580,109.754
16581,109.343
16582,110.361
16583,109.181
16584,110.185
16585,111.945
16586,112.113
16587,113.136
16588,114.473
16589,115.149
16590,115.487
16591,116.207
16592,115.76
16593,116.117
16594,115.735
16595,116.451
16596,115.728
16597,114.842
16598,113.875
16599,114.447
16600,112.867
16601,113.371
16602,113.816
16603,114.434
16604,115.768
16605,116.94
16606,118.64
16607,120.318
16608,121.923
16609,123.736
16610,124.913
16611,125.716
16612,126.501
16613,126.692
16614,127.104
16615,127.029
16616,126.704
16617,126.102
16618,125.13
16619,124.03
16620,122.607
16621,120.716
16622,119.143
16623,116.395
16624,114.67
16625,112.492
16626,111.677
16627,111.597
16628,110.053
16629,109.973
16630,110.571
16631,111.329
16632,112.613
16633,113.876
16634,114.37
16635,115.801
16636,116.144
16637,117.3
16638,117.341
16639,117.336
16640,117.061
16641,116.662
16642,116.265
16643,116.35
16644,114.74
16645,114.65
16646,113.64
16647,114.365
16648,113.075
16649,112.383
16650,114.189
16651,114.262
16652,115.355
16653,115.971
16654,118.477
16655,120.353
16656,121.44
16657,123.126
16658,124.435
16659,125.247
16660,126.122
16661,126.49
16662,126.689
16663,126.566
16664,126.419
16665,125.786
16666,124.681
16667,123.054
16668,120.846
16669,119.156
16670,116.605
16671,113.875
16672,110.478
16673,107.874
16674,104.956
16675,104.766
16676,103.768
16677,104.817
16678,102.925
16679,107.188
16680,106.396
16681,110.178
16682,110.283
16683,112.341
16684,113.453
16685,114.158
16686,114.847
16687,115.86
16688,115.695
16689,114.568
16690,114.964
16691,114.814
16692,114.094
16693,113.727
16694,114.053
16695,113.98
16696,113.573
16697,113.878
16698,115.12
16699,115.704
16700,116.345
16701,117.678
16702,119.213
16703,119.966
16704,121.876
16705,122.471
16706,123.676
16707,124.598
16708,125.25
16709,125.79
16710,126.445
16711,126.469
16712,126.492
16713,126.396
16714,125.954
16715,125.417
16716,124.634
16717,123.636
16718,121.777
16719,121.704
16720,118.893
16721,117.135
16722,115.295
16723,113.581
16724,112.83
16725,110.899
16726,111.017
16727,112.022
16728,111.345
16729,112.061
16730,112.316
16731,112.774
16732,113.405
16733,115.542
16734,114.241
16735,115.398
16736,115.298
16737,114.459
16738,114.741
16739,115.057
16740,114.474
16741,114.298
16742,114.354
16743,115.113
16744,115.948
16745,116.038
16746,116.736
16747,118.802
16748,119.479
16749,120.059
16750,121.116
16751,121.976
16752,123.027
16753,123.828
16754,124.617
16755,125.362
16756,125.734
16757,126.107
16758,126.196
16759,126.562
16760,126.542
16761,126.556
16762,126.431
16763,125.986
16764,125.901
16765,125.143
16766,124.365
16767,123.332
16768,121.931
16769,120.65
16770,119.291
16771,117.338
16772,115.718
16773,115.749
16774,114.399
16775,115.011
16776,113.857
16777,114.062
16778,113.394
16779,115.158
16780,116.281
16781,116.573
16782,115.878
16783,117.723
16784,118.624
16785,118.259
16786,117.351
16787,117.66
16788,117.652
16789,116.596
16790,116.971
16791,115.58
16792,116.277
16793,115.198
16794,115.904
16795,116.423
16796,116.911
16797,118.955
16798,120.252
16799,121.556
16800,123.241
16801,123.813
16802,125.35
16803,126.062
16804,126.402
16805,126.98
16806,127.087
16807,127.102
16808,126.761
16809,126.339
16810,125.419
16811,124.602
16812,122.997
16813,121.444
16814,119.732
16815,117.124
16816,114.948
16817,112.563
16818,110.257
16819,108.403
16820,107.247
16821,107.422
16822,106.607
16823,106.986
16824,107.595
16825,109.893
16826,111.311
16827,113.579
16828,115.283
16829,116.18
16830,116.904
16831,117.406
16832,118.894
16833,118.258
16834,118.178
16835,118.018
16836,117.227
16837,115.924
16838,114.902
16839,114.666
16840,113.104
16841,114.519
16842,114.411
16843,113.718
16844,115.695
16845,117.964
16846,118.482
16847,119.851
16848,121.654
16849,123.141
16850,124.672
16851,125.638
16852,126.363
16853,126.717
16854,126.991
16855,126.831
16856,126.683
16857,125.959
16858,125.384
16859,124.271
16860,122.887
16861,121.382
16862,119.601
16863,117.767
16864,115.242
16865,113.003
16866,111.872
16867,110.052
16868,109.462
16869,109.926
16870,110.77
16871,109.506
16872,109.723
16873,112.538
16874,113.929
16875,114.882
16876,115.501
16877,116.489
16878,117.122
16879,117.776
16880,117.907
16881,118.221
16882,117.522
16883,115.826
16884,115.689
16885,114.516
16886,114.261
16887,113.811
16888,112.632
16889,112.822
16890,113.383
16891,114.923
16892,115.548
16893,116.46
16894,118.911
16895,119.711
16896,122.376
16897,123.989
16898,124.82
16899,125.94
16900,126.468
16901,126.741
16902,126.954
16903,126.812
16904,126.559
16905,125.923
16906,125.231
16907,124.155
16908,122.607
16909,120.647
16910,118.998
16911,116.812
16912,114.173
16913,112.739
16914,110.507
16915,110.4
16916,109.445
16917,109.482
16918,108.042
16919,108.824
16920,110.273
16921,110.842
16922,112.397
16923,111.822
16924,113.735
16925,113.788
16926,116.336
16927,116.282
16928,116.353
16929,117.345
16930,116.103
16931,115.251
16932,115.544
16933,113.79
16934,113.185
16935,114.932
16936,113.418
16937,113.999
16938,113.261
16939,114.849
16940,115.572
16941,117.109
16942,118.399
16943,120.347
16944,121.956
16945,123.178
16946,124.52
16947,125.579
16948,126.306
16949,126.721
16950,127.007
16951,126.923
16952,126.793
16953,126.233
16954,125.057
16955,124.176
16956,122.383
16957,121.188
16958,119.014
16959,116.264
16960,114.832
16961,112.881
16962,111.264
16963,110.889
16964,109.462
16965,110.093
16966,109.637
16967,112.106
16968,111.943
16969,112.882
16970,113.331
16971,114.484
16972,115.351
16973,115.971
16974,116.569
16975,116.461
16976,116.513
16977,116.617
16978,116.365
16979,117.015
16980,114.589
16981,114.846
16982,113.468
16983,113.016
16984,112.763
16985,113.472
16986,113.708
16987,114.246
16988,115.079
16989,117.608
16990,117.7
16991,120.099
16992,121.448
16993,123.3
16994,124.683
16995,125.409
16996,126.163
16997,126.565
16998,126.721
16999,126.731
17000,126.218
17001,125.789
17002,124.749
17003,122.919
17004,121.154
17005,118.822
17006,115.419
17007,112.455
17008,109.151
17009,106.77
17010,104.897
17011,103.567
17012,103.313
17013,105.306
17014,103.952
17015,105.18
17016,106.209
17017,108.272
17018,109.599
17019,112.849
17020,113.312
17021,114.282
17022,115.398
17023,114.84
17024,115.106
17025,114.716
17026,115.306
17027,114.118
17028,114.499
17029,113.503
17030,113.774
17031,113.269
17032,114.597
17033,113.672
17034,115.036
17035,115.762
17036,116.276
17037,117.322
17038,119.123
17039,120.353
17040,121.189
17041,122.833
17042,123.746
17043,124.814
17044,125.21
17045,126.019
17046,126.289
17047,126.506
17048,126.669
17049,126.32
17050,126.166
17051,125.476
17052,124.391
17053,123.628
17054,121.897
17055,120.27
17056,119.103
17057,116.611
17058,115.547
17059,114.026
17060,112.878
17061,112.413
17062,111.0
17063,111.662
17064,112.174
17065,111.425
17066,112.661
17067,113.583
17068,113.972
17069,114.555
17070,114.71
17071,115.341
17072,114.872
17073,113.774
17074,114.42
17075,115.372
17076,115.036
17077,115.051
17078,114.56
17079,114.529
17080,116.475
17081,115.047
17082,116.529
17083,117.76
17084,119.481
17085,120.171
17086,121.516
17087,121.993
17088,123.002
17089,123.946
17090,124.81
17091,125.098
17092,125.554
17093,125.991
17094,126.283
17095,126.371
17096,126.454
17097,126.67
17098,126.436
17099,126.164
17100,125.651
17101,125.312
17102,124.554
17103,123.471
17104,122.441
17105,120.937
17106,118.995
17107,117.248
17108,116.634
17109,115.212
17110,113.563
17111,114.427
17112,113.513
17113,114.219
17114,114.461
17115,114.609
17116,114.864
17117,117.278
17118,117.126
17119,117.249
17120,117.705
17121,117.697
17122,118.332
17123,117.385
17124,116.769
17125,116.352
17126,115.741
17127,115.795
17128,115.464
17129,115.786
17130,115.941
17131,115.344
17132,117.782
17133,118.749
17134,120.504
17135,121.04
17136,123.06
17137,124.238
17138,125.228
17139,125.879
17140,126.483
17141,126.745
17142,126.993
17143,126.966
17144,126.967
17145,126.335
17146,125.786
17147,124.76
17148,122.914
17149,121.526
17150,119.283
17151,117.625
17152,114.655
17153,112.182
17154,109.709
17155,109.091
17156,107.967
17157,105.964
17158,106.756
17159,107.835
17160,107.85
17161,110.152
17162,110.26
17163,112.686
17164,115.25
17165,116.595
17166,116.904
17167,116.91
17168,117.972
17169,118.809
17170,118.691
17171,116.943
17172,116.456
17173,116.531
17174,115.658
17175,113.566
17176,113.857
17177,112.753
17178,114.574
17179,113.166
17180,115.545
17181,116.677
17182,119.012
17183,119.684
17184,121.427
17185,123.448
17186,124.599
17187,125.498
17188,126.227
17189,126.692
17190,126.978
17191,126.802
17192,126.513
17193,126.036
17194,125.383
17195,124.41
17196,123.223
17197,121.095
17198,119.411
17199,117.734
17200,115.756
17201,113.311
17202,112.121
17203,110.299
17204,109.804
17205,109.112
17206,107.846
17207,109.571
17208,110.324
17209,112.353
17210,113.459
17211,114.894
17212,115.84
17213,116.762
17214,117.061
17215,117.397
17216,117.854
17217,117.714
17218,117.63
17219,117.125
17220,115.618
17221,114.472
17222,113.329
17223,113.868
17224,111.458
17225,111.838
17226,111.689
17227,113.895
17228,115.447
17229,116.236
17230,118.771
17231,120.585
17232,122.088
17233,123.839
17234,124.745
17235,125.944
17236,126.258
17237,126.838
17238,126.864
17239,126.879
17240,126.441
17241,125.883
17242,125.199
17243,124.279
17244,122.205
17245,120.942
17246,118.438
17247,116.659
17248,115.033
17249,112.956
17250,111.521
17251,109.917
17252,109.027
17253,109.299
17254,108.08
17255,108.171
17256,110.328
17257,111.067
17258,112.715
17259,113.704
17260,113.753
17261,115.553
17262,115.686
17263,115.274
17264,116.755
17265,116.215
17266,116.565
17267,115.731
17268,115.04
17269,114.615
17270,114.329
17271,113.196
17272,113.378
17273,113.55
17274,112.946
17275,113.833
17276,115.061
17277,116.768
17278,118.958
17279,119.611
17280,121.905
17281,123.363
17282,124.402
17283,125.664
17284,126.278
17285,126.77
17286,126.893
17287,127.116
17288,126.851
17289,126.129
17290,125.237
17291,123.884
17292,122.752
17293,120.079
17294,118.527
17295,116.95
17296,114.347
17297,110.885
17298,110.726
17299,111.466
17300,110.02
17301,108.695
17302,110.459
17303,109.689
17304,111.927
17305,113.095
17306,113.018
17307,114.618
17308,114.117
17309,116.834
17310,116.419
17311,116.653
17312,117.409
17313,116.976
17314,116.005
17315,115.943
17316,114.684
17317,114.238
17318,113.507
17319,112.746
17320,113.186
17321,112.992
17322,113.108
17323,114.407
17324,116.76
17325,116.426
17326,118.42
17327,119.646
17328,121.154
17329,123.148
17330,124.162
17331,125.24
17332,126.112
17333,126.37
17334,126.802
17335,126.48
17336,126.148
17337,125.609
17338,124.563
17339,122.594
17340,120.961
17341,118.123
17342,114.945
17343,111.728
17344,109.783
17345,107.475
17346,105.184
17347,104.254
17348,102.901
17349,104.543
17350,103.968
17351,105.88
17352,107.419
17353,108.492
17354,110.654
17355,111.314
17356,112.822
17357,113.601
17358,114.451
17359,115.108
17360,114.379
17361,113.634
17362,114.68
17363,113.555
17364,114.136
17365,113.985
17366,114.123
17367,113.922
17368,114.03
17369,113.792
17370,114.921
17371,114.724
17372,116.187
17373,117.557
17374,118.844
17375,120.103
17376,121.427
17377,122.16
17378,123.151
17379,124.502
17380,125.156
17381,125.706
17382,126.148
17383,126.367
17384,126.441
17385,126.276
17386,126.166
17387,125.302
17388,124.305
17389,123.241
17390,121.904
17391,120.398
17392,118.545
17393,116.419
17394,114.569
17395,113.687
17396,112.3
17397,111.586
17398,111.394
17399,110.285
17400,110.282
17401,111.208
17402,112.84
17403,110.782
17404,113.582
17405,114.451
17406,113.97
17407,114.526
17408,114.657
17409,113.841
17410,114.809
17411,115.648
17412,114.004
17413,114.652
17414,114.296
17415,115.698
17416,115.673
17417,115.977
17418,116.782
17419,117.468
17420,118.796
17421,120.284
17422,121.149
17423,122.221
17424,123.168
17425,123.889
17426,124.385
17427,125.122
17428,125.866
17429,126.154
17430,126.178
17431,126.614
17432,126.629
17433,126.526
17434,126.35
17435,126.082
17436,125.657
17437,124.937
17438,123.984
17439,123.405
17440,122.103
17441,120.358
17442,119.357
17443,118.051
17444,116.105
17445,115.57
17446,113.9
17447,113.999
17448,113.5
17449,112.941
17450,113.562
17451,114.231
17452,114.336
17453,116.366
17454,117.261
17455,116.666
17456,117.274
17457,117.947
17458,117.327
17459,116.81
17460,117.007
17461,116.547
17462,116.153
17463,113.888
17464,114.281
17465,115.796
17466,115.139
17467,115.881
17468,117.679
17469,118.346
17470,120.31
17471,121.224
17472,123.058
17473,124.002
17474,125.104
17475,125.977
17476,126.593
17477,126.973
17478,127.003
17479,126.923
17480,126.715
17481,126.329
17482,125.476
17483,124.336
17484,123.105
17485,121.488
17486,119.685
17487,117.244
17488,113.809
17489,112.219
17490,110.822
17491,108.223
17492,108.097
17493,105.228
17494,105.638
17495,106.254
17496,106.921
17497,110.491
17498,110.628
17499,113.299
17500,113.013
17501,115.828
17502,117.035
17503,117.804
17504,117.921
17505,117.95
17506,117.658
17507,117.809
17508,116.981
17509,116.127
17510,114.523
17511,114.053
17512,113.262
17513,113.264
17514,113.423
17515,113.465
17516,115.922
17517,117.017
17518,117.779
17519,119.878
17520,121.251
