1,36.576
2,37.265
3,37.985
4,38.741
5,39.505
6,40.286
7,41.079
8,41.857
9,42.606
10,43.325
11,43.997
12,44.614
13,45.167
14,45.644
15,45.72
16,45.72
17,45.72
18,45.72
19,45.72
20,45.72
21,45.72
22,45.72
23,45.72
24,45.72
25,45.72
26,45.72
27,45.72
28,45.72
29,45.72
30,45.72
31,45.72
32,45.72
33,45.72
34,45.72
35,45.72
36,45.72
37,45.72
38,45.72
39,45.72
40,45.72
41,45.72
42,45.72
43,45.72
44,45.72
45,45.72
46,45.72
47,45.72
48,45.72
49,45.72
50,45.72
51,45.72
52,45.72
53,45.72
54,45.72
55,45.72
56,45.72
57,45.72
58,45.72
59,45.72
60,45.72
61,45.72
62,45.72
63,45.72
64,45.72
65,45.72
66,45.72
67,45.72
68,45.72
69,45.72
70,45.72
71,45.72
72,45.72
73,45.72
74,45.72
75,45.72
76,45.72
77,45.72
78,45.72
79,45.72
80,45.72
81,45.72
82,45.72
83,45.72
84,45.72
85,45.72
86,45.72
87,45.72
88,45.72
89,45.72
90,45.72
91,45.72
92,45.72
93,45.72
94,45.72
95,45.72
96,45.72
97,45.72
98,45.72
99,45.72
100,45.72
101,45.72
102,45.72
103,45.72
104,45.72
105,45.72
106,45.72
107,45.72
108,45.72
109,45.72
110,45.72
111,45.72
112,45.72
113,45.72
114,45.72
115,45.72
116,45.72
117,45.72
118,45.72
119,45.72
120,45.72
121,45.72
122,45.72
123,45.72
124,45.72
125,45.72
126,45.72
127,45.72
128,45.72
129,45.72
130,45.72
131,45.72
132,45.72
133,45.72
134,45.72
135,45.72
136,45.72
137,45.72
138,45.72
139,45.72
140,45.72
141,45.72
142,45.72
143,45.72
144,45.72
145,45.72
146,45.72
147,45.72
148,45.72
149,45.72
150,45.72
151,45.72
152,45.72
153,45.72
154,45.72
155,45.72
156,45.72
157,45.72
158,45.72
159,45.72
160,45.72
161,45.72
162,45.72
163,45.72
164,45.72
165,45.72
166,45.72
167,45.72
168,45.72
169,45.72
170,45.72
171,45.72
172,45.72
173,45.72
174,45.72
175,45.72
176,45.72
177,45.72
178,45.72
179,45.72
180,45.72
181,45.72
182,45.72
183,45.72
184,45.72
185,45.72
186,45.72
187,45.72
188,45.72
189,45.72
190,45.72
191,45.72
192,45.72
193,45.72
194,45.72
195,45.72
196,45.72
197,45.72
198,45.72
199,45.72
200,45.72
201,45.72
202,45.72
203,45.72
204,45.72
205,45.72
206,45.72
207,45.72
208,45.72
209,45.72
210,45.72
211,45.72
212,45.72
213,45.72
214,45.72
215,45.72
216,45.72
217,45.72
218,45.72
219,45.72
220,45.72
221,45.72
222,45.72
223,45.72
224,45.72
225,45.72
226,45.72
227,45.72
228,45.72
229,45.72
230,45.72
231,45.72
232,45.72
233,45.72
234,45.72
235,45.72
236,45.72
237,45.72
238,45.72
239,45.72
240,45.72
241,45.72
242,45.72
243,45.72
244,45.72
245,45.72
246,45.72
247,45.72
248,45.72
249,45.72
250,45.72
251,45.72
252,45.72
253,45.72
254,45.72
255,45.72
256,45.72
257,45.72
258,45.72
259,45.72
260,45.72
261,45.72
262,45.72
263,45.72
264,45.72
265,45.72
266,45.72
267,45.72
268,45.72
269,45.72
270,45.72
271,45.72
272,45.72
273,45.72
274,45.72
275,45.72
276,45.72
277,45.72
278,45.72
279,45.72
280,45.72
281,45.72
282,45.72
283,45.72
284,45.72
285,45.72
286,45.72
287,45.72
288,45.72
289,45.72
290,45.72
291,45.72
292,45.72
293,45.72
294,45.72
295,45.72
296,45.72
297,45.72
298,45.72
299,45.72
300,45.72
301,45.72
302,45.72
303,45.72
304,45.72
305,45.72
306,45.72
307,45.72
308,45.72
309,45.72
310,45.72
311,45.72
312,45.72
313,45.72
314,45.72
315,45.72
316,45.72
317,45.72
318,45.72
319,45.72
320,45.72
321,45.72
322,45.72
323,45.72
324,45.72
325,45.72
326,45.72
327,45.72
328,45.72
329,45.72
330,45.72
331,45.72
332,45.72
333,45.72
334,45.72
335,45.72
336,45.72
337,45.72
338,45.72
339,45.72
340,45.72
341,45.72
342,45.72
343,45.72
344,45.72
345,45.72
346,45.72
347,45.72
348,45.72
349,45.72
350,45.72
351,45.72
352,45.72
353,45.72
354,45.72
355,45.72
356,45.72
357,45.72
358,45.72
359,45.72
360,45.72
361,45.72
362,45.72
363,45.72
364,45.72
365,45.72
366,45.72
367,45.72
368,45.72
369,45.72
370,45.72
371,45.72
372,45.72
373,45.72
374,45.72
375,45.72
376,45.72
377,45.72
378,45.72
379,45.72
380,45.72
381,45.72
382,45.72
383,45.72
384,45.72
385,45.72
386,45.72
387,45.72
388,45.72
389,45.72
390,45.72
391,45.72
392,45.72
393,45.72
394,45.72
395,45.72
396,45.72
397,45.72
398,45.72
399,45.72
400,45.72
401,45.72
402,45.72
403,45.72
404,45.72
405,45.72
406,45.72
407,45.72
408,45.72
409,45.72
410,45.72
411,45.72
412,45.72
413,45.72
414,45.72
415,45.72
416,45.72
417,45.72
418,45.72
419,45.72
420,45.72
421,45.72
422,45.72
423,45.72
424,45.72
425,45.72
426,45.72
427,45.72
428,45.72
429,45.72
430,45.72
431,45.72
432,45.72
433,45.72
434,45.72
435,45.72
436,45.72
437,45.72
438,45.72
439,45.72
440,45.72
441,45.72
442,45.72
443,45.72
444,45.72
445,45.72
446,45.72
447,45.72
448,45.72
449,45.72
450,45.72
451,45.72
452,45.72
453,45.72
454,45.72
455,45.72
456,45.72
457,45.72
458,45.72
459,45.72
460,45.72
461,45.72
462,45.72
463,45.72
464,45.72
465,45.72
466,45.72
467,45.72
468,45.72
469,45.72
470,45.72
471,45.72
472,45.72
473,45.72
474,45.72
475,45.72
476,45.72
477,45.72
478,45.72
479,45.72
480,45.72
481,45.72
482,45.72
483,45.72
484,45.72
485,45.72
486,45.72
487,45.72
488,45.72
489,45.72
490,45.72
491,45.72
492,45.72
493,45.72
494,45.72
495,45.72
496,45.72
497,45.72
498,45.72
499,45.72
500,45.72
501,45.72
502,45.72
503,45.72
504,45.72
505,45.72
506,45.72
507,45.72
508,45.72
509,45.72
510,45.72
511,45.72
512,45.72
513,45.72
514,45.72
515,45.72
516,45.72
517,45.72
518,45.72
519,45.72
520,45.72
521,45.72
522,45.72
523,45.72
524,45.72
525,45.72
526,45.72
527,45.72
528,45.72
529,45.72
530,45.72
531,45.72
532,45.72
533,45.72
534,45.72
535,45.72
536,45.72
537,45.72
538,45.72
539,45.72
540,45.72
541,45.72
542,45.72
543,45.72
544,45.72
545,45.72
546,45.72
547,45.72
548,45.72
549,45.72
550,45.72
551,45.72
552,45.72
553,45.72
554,45.72
555,45.72
556,45.72
557,45.72
558,45.72
559,45.72
560,45.72
561,45.72
562,45.72
563,45.72
564,45.72
565,45.72
566,45.72
567,45.72
568,45.72
569,45.72
570,45.72
571,45.72
572,45.72
573,45.72
574,45.72
575,45.72
576,45.72
577,45.72
578,45.72
579,45.72
580,45.72
581,45.72
582,45.72
583,45.72
584,45.72
585,45.72
586,45.72
587,45.72
588,45.72
589,45.72
590,45.72
591,45.72
592,45.72
593,45.72
594,45.72
595,45.72
596,45.72
597,45.72
598,45.72
599,45.72
600,45.72
601,45.72
602,45.72
603,45.72
604,45.72
605,45.72
606,45.72
607,45.72
608,45.72
609,45.72
610,45.72
611,45.72
612,45.72
613,45.72
614,45.72
615,45.72
616,45.72
617,45.72
618,45.72
619,45.72
620,45.72
621,45.72
622,45.72
623,45.72
624,45.72
625,45.72
626,45.72
627,45.72
628,45.72
629,45.72
630,45.72
631,45.72
632,45.72
633,45.72
634,45.72
635,45.72
636,45.72
637,45.72
638,45.72
639,45.72
640,45.72
641,45.72
642,45.72
643,45.72
644,45.72
645,45.72
646,45.72
647,45.72
648,45.72
649,45.72
650,45.72
651,45.72
652,45.72
653,45.72
654,45.72
655,45.72
656,45.72
657,45.72
658,45.72
659,45.72
660,45.72
661,45.72
662,45.72
663,45.72
664,45.72
665,45.72
666,45.72
667,45.72
668,45.72
669,45.72
670,45.72
671,45.72
672,45.72
673,45.72
674,45.72
675,45.72
676,45.72
677,45.72
678,45.72
679,45.72
680,45.72
681,45.72
682,45.72
683,45.72
684,45.72
685,45.72
686,45.72
687,45.72
688,45.72
689,45.72
690,45.72
691,45.72
692,45.72
693,45.72
694,45.72
695,45.72
696,45.72
697,45.72
698,45.72
699,45.72
700,45.72
701,45.72
702,45.72
703,45.72
704,45.72
705,45.72
706,45.72
707,45.72
708,45.72
709,45.72
710,45.72
711,45.72
712,45.72
713,45.72
714,45.72
715,45.72
716,45.72
717,45.72
718,45.72
719,45.72
720,45.72
721,45.72
722,45.72
723,45.72
724,45.72
725,45.72
726,45.72
727,45.72
728,45.72
729,45.72
730,45.72
731,45.72
732,45.72
733,45.72
734,45.72
735,45.72
736,45.72
737,45.72
738,45.72
739,45.72
740,45.72
741,45.72
742,45.72
743,45.72
744,45.72
745,45.72
746,45.72
747,45.72
748,45.72
749,45.72
750,45.72
751,45.72
752,45.72
753,45.72
754,45.72
755,45.72
756,45.72
757,45.72
758,45.72
759,45.72
760,45.72
761,45.72
762,45.72
763,45.72
764,45.72
765,45.72
766,45.72
767,45.72
768,45.72
769,45.72
770,45.72
771,45.72
772,45.72
773,45.72
774,45.72
775,45.72
776,45.72
777,45.72
778,45.72
779,45.72
780,45.72
781,45.72
782,45.72
783,45.72
784,45.72
785,45.72
786,45.72
787,45.72
788,45.72
789,45.72
790,45.72
791,45.72
792,45.72
793,45.72
794,45.72
795,45.72
796,45.72
797,45.72
798,45.72
799,45.72
800,45.72
801,45.72
802,45.72
803,45.72
804,45.72
805,45.72
806,45.72
807,45.72
808,45.72
809,45.72
810,45.72
811,45.72
812,45.72
813,45.72
814,45.72
815,45.72
816,45.72
817,45.72
818,45.72
819,45.72
820,45.72
821,45.72
822,45.72
823,45.72
824,45.72
825,45.72
826,45.72
827,45.72
828,45.72
829,45.72
830,45.72
831,45.72
832,45.72
833,45.72
834,45.72
835,45.72
836,45.72
837,45.72
838,45.72
839,45.72
840,45.72
841,45.72
842,45.72
843,45.72
844,45.72
845,45.72
846,45.72
847,45.72
848,45.72
849,45.72
850,45.72
851,45.72
852,45.72
853,45.72
854,45.72
855,45.72
856,45.72
857,45.72
858,45.72
859,45.72
860,45.72
861,45.72
862,45.72
863,45.72
864,45.72
865,45.72
866,45.72
867,45.72
868,45.72
869,45.72
870,45.72
871,45.72
872,45.72
873,45.72
874,45.72
875,45.72
876,45.72
877,45.72
878,45.72
879,45.72
880,45.72
881,45.72
882,45.72
883,45.72
884,45.72
885,45.72
886,45.72
887,45.72
888,45.72
889,45.72
890,45.72
891,45.72
892,45.72
893,45.72
894,45.72
895,45.72
896,45.72
897,45.72
898,45.72
899,45.72
900,45.72
901,45.72
902,45.72
903,45.72
904,45.72
905,45.72
906,45.72
907,45.72
908,45.72
909,45.72
910,45.72
911,45.72
912,45.72
913,45.72
914,45.72
915,45.72
916,45.72
917,45.72
918,45.72
919,45.72
920,45.72
921,45.72
922,45.72
923,45.72
924,45.72
925,45.72
926,45.72
927,45.72
928,45.72
929,45.72
930,45.72
931,45.72
932,45.72
933,45.72
934,45.72
935,45.72
936,45.72
937,45.72
938,45.72
939,45.72
940,45.72
941,45.72
942,45.72
943,45.72
944,45.72
945,45.72
946,45.72
947,45.72
948,45.72
949,45.72
950,45.72
951,45.72
952,45.72
953,45.72
954,45.72
955,45.72
956,45.72
957,45.72
958,45.72
959,45.72
960,45.72
961,45.72
962,45.72
963,45.72
964,45.72
965,45.72
966,45.72
967,45.72
968,45.72
969,45.72
970,45.72
971,45.72
972,45.72
973,45.72
974,45.72
975,45.72
976,45.72
977,45.72
978,45.72
979,45.72
980,45.72
981,45.72
982,45.72
983,45.72
984,45.72
985,45.72
986,45.72
987,45.72
988,45.72
989,45.72
990,45.72
991,45.72
992,45.72
993,45.72
994,45.72
995,45.72
996,45.72
997,45.72
998,45.72
999,45.72
1000,45.72
1001,45.72
1002,45.72
1003,45.72
1004,45.72
1005,45.72
1006,45.72
1007,45.72
1008,45.72
1009,45.72
1010,45.72
1011,45.72
1012,45.72
1013,45.72
1014,45.72
1015,45.72
1016,45.72
1017,45.72
1018,45.72
1019,45.72
1020,45.72
1021,45.72
1022,45.72
1023,45.72
1024,45.72
1025,45.72
1026,45.72
1027,45.72
1028,45.72
1029,45.72
1030,45.72
1031,45.72
1032,45.72
1033,45.72
1034,45.72
1035,45.72
1036,45.72
1037,45.72
1038,45.72
1039,45.72
1040,45.72
1041,45.72
1042,45.72
1043,45.72
1044,45.72
1045,45.72
1046,45.72
1047,45.72
1048,45.72
1049,45.72
1050,45.72
1051,45.72
1052,45.72
1053,45.72
1054,45.72
1055,45.72
1056,45.72
1057,45.72
1058,45.72
1059,45.72
1060,45.72
1061,45.72
1062,45.72
1063,45.72
1064,45.72
1065,45.72
1066,45.72
1067,45.72
1068,45.72
1069,45.72
1070,45.72
1071,45.72
1072,45.72
1073,45.72
1074,45.72
1075,45.72
1076,45.72
1077,45.72
1078,45.72
1079,45.72
1080,45.72
1081,45.72
1082,45.72
1083,45.72
1084,45.72
1085,45.72
1086,45.72
1087,45.72
1088,45.72
1089,45.72
1090,45.72
1091,45.72
1092,45.72
1093,45.72
1094,45.72
1095,45.72
1096,45.72
1097,45.72
1098,45.72
1099,45.72
1100,45.72
1101,45.72
1102,45.72
1103,45.72
1104,45.72
1105,45.72
1106,45.72
1107,45.72
1108,45.72
1109,45.72
1110,45.72
1111,45.72
1112,45.72
1113,45.72
1114,45.72
1115,45.72
1116,45.72
1117,45.72
1118,45.72
1119,45.72
1120,45.72
1121,45.72
1122,45.72
1123,45.72
1124,45.72
1125,45.72
1126,45.72
1127,45.72
1128,45.72
1129,45.72
1130,45.72
1131,45.72
1132,45.72
1133,45.72
1134,45.72
1135,45.72
1136,45.72
1137,45.72
1138,45.72
1139,45.72
1140,45.72
1141,45.72
1142,45.72
1143,45.72
1144,45.72
1145,45.72
1146,45.72
1147,45.72
1148,45.72
1149,45.72
1150,45.72
1151,45.72
1152,45.72
1153,45.72
1154,45.72
1155,45.72
1156,45.72
1157,45.72
1158,45.72
1159,45.72
1160,45.72
1161,45.72
1162,45.72
1163,45.72
1164,45.72
1165,45.72
1166,45.72
1167,45.72
1168,45.72
1169,45.72
1170,45.72
1171,45.72
1172,45.72
1173,45.72
1174,45.72
1175,45.72
1176,45.72
1177,45.72
1178,45.72
1179,45.72
1180,45.72
1181,45.72
1182,45.72
1183,45.72
1184,45.72
1185,45.72
1186,45.72
1187,45.72
1188,45.72
1189,45.72
1190,45.72
1191,45.72
1192,45.72
1193,45.72
1194,45.72
1195,45.72
1196,45.72
1197,45.72
1198,45.72
1199,45.72
1200,45.72
1201,45.72
1202,45.72
1203,45.72
1204,45.72
1205,45.72
1206,45.72
1207,45.72
1208,45.72
1209,45.72
1210,45.72
1211,45.72
1212,45.72
1213,45.72
1214,45.72
1215,45.72
1216,45.72
1217,45.72
1218,45.72
1219,45.72
1220,45.72
1221,45.72
1222,45.72
1223,45.72
1224,45.72
1225,45.72
1226,45.72
1227,45.72
1228,45.72
1229,45.72
1230,45.72
1231,45.72
1232,45.72
1233,45.72
1234,45.72
1235,45.72
1236,45.72
1237,45.72
1238,45.72
1239,45.72
1240,45.72
1241,45.72
1242,45.72
1243,45.72
1244,45.72
1245,45.72
1246,45.72
1247,45.72
1248,45.72
1249,45.72
1250,45.72
1251,45.72
1252,45.72
1253,45.72
1254,45.72
1255,45.72
1256,45.72
1257,45.72
1258,45.72
1259,45.72
1260,45.72
1261,45.72
1262,45.72
1263,45.72
1264,45.72
1265,45.72
1266,45.72
1267,45.72
1268,45.72
1269,45.72
1270,45.72
1271,45.72
1272,45.72
1273,45.72
1274,45.72
1275,45.72
1276,45.72
1277,45.72
1278,45.72
1279,45.72
1280,45.72
1281,45.72
1282,45.72
1283,45.72
1284,45.72
1285,45.72
1286,45.72
1287,45.72
1288,45.72
1289,45.72
1290,45.72
1291,45.72
1292,45.72
1293,45.72
1294,45.72
1295,45.72
1296,45.72
1297,45.72
1298,45.72
1299,45.72
1300,45.72
1301,45.72
1302,45.72
1303,45.72
1304,45.72
1305,45.72
1306,45.72
1307,45.72
1308,45.72
1309,45.72
1310,45.72
1311,45.72
1312,45.72
1313,45.72
1314,45.72
1315,45.72
1316,45.72
1317,45.72
1318,45.72
1319,45.72
1320,45.72
1321,45.72
1322,45.72
1323,45.72
1324,45.72
1325,45.72
1326,45.72
1327,45.72
1328,45.72
1329,45.72
1330,45.72
1331,45.72
1332,45.72
1333,45.72
1334,45.72
1335,45.72
1336,45.72
1337,45.72
1338,45.72
1339,45.72
1340,45.72
1341,45.72
1342,45.72
1343,45.72
1344,45.72
1345,45.72
1346,45.72
1347,45.72
1348,45.72
1349,45.72
1350,45.72
1351,45.72
1352,45.72
1353,45.72
1354,45.72
1355,45.72
1356,45.72
1357,45.72
1358,45.72
1359,45.72
1360,45.72
1361,45.72
1362,45.72
1363,45.72
1364,45.72
1365,45.72
1366,45.72
1367,45.72
1368,45.72
1369,45.72
1370,45.72
1371,45.72
1372,45.72
1373,45.72
1374,45.72
1375,45.72
1376,45.72
1377,45.72
1378,45.72
1379,45.72
1380,45.72
1381,45.72
1382,45.72
1383,45.72
1384,45.72
1385,45.72
1386,45.72
1387,45.72
1388,45.72
1389,45.72
1390,45.72
1391,45.72
1392,45.72
1393,45.72
1394,45.72
1395,45.72
1396,45.72
1397,45.72
1398,45.72
1399,45.72
1400,45.72
1401,45.72
1402,45.72
1403,45.72
1404,45.72
1405,45.72
1406,45.72
1407,45.72
1408,45.72
1409,45.72
1410,45.72
1411,45.72
1412,45.72
1413,45.72
1414,45.72
1415,45.72
1416,45.72
1417,45.72
1418,45.72
1419,45.72
1420,45.72
1421,45.72
1422,45.72
1423,45.72
1424,45.72
1425,45.72
1426,45.72
1427,45.72
1428,45.72
1429,45.72
1430,45.72
1431,45.72
1432,45.72
1433,45.72
1434,45.72
1435,45.72
1436,45.72
1437,45.72
1438,45.72
1439,45.72
1440,45.72
1441,45.72
1442,45.72
1443,45.72
1444,45.72
1445,45.72
1446,45.72
1447,45.72
1448,45.72
1449,45.72
1450,45.72
1451,45.72
1452,45.72
1453,45.72
1454,45.72
1455,45.72
1456,45.72
1457,45.72
1458,45.72
1459,45.72
1460,45.72
1461,45.72
1462,45.72
1463,45.72
1464,45.72
1465,45.72
1466,45.72
1467,45.72
1468,45.72
1469,45.72
1470,45.72
1471,45.72
1472,45.72
1473,45.72
1474,45.72
1475,45.72
1476,45.72
1477,45.72
1478,45.72
1479,45.72
1480,45.72
1481,45.72
1482,45.72
1483,45.72
1484,45.72
1485,45.72
1486,45.72
1487,45.72
1488,45.72
1489,45.72
1490,45.72
1491,45.72
1492,45.72
1493,45.72
1494,45.72
1495,45.72
1496,45.72
1497,45.72
1498,45.72
1499,45.72
1500,45.72
1501,45.72
1502,45.72
1503,45.72
1504,45.72
1505,45.72
1506,45.72
1507,45.72
1508,45.72
1509,45.72
1510,45.72
1511,45.72
1512,45.72
1513,45.72
1514,45.72
1515,45.72
1516,45.72
1517,45.72
1518,45.72
1519,45.72
1520,45.72
1521,45.72
1522,45.72
1523,45.72
1524,45.72
1525,45.72
1526,45.72
1527,45.72
1528,45.72
1529,45.72
1530,45.72
1531,45.72
1532,45.72
1533,45.72
1534,45.72
1535,45.72
1536,45.72
1537,45.72
1538,45.72
1539,45.72
1540,45.72
1541,45.72
1542,45.72
1543,45.72
1544,45.72
1545,45.72
1546,45.72
1547,45.72
1548,45.72
1549,45.72
1550,45.72
1551,45.72
1552,45.72
1553,45.72
1554,45.72
1555,45.72
1556,45.72
1557,45.72
1558,45.72
1559,45.72
1560,45.72
1561,45.72
1562,45.72
1563,45.72
1564,45.72
1565,45.72
1566,45.72
1567,45.72
1568,45.72
1569,45.72
1570,45.72
1571,45.72
1572,45.72
1573,45.72
1574,45.72
1575,45.72
1576,45.72
1577,45.72
1578,45.72
1579,45.72
1580,45.72
1581,45.72
1582,45.72
1583,45.72
1584,45.72
1585,45.72
1586,45.72
1587,45.72
1588,45.72
1589,45.72
1590,45.72
1591,45.72
1592,45.72
1593,45.72
1594,45.72
1595,45.72
1596,45.72
1597,45.72
1598,45.72
1599,45.72
1600,45.72
1601,45.72
1602,45.72
1603,45.72
1604,45.72
1605,45.72
1606,45.72
1607,45.72
1608,45.72
1609,45.72
1610,45.72
1611,45.72
1612,45.72
1613,45.72
1614,45.72
1615,45.72
1616,45.72
1617,45.72
1618,45.72
1619,45.72
1620,45.72
1621,45.72
1622,45.72
1623,45.72
1624,45.72
1625,45.72
1626,45.72
1627,45.72
1628,45.72
1629,45.72
1630,45.72
1631,45.72
1632,45.72
1633,45.72
1634,45.72
1635,45.72
1636,45.72
1637,45.72
1638,45.72
1639,45.72
1640,45.72
1641,45.72
1642,45.72
1643,45.72
1644,45.72
1645,45.72
1646,45.72
1647,45.72
1648,45.72
1649,45.72
1650,45.72
1651,45.72
1652,45.72
1653,45.72
1654,45.72
1655,45.72
1656,45.72
1657,45.72
1658,45.72
1659,45.72
1660,45.72
1661,45.72
1662,45.72
1663,45.72
1664,45.72
1665,45.72
1666,45.72
1667,45.72
1668,45.72
1669,45.72
1670,45.72
1671,45.72
1672,45.72
1673,45.72
1674,45.72
1675,45.72
1676,45.72
1677,45.72
1678,45.72
1679,45.72
1680,45.72
1681,45.72
1682,45.72
1683,45.72
1684,45.72
1685,45.72
1686,45.72
1687,45.72
1688,45.72
1689,45.72
1690,45.72
1691,45.72
1692,45.72
1693,45.72
1694,45.72
1695,45.72
1696,45.72
1697,45.72
1698,45.72
1699,45.72
1700,45.72
1701,45.72
1702,45.72
1703,45.72
1704,45.72
1705,45.72
1706,45.72
1707,45.72
1708,45.72
1709,45.72
1710,45.72
1711,45.72
1712,45.72
1713,45.72
1714,45.72
1715,45.72
1716,45.72
1717,45.72
1718,45.72
1719,45.72
1720,45.72
1721,45.72
1722,45.72
1723,45.72
1724,45.72
1725,45.72
1726,45.72
1727,45.72
1728,45.72
1729,45.72
1730,45.72
1731,45.72
1732,45.72
1733,45.72
1734,45.72
1735,45.72
1736,45.72
1737,45.72
1738,45.72
1739,45.72
1740,45.72
1741,45.72
1742,45.72
1743,45.72
1744,45.72
1745,45.72
1746,45.72
1747,45.72
1748,45.72
1749,45.72
1750,45.72
1751,45.72
1752,45.72
1753,45.72
1754,45.72
1755,45.72
1756,45.72
1757,45.72
1758,45.72
1759,45.72
1760,45.72
1761,45.72
1762,45.72
1763,45.72
1764,45.72
1765,45.72
1766,45.72
1767,45.72
1768,45.72
1769,45.72
1770,45.72
1771,45.72
1772,45.72
1773,45.72
1774,45.72
1775,45.72
1776,45.72
1777,45.72
1778,45.72
1779,45.72
1780,45.72
1781,45.72
1782,45.72
1783,45.72
1784,45.72
1785,45.72
1786,45.72
1787,45.72
1788,45.72
1789,45.72
1790,45.72
1791,45.72
1792,45.72
1793,45.72
1794,45.72
1795,45.72
1796,45.72
1797,45.72
1798,45.72
1799,45.72
1800,45.72
1801,45.72
1802,45.72
1803,45.72
1804,45.72
1805,45.72
1806,45.72
1807,45.72
1808,45.72
1809,45.72
1810,45.72
1811,45.72
1812,45.72
1813,45.72
1814,45.72
1815,45.72
1816,45.72
1817,45.72
1818,45.72
1819,45.72
1820,45.72
1821,45.72
1822,45.72
1823,45.72
1824,45.72
1825,45.72
1826,45.72
1827,45.72
1828,45.72
1829,45.72
1830,45.72
1831,45.72
1832,45.72
1833,45.72
1834,45.72
1835,45.72
1836,45.72
1837,45.72
1838,45.72
1839,45.72
1840,45.72
1841,45.72
1842,45.72
1843,45.72
1844,45.72
1845,45.72
1846,45.72
1847,45.72
1848,45.72
1849,45.72
1850,45.72
1851,45.72
1852,45.72
1853,45.72
1854,45.72
1855,45.72
1856,45.72
1857,45.72
1858,45.72
1859,45.72
1860,45.72
1861,45.72
1862,45.72
1863,45.72
1864,45.72
1865,45.72
1866,45.72
1867,45.72
1868,45.72
1869,45.72
1870,45.72
1871,45.72
1872,45.72
1873,45.72
1874,45.72
1875,45.72
1876,45.72
1877,45.72
1878,45.72
1879,45.72
1880,45.72
1881,45.72
1882,45.72
1883,45.72
1884,45.72
1885,45.72
1886,45.72
1887,45.72
1888,45.72
1889,45.72
1890,45.72
1891,45.72
1892,45.72
1893,45.698
1894,45.719
1895,45.72
1896,45.72
1897,45.72
1898,45.72
1899,45.72
1900,45.72
1901,45.72
1902,45.72
1903,45.72
1904,45.72
1905,45.72
1906,45.72
1907,45.72
1908,45.72
1909,45.72
1910,45.72
1911,45.72
1912,45.72
1913,45.72
1914,45.72
1915,45.72
1916,45.72
1917,45.72
1918,45.72
1919,45.72
1920,45.72
1921,45.72
1922,45.72
1923,45.72
1924,45.72
1925,45.72
1926,45.72
1927,45.72
1928,45.72
1929,45.72
1930,45.72
1931,45.72
1932,45.72
1933,45.72
1934,45.72
1935,45.72
1936,45.72
1937,45.72
1938,45.72
1939,45.72
1940,45.72
1941,45.72
1942,45.72
1943,45.72
1944,45.72
1945,45.72
1946,45.72
1947,45.72
1948,45.72
1949,45.72
1950,45.72
1951,45.72
1952,45.72
1953,45.72
1954,45.72
1955,45.72
1956,45.72
1957,45.72
1958,45.72
1959,45.72
1960,45.72
1961,45.72
1962,45.72
1963,45.72
1964,45.72
1965,45.72
1966,45.72
1967,45.72
1968,45.72
1969,45.72
1970,45.72
1971,45.72
1972,45.72
1973,45.72
1974,45.72
1975,45.72
1976,45.72
1977,45.72
1978,45.72
1979,45.72
1980,45.72
1981,45.72
1982,45.72
1983,45.72
1984,45.72
1985,45.72
1986,45.72
1987,45.72
1988,45.72
1989,45.72
1990,45.72
1991,45.72
1992,45.72
1993,45.72
1994,45.72
1995,45.72
1996,45.72
1997,45.72
1998,45.72
1999,45.72
2000,45.72
2001,45.72
2002,45.72
2003,45.72
2004,45.72
2005,45.72
2006,45.72
2007,45.72
2008,45.72
2009,45.72
2010,45.72
2011,45.72
2012,45.72
2013,45.72
2014,45.72
2015,45.72
2016,45.72
2017,45.72
2018,45.72
2019,45.72
2020,45.72
2021,45.72
2022,45.72
2023,45.72
2024,45.72
2025,45.72
2026,45.72
2027,45.72
2028,45.72
2029,45.72
2030,45.72
2031,45.72
2032,45.72
2033,45.72
2034,45.72
2035,45.72
2036,45.72
2037,45.72
2038,45.72
2039,45.72
2040,45.72
2041,45.72
2042,45.72
2043,45.72
2044,45.72
2045,45.72
2046,45.72
2047,45.72
2048,45.72
2049,45.72
2050,45.72
2051,45.72
2052,45.72
2053,45.72
2054,45.72
2055,45.72
2056,45.72
2057,45.72
2058,45.72
2059,45.72
2060,45.72
2061,45.72
2062,45.72
2063,45.72
2064,45.72
2065,45.72
2066,45.72
2067,45.72
2068,45.72
2069,45.72
2070,45.72
2071,45.72
2072,45.72
2073,45.72
2074,45.72
2075,45.72
2076,45.72
2077,45.72
2078,45.72
2079,45.72
2080,45.72
2081,45.72
2082,45.72
2083,45.72
2084,45.72
2085,45.72
2086,45.72
2087,45.72
2088,45.72
2089,45.72
2090,45.72
2091,45.72
2092,45.72
2093,45.72
2094,45.72
2095,45.72
2096,45.72
2097,45.72
2098,45.72
2099,45.72
2100,45.72
2101,45.72
2102,45.72
2103,45.72
2104,45.72
2105,45.72
2106,45.72
2107,45.72
2108,45.72
2109,45.72
2110,45.72
2111,45.72
2112,45.72
2113,45.72
2114,45.72
2115,45.72
2116,45.72
2117,45.72
2118,45.72
2119,45.72
2120,45.72
2121,45.72
2122,45.72
2123,45.72
2124,45.72
2125,45.72
2126,45.72
2127,45.72
2128,45.72
2129,45.72
2130,45.72
2131,45.72
2132,45.72
2133,45.72
2134,45.72
2135,45.72
2136,45.72
2137,45.72
2138,45.72
2139,45.72
2140,45.72
2141,45.72
2142,45.72
2143,45.72
2144,45.72
2145,45.72
2146,45.72
2147,45.72
2148,45.72
2149,45.72
2150,45.72
2151,45.72
2152,45.72
2153,45.72
2154,45.72
2155,45.72
2156,45.72
2157,45.72
2158,45.72
2159,45.72
2160,45.72
2161,45.72
2162,45.72
2163,45.72
2164,45.72
2165,45.72
2166,45.72
2167,45.72
2168,45.72
2169,45.72
2170,45.72
2171,45.72
2172,45.72
2173,45.72
2174,45.72
2175,45.72
2176,45.72
2177,45.72
2178,45.72
2179,45.72
2180,45.72
2181,45.72
2182,45.72
2183,45.72
2184,45.72
2185,45.72
2186,45.72
2187,45.72
2188,45.72
2189,45.72
2190,45.72
2191,45.72
2192,45.72
2193,45.72
2194,45.72
2195,45.72
2196,45.72
2197,45.72
2198,45.72
2199,45.72
2200,45.72
2201,45.72
2202,45.72
2203,45.72
2204,45.72
2205,45.72
2206,45.72
2207,45.72
2208,45.72
2209,45.72
2210,45.72
2211,45.72
2212,45.72
2213,45.72
2214,45.72
2215,45.72
2216,45.72
2217,45.72
2218,45.72
2219,45.72
2220,45.72
2221,45.72
2222,45.72
2223,45.72
2224,45.72
2225,45.72
2226,45.72
2227,45.709
2228,45.702
2229,45.687
2230,45.645
2231,45.613
2232,45.599
2233,45.624
2234,45.679
2235,45.72
2236,45.72
2237,45.72
2238,45.72
2239,45.72
2240,45.72
2241,45.72
2242,45.72
2243,45.72
2244,45.72
2245,45.72
2246,45.72
2247,45.72
2248,45.72
2249,45.72
2250,45.72
2251,45.72
2252,45.72
2253,45.72
2254,45.72
2255,45.72
2256,45.72
2257,45.72
2258,45.72
2259,45.72
2260,45.72
2261,45.72
2262,45.72
2263,45.72
2264,45.72
2265,45.72
2266,45.72
2267,45.72
2268,45.72
2269,45.72
2270,45.72
2271,45.72
2272,45.72
2273,45.72
2274,45.72
2275,45.72
2276,45.72
2277,45.72
2278,45.72
2279,45.72
2280,45.72
2281,45.72
2282,45.72
2283,45.72
2284,45.72
2285,45.72
2286,45.72
2287,45.72
2288,45.72
2289,45.72
2290,45.72
2291,45.72
2292,45.72
2293,45.72
2294,45.72
2295,45.72
2296,45.72
2297,45.72
2298,45.72
2299,45.72
2300,45.72
2301,45.72
2302,45.72
2303,45.72
2304,45.72
2305,45.72
2306,45.72
2307,45.72
2308,45.72
2309,45.72
2310,45.72
2311,45.72
2312,45.72
2313,45.72
2314,45.72
2315,45.72
2316,45.72
2317,45.72
2318,45.72
2319,45.72
2320,45.72
2321,45.72
2322,45.72
2323,45.72
2324,45.72
2325,45.72
2326,45.72
2327,45.72
2328,45.72
2329,45.72
2330,45.72
2331,45.72
2332,45.72
2333,45.72
2334,45.72
2335,45.72
2336,45.72
2337,45.72
2338,45.72
2339,45.72
2340,45.72
2341,45.72
2342,45.72
2343,45.72
2344,45.72
2345,45.72
2346,45.72
2347,45.72
2348,45.72
2349,45.72
2350,45.72
2351,45.72
2352,45.72
2353,45.72
2354,45.72
2355,45.72
2356,45.72
2357,45.72
2358,45.72
2359,45.72
2360,45.72
2361,45.72
2362,45.72
2363,45.72
2364,45.72
2365,45.72
2366,45.72
2367,45.72
2368,45.72
2369,45.72
2370,45.72
2371,45.72
2372,45.72
2373,45.72
2374,45.72
2375,45.72
2376,45.72
2377,45.72
2378,45.72
2379,45.72
2380,45.72
2381,45.72
2382,45.72
2383,45.72
2384,45.72
2385,45.72
2386,45.72
2387,45.72
2388,45.72
2389,45.72
2390,45.72
2391,45.72
2392,45.72
2393,45.72
2394,45.72
2395,45.72
2396,45.72
2397,45.72
2398,45.72
2399,45.72
2400,45.72
2401,45.72
2402,45.72
2403,45.72
2404,45.72
2405,45.72
2406,45.72
2407,45.72
2408,45.72
2409,45.72
2410,45.72
2411,45.72
2412,45.72
2413,45.72
2414,45.72
2415,45.72
2416,45.72
2417,45.72
2418,45.72
2419,45.72
2420,45.72
2421,45.72
2422,45.72
2423,45.72
2424,45.72
2425,45.72
2426,45.72
2427,45.72
2428,45.72
2429,45.72
2430,45.72
2431,45.72
2432,45.72
2433,45.72
2434,45.72
2435,45.72
2436,45.72
2437,45.72
2438,45.72
2439,45.72
2440,45.72
2441,45.72
2442,45.72
2443,45.72
2444,45.72
2445,45.72
2446,45.72
2447,45.72
2448,45.72
2449,45.72
2450,45.72
2451,45.72
2452,45.72
2453,45.72
2454,45.72
2455,45.72
2456,45.72
2457,45.72
2458,45.72
2459,45.72
2460,45.72
2461,45.72
2462,45.72
2463,45.72
2464,45.72
2465,45.72
2466,45.72
2467,45.72
2468,45.72
2469,45.72
2470,45.72
2471,45.72
2472,45.72
2473,45.72
2474,45.72
2475,45.72
2476,45.72
2477,45.72
2478,45.72
2479,45.72
2480,45.72
2481,45.72
2482,45.72
2483,45.72
2484,45.72
2485,45.72
2486,45.72
2487,45.72
2488,45.72
2489,45.72
2490,45.72
2491,45.72
2492,45.72
2493,45.72
2494,45.72
2495,45.72
2496,45.72
2497,45.72
2498,45.72
2499,45.72
2500,45.72
2501,45.72
2502,45.72
2503,45.72
2504,45.72
2505,45.72
2506,45.72
2507,45.72
2508,45.72
2509,45.72
2510,45.72
2511,45.72
2512,45.72
2513,45.72
2514,45.72
2515,45.72
2516,45.72
2517,45.72
2518,45.72
2519,45.72
2520,45.72
2521,45.72
2522,45.72
2523,45.72
2524,45.72
2525,45.72
2526,45.72
2527,45.72
2528,45.72
2529,45.72
2530,45.72
2531,45.72
2532,45.72
2533,45.72
2534,45.72
2535,45.72
2536,45.72
2537,45.72
2538,45.72
2539,45.72
2540,45.72
2541,45.72
2542,45.72
2543,45.72
2544,45.72
2545,45.72
2546,45.72
2547,45.72
2548,45.72
2549,45.72
2550,45.72
2551,45.72
2552,45.72
2553,45.72
2554,45.72
2555,45.72
2556,45.72
2557,45.72
2558,45.72
2559,45.72
2560,45.72
2561,45.72
2562,45.72
2563,45.693
2564,45.679
2565,45.636
2566,45.62
2567,45.632
2568,45.638
2569,45.688
2570,45.72
2571,45.72
2572,45.72
2573,45.72
2574,45.72
2575,45.72
2576,45.72
2577,45.72
2578,45.72
2579,45.72
2580,45.72
2581,45.72
2582,45.72
2583,45.72
2584,45.72
2585,45.72
2586,45.72
2587,45.72
2588,45.72
2589,45.72
2590,45.72
2591,45.72
2592,45.72
2593,45.72
2594,45.72
2595,45.72
2596,45.72
2597,45.72
2598,45.72
2599,45.72
2600,45.72
2601,45.72
2602,45.72
2603,45.72
2604,45.72
2605,45.72
2606,45.72
2607,45.72
2608,45.72
2609,45.72
2610,45.72
2611,45.72
2612,45.72
2613,45.72
2614,45.72
2615,45.72
2616,45.72
2617,45.72
2618,45.72
2619,45.72
2620,45.72
2621,45.72
2622,45.72
2623,45.72
2624,45.72
2625,45.72
2626,45.72
2627,45.72
2628,45.72
2629,45.72
2630,45.72
2631,45.72
2632,45.72
2633,45.72
2634,45.72
2635,45.72
2636,45.72
2637,45.72
2638,45.72
2639,45.72
2640,45.72
2641,45.72
2642,45.72
2643,45.72
2644,45.72
2645,45.72
2646,45.72
2647,45.72
2648,45.72
2649,45.72
2650,45.72
2651,45.72
2652,45.72
2653,45.72
2654,45.72
2655,45.72
2656,45.72
2657,45.72
2658,45.72
2659,45.72
2660,45.72
2661,45.72
2662,45.72
2663,45.72
2664,45.72
2665,45.72
2666,45.72
2667,45.72
2668,45.72
2669,45.72
2670,45.72
2671,45.72
2672,45.72
2673,45.72
2674,45.72
2675,45.72
2676,45.72
2677,45.72
2678,45.72
2679,45.72
2680,45.72
2681,45.72
2682,45.72
2683,45.72
2684,45.72
2685,45.72
2686,45.72
2687,45.72
2688,45.72
2689,45.72
2690,45.72
2691,45.72
2692,45.72
2693,45.72
2694,45.72
2695,45.72
2696,45.72
2697,45.72
2698,45.72
2699,45.72
2700,45.72
2701,45.72
2702,45.72
2703,45.72
2704,45.72
2705,45.72
2706,45.72
2707,45.72
2708,45.72
2709,45.72
2710,45.72
2711,45.72
2712,45.72
2713,45.72
2714,45.72
2715,45.72
2716,45.72
2717,45.72
2718,45.72
2719,45.72
2720,45.72
2721,45.72
2722,45.72
2723,45.72
2724,45.72
2725,45.72
2726,45.72
2727,45.72
2728,45.72
2729,45.72
2730,45.72
2731,45.72
2732,45.72
2733,45.72
2734,45.72
2735,45.72
2736,45.72
2737,45.72
2738,45.72
2739,45.72
2740,45.72
2741,45.72
2742,45.72
2743,45.72
2744,45.72
2745,45.72
2746,45.72
2747,45.72
2748,45.72
2749,45.72
2750,45.72
2751,45.72
2752,45.72
2753,45.72
2754,45.72
2755,45.72
2756,45.72
2757,45.72
2758,45.72
2759,45.72
2760,45.72
2761,45.72
2762,45.72
2763,45.72
2764,45.72
2765,45.72
2766,45.72
2767,45.72
2768,45.72
2769,45.72
2770,45.72
2771,45.72
2772,45.72
2773,45.72
2774,45.72
2775,45.72
2776,45.72
2777,45.72
2778,45.72
2779,45.72
2780,45.72
2781,45.72
2782,45.72
2783,45.72
2784,45.72
2785,45.72
2786,45.72
2787,45.72
2788,45.72
2789,45.72
2790,45.72
2791,45.72
2792,45.72
2793,45.72
2794,45.72
2795,45.72
2796,45.72
2797,45.72
2798,45.72
2799,45.72
2800,45.72
2801,45.72
2802,45.72
2803,45.72
2804,45.72
2805,45.72
2806,45.72
2807,45.72
2808,45.72
2809,45.72
2810,45.72
2811,45.72
2812,45.72
2813,45.72
2814,45.72
2815,45.72
2816,45.72
2817,45.72
2818,45.72
2819,45.72
2820,45.72
2821,45.72
2822,45.72
2823,45.72
2824,45.72
2825,45.72
2826,45.72
2827,45.72
2828,45.72
2829,45.72
2830,45.72
2831,45.72
2832,45.72
2833,45.72
2834,45.72
2835,45.72
2836,45.72
2837,45.72
2838,45.72
2839,45.72
2840,45.72
2841,45.72
2842,45.72
2843,45.72
2844,45.72
2845,45.72
2846,45.72
2847,45.72
2848,45.72
2849,45.72
2850,45.72
2851,45.72
2852,45.72
2853,45.72
2854,45.72
2855,45.72
2856,45.72
2857,45.72
2858,45.72
2859,45.72
2860,45.72
2861,45.72
2862,45.72
2863,45.72
2864,45.72
2865,45.72
2866,45.72
2867,45.72
2868,45.72
2869,45.72
2870,45.72
2871,45.72
2872,45.72
2873,45.72
2874,45.72
2875,45.72
2876,45.72
2877,45.72
2878,45.72
2879,45.72
2880,45.72
2881,45.72
2882,45.72
2883,45.72
2884,45.72
2885,45.72
2886,45.72
2887,45.72
2888,45.72
2889,45.72
2890,45.72
2891,45.72
2892,45.72
2893,45.72
2894,45.72
2895,45.72
2896,45.72
2897,45.72
2898,45.72
2899,45.673
2900,45.618
2901,45.564
2902,45.505
2903,45.462
2904,45.459
2905,45.453
2906,45.543
2907,45.633
2908,45.72
2909,45.72
2910,45.72
2911,45.72
2912,45.72
2913,45.72
2914,45.72
2915,45.72
2916,45.72
2917,45.72
2918,45.72
2919,45.72
2920,45.72
2921,45.72
2922,45.72
2923,45.72
2924,45.72
2925,45.72
2926,45.72
2927,45.72
2928,45.72
2929,45.72
2930,45.72
2931,45.72
2932,45.72
2933,45.72
2934,45.72
2935,45.72
2936,45.72
2937,45.72
2938,45.72
2939,45.72
2940,45.72
2941,45.72
2942,45.72
2943,45.72
2944,45.72
2945,45.72
2946,45.72
2947,45.72
2948,45.72
2949,45.72
2950,45.72
2951,45.72
2952,45.72
2953,45.72
2954,45.72
2955,45.72
2956,45.72
2957,45.72
2958,45.72
2959,45.72
2960,45.72
2961,45.72
2962,45.72
2963,45.72
2964,45.72
2965,45.72
2966,45.72
2967,45.72
2968,45.72
2969,45.72
2970,45.72
2971,45.72
2972,45.72
2973,45.72
2974,45.72
2975,45.72
2976,45.72
2977,45.72
2978,45.72
2979,45.72
2980,45.72
2981,45.72
2982,45.72
2983,45.72
2984,45.72
2985,45.72
2986,45.72
2987,45.72
2988,45.72
2989,45.72
2990,45.72
2991,45.72
2992,45.72
2993,45.72
2994,45.72
2995,45.72
2996,45.72
2997,45.72
2998,45.72
2999,45.72
3000,45.72
3001,45.72
3002,45.72
3003,45.72
3004,45.72
3005,45.72
3006,45.72
3007,45.72
3008,45.72
3009,45.72
3010,45.72
3011,45.72
3012,45.72
3013,45.72
3014,45.72
3015,45.72
3016,45.72
3017,45.72
3018,45.72
3019,45.72
3020,45.72
3021,45.72
3022,45.72
3023,45.72
3024,45.72
3025,45.72
3026,45.72
3027,45.72
3028,45.72
3029,45.72
3030,45.72
3031,45.72
3032,45.72
3033,45.72
3034,45.72
3035,45.72
3036,45.72
3037,45.72
3038,45.72
3039,45.72
3040,45.72
3041,45.72
3042,45.72
3043,45.72
3044,45.72
3045,45.719
3046,45.72
3047,45.715
3048,45.698
3049,45.72
3050,45.72
3051,45.72
3052,45.72
3053,45.72
3054,45.72
3055,45.72
3056,45.72
3057,45.72
3058,45.72
3059,45.72
3060,45.72
3061,45.72
3062,45.72
3063,45.72
3064,45.72
3065,45.72
3066,45.72
3067,45.72
3068,45.72
3069,45.72
3070,45.72
3071,45.72
3072,45.72
3073,45.72
3074,45.72
3075,45.72
3076,45.72
3077,45.72
3078,45.72
3079,45.72
3080,45.72
3081,45.72
3082,45.72
3083,45.72
3084,45.72
3085,45.72
3086,45.72
3087,45.72
3088,45.72
3089,45.72
3090,45.72
3091,45.72
3092,45.72
3093,45.72
3094,45.72
3095,45.72
3096,45.72
3097,45.72
3098,45.72
3099,45.72
3100,45.72
3101,45.72
3102,45.72
3103,45.72
3104,45.72
3105,45.72
3106,45.72
3107,45.72
3108,45.72
3109,45.72
3110,45.72
3111,45.72
3112,45.72
3113,45.72
3114,45.72
3115,45.72
3116,45.72
3117,45.72
3118,45.72
3119,45.72
3120,45.72
3121,45.72
3122,45.72
3123,45.72
3124,45.72
3125,45.72
3126,45.72
3127,45.72
3128,45.72
3129,45.72
3130,45.72
3131,45.72
3132,45.72
3133,45.72
3134,45.72
3135,45.72
3136,45.72
3137,45.72
3138,45.72
3139,45.72
3140,45.72
3141,45.72
3142,45.72
3143,45.72
3144,45.72
3145,45.72
3146,45.72
3147,45.72
3148,45.72
3149,45.72
3150,45.72
3151,45.72
3152,45.72
3153,45.72
3154,45.72
3155,45.72
3156,45.72
3157,45.72
3158,45.72
3159,45.72
3160,45.72
3161,45.72
3162,45.72
3163,45.72
3164,45.72
3165,45.72
3166,45.72
3167,45.72
3168,45.72
3169,45.72
3170,45.72
3171,45.72
3172,45.72
3173,45.72
3174,45.72
3175,45.72
3176,45.72
3177,45.72
3178,45.72
3179,45.72
3180,45.72
3181,45.72
3182,45.72
3183,45.72
3184,45.72
3185,45.72
3186,45.72
3187,45.72
3188,45.72
3189,45.72
3190,45.72
3191,45.72
3192,45.72
3193,45.72
3194,45.72
3195,45.72
3196,45.72
3197,45.72
3198,45.72
3199,45.72
3200,45.72
3201,45.72
3202,45.72
3203,45.72
3204,45.72
3205,45.72
3206,45.72
3207,45.72
3208,45.72
3209,45.72
3210,45.72
3211,45.72
3212,45.72
3213,45.72
3214,45.72
3215,45.72
3216,45.72
3217,45.72
3218,45.72
3219,45.72
3220,45.72
3221,45.72
3222,45.72
3223,45.72
3224,45.72
3225,45.72
3226,45.72
3227,45.72
3228,45.72
3229,45.72
3230,45.72
3231,45.72
3232,45.72
3233,45.72
3234,45.72
3235,45.708
3236,45.632
3237,45.561
3238,45.5
3239,45.454
3240,45.45
3241,45.47
3242,45.522
3243,45.565
3244,45.692
3245,45.72
3246,45.72
3247,45.72
3248,45.72
3249,45.72
3250,45.72
3251,45.72
3252,45.72
3253,45.72
3254,45.72
3255,45.72
3256,45.72
3257,45.72
3258,45.72
3259,45.72
3260,45.72
3261,45.72
3262,45.72
3263,45.72
3264,45.72
3265,45.72
3266,45.72
3267,45.72
3268,45.72
3269,45.72
3270,45.72
3271,45.72
3272,45.72
3273,45.72
3274,45.72
3275,45.72
3276,45.72
3277,45.72
3278,45.72
3279,45.72
3280,45.72
3281,45.72
3282,45.72
3283,45.72
3284,45.72
3285,45.72
3286,45.72
3287,45.72
3288,45.72
3289,45.72
3290,45.72
3291,45.72
3292,45.72
3293,45.72
3294,45.72
3295,45.72
3296,45.72
3297,45.72
3298,45.72
3299,45.72
3300,45.72
3301,45.72
3302,45.72
3303,45.72
3304,45.72
3305,45.72
3306,45.72
3307,45.72
3308,45.72
3309,45.72
3310,45.72
3311,45.72
3312,45.72
3313,45.72
3314,45.72
3315,45.72
3316,45.72
3317,45.72
3318,45.72
3319,45.72
3320,45.72
3321,45.72
3322,45.72
3323,45.72
3324,45.72
3325,45.72
3326,45.72
3327,45.72
3328,45.72
3329,45.72
3330,45.72
3331,45.72
3332,45.72
3333,45.72
3334,45.72
3335,45.72
3336,45.72
3337,45.72
3338,45.72
3339,45.72
3340,45.72
3341,45.72
3342,45.72
3343,45.72
3344,45.72
3345,45.72
3346,45.72
3347,45.72
3348,45.72
3349,45.72
3350,45.72
3351,45.72
3352,45.72
3353,45.72
3354,45.72
3355,45.72
3356,45.72
3357,45.72
3358,45.72
3359,45.72
3360,45.72
3361,45.72
3362,45.72
3363,45.72
3364,45.72
3365,45.72
3366,45.72
3367,45.72
3368,45.72
3369,45.72
3370,45.72
3371,45.72
3372,45.72
3373,45.72
3374,45.72
3375,45.72
3376,45.72
3377,45.72
3378,45.72
3379,45.72
3380,45.72
3381,45.692
3382,45.653
3383,45.651
3384,45.634
3385,45.664
3386,45.695
3387,45.72
3388,45.72
3389,45.72
3390,45.72
3391,45.72
3392,45.72
3393,45.72
3394,45.72
3395,45.72
3396,45.72
3397,45.72
3398,45.72
3399,45.72
3400,45.72
3401,45.72
3402,45.72
3403,45.72
3404,45.72
3405,45.72
3406,45.72
3407,45.72
3408,45.72
3409,45.72
3410,45.72
3411,45.72
3412,45.72
3413,45.72
3414,45.72
3415,45.72
3416,45.72
3417,45.72
3418,45.72
3419,45.72
3420,45.72
3421,45.72
3422,45.72
3423,45.72
3424,45.72
3425,45.72
3426,45.72
3427,45.72
3428,45.72
3429,45.72
3430,45.72
3431,45.72
3432,45.72
3433,45.72
3434,45.72
3435,45.72
3436,45.72
3437,45.72
3438,45.72
3439,45.72
3440,45.72
3441,45.72
3442,45.72
3443,45.72
3444,45.72
3445,45.72
3446,45.72
3447,45.72
3448,45.72
3449,45.72
3450,45.72
3451,45.72
3452,45.72
3453,45.72
3454,45.72
3455,45.72
3456,45.72
3457,45.72
3458,45.72
3459,45.72
3460,45.72
3461,45.72
3462,45.72
3463,45.72
3464,45.72
3465,45.72
3466,45.72
3467,45.72
3468,45.72
3469,45.72
3470,45.72
3471,45.72
3472,45.72
3473,45.72
3474,45.72
3475,45.72
3476,45.72
3477,45.72
3478,45.72
3479,45.72
3480,45.72
3481,45.72
3482,45.72
3483,45.72
3484,45.72
3485,45.72
3486,45.72
3487,45.72
3488,45.72
3489,45.72
3490,45.72
3491,45.72
3492,45.72
3493,45.72
3494,45.72
3495,45.72
3496,45.72
3497,45.72
3498,45.72
3499,45.72
3500,45.72
3501,45.72
3502,45.72
3503,45.72
3504,45.72
3505,45.72
3506,45.72
3507,45.72
3508,45.72
3509,45.72
3510,45.72
3511,45.72
3512,45.72
3513,45.72
3514,45.72
3515,45.72
3516,45.72
3517,45.72
3518,45.72
3519,45.72
3520,45.72
3521,45.72
3522,45.72
3523,45.72
3524,45.72
3525,45.72
3526,45.72
3527,45.72
3528,45.72
3529,45.72
3530,45.72
3531,45.72
3532,45.72
3533,45.72
3534,45.72
3535,45.72
3536,45.72
3537,45.72
3538,45.72
3539,45.72
3540,45.72
3541,45.72
3542,45.72
3543,45.72
3544,45.72
3545,45.72
3546,45.72
3547,45.72
3548,45.72
3549,45.72
3550,45.72
3551,45.72
3552,45.72
3553,45.72
3554,45.72
3555,45.72
3556,45.72
3557,45.72
3558,45.72
3559,45.72
3560,45.72
3561,45.72
3562,45.72
3563,45.72
3564,45.72
3565,45.72
3566,45.72
3567,45.72
3568,45.72
3569,45.72
3570,45.72
3571,45.669
3572,45.634
3573,45.568
3574,45.458
3575,45.349
3576,45.314
3577,45.323
3578,45.347
3579,45.413
3580,45.518
3581,45.67
3582,45.72
3583,45.72
3584,45.72
3585,45.72
3586,45.72
3587,45.72
3588,45.72
3589,45.72
3590,45.72
3591,45.72
3592,45.72
3593,45.72
3594,45.72
3595,45.72
3596,45.72
3597,45.72
3598,45.72
3599,45.72
3600,45.72
3601,45.72
3602,45.72
3603,45.72
3604,45.72
3605,45.72
3606,45.72
3607,45.72
3608,45.72
3609,45.72
3610,45.72
3611,45.72
3612,45.72
3613,45.72
3614,45.72
3615,45.72
3616,45.72
3617,45.72
3618,45.72
3619,45.72
3620,45.72
3621,45.72
3622,45.72
3623,45.72
3624,45.72
3625,45.72
3626,45.72
3627,45.72
3628,45.72
3629,45.72
3630,45.72
3631,45.72
3632,45.72
3633,45.72
3634,45.72
3635,45.72
3636,45.72
3637,45.72
3638,45.72
3639,45.72
3640,45.72
3641,45.72
3642,45.72
3643,45.72
3644,45.72
3645,45.72
3646,45.72
3647,45.72
3648,45.72
3649,45.72
3650,45.72
3651,45.72
3652,45.72
3653,45.72
3654,45.72
3655,45.72
3656,45.72
3657,45.72
3658,45.72
3659,45.72
3660,45.72
3661,45.72
3662,45.72
3663,45.72
3664,45.72
3665,45.72
3666,45.72
3667,45.72
3668,45.72
3669,45.72
3670,45.72
3671,45.72
3672,45.72
3673,45.72
3674,45.72
3675,45.72
3676,45.72
3677,45.72
3678,45.72
3679,45.72
3680,45.72
3681,45.72
3682,45.72
3683,45.72
3684,45.72
3685,45.72
3686,45.72
3687,45.72
3688,45.72
3689,45.72
3690,45.72
3691,45.72
3692,45.72
3693,45.72
3694,45.72
3695,45.72
3696,45.72
3697,45.72
3698,45.72
3699,45.72
3700,45.72
3701,45.72
3702,45.72
3703,45.72
3704,45.72
3705,45.72
3706,45.72
3707,45.72
3708,45.72
3709,45.72
3710,45.72
3711,45.72
3712,45.72
3713,45.72
3714,45.72
3715,45.72
3716,45.72
3717,45.717
3718,45.705
3719,45.675
3720,45.651
3721,45.668
3722,45.72
3723,45.72
3724,45.72
3725,45.72
3726,45.72
3727,45.72
3728,45.72
3729,45.72
3730,45.72
3731,45.72
3732,45.72
3733,45.72
3734,45.72
3735,45.72
3736,45.72
3737,45.72
3738,45.72
3739,45.72
3740,45.72
3741,45.72
3742,45.72
3743,45.72
3744,45.72
3745,45.72
3746,45.72
3747,45.72
3748,45.72
3749,45.72
3750,45.72
3751,45.72
3752,45.72
3753,45.72
3754,45.72
3755,45.72
3756,45.72
3757,45.72
3758,45.72
3759,45.72
3760,45.72
3761,45.72
3762,45.72
3763,45.72
3764,45.72
3765,45.72
3766,45.72
3767,45.72
3768,45.72
3769,45.72
3770,45.72
3771,45.72
3772,45.72
3773,45.72
3774,45.72
3775,45.72
3776,45.72
3777,45.72
3778,45.72
3779,45.72
3780,45.72
3781,45.72
3782,45.72
3783,45.72
3784,45.72
3785,45.72
3786,45.72
3787,45.72
3788,45.72
3789,45.72
3790,45.72
3791,45.72
3792,45.72
3793,45.72
3794,45.72
3795,45.72
3796,45.72
3797,45.72
3798,45.72
3799,45.72
3800,45.72
3801,45.72
3802,45.72
3803,45.72
3804,45.72
3805,45.72
3806,45.72
3807,45.72
3808,45.72
3809,45.72
3810,45.72
3811,45.72
3812,45.72
3813,45.72
3814,45.72
3815,45.72
3816,45.72
3817,45.72
3818,45.72
3819,45.72
3820,45.72
3821,45.72
3822,45.72
3823,45.72
3824,45.72
3825,45.72
3826,45.72
3827,45.72
3828,45.72
3829,45.72
3830,45.72
3831,45.72
3832,45.72
3833,45.72
3834,45.72
3835,45.72
3836,45.72
3837,45.72
3838,45.72
3839,45.72
3840,45.72
3841,45.72
3842,45.72
3843,45.72
3844,45.72
3845,45.72
3846,45.72
3847,45.72
3848,45.72
3849,45.72
3850,45.72
3851,45.72
3852,45.72
3853,45.72
3854,45.72
3855,45.72
3856,45.72
3857,45.72
3858,45.72
3859,45.72
3860,45.72
3861,45.72
3862,45.72
3863,45.72
3864,45.72
3865,45.72
3866,45.72
3867,45.72
3868,45.72
3869,45.72
3870,45.72
3871,45.72
3872,45.72
3873,45.72
3874,45.72
3875,45.72
3876,45.72
3877,45.72
3878,45.72
3879,45.72
3880,45.72
3881,45.72
3882,45.72
3883,45.72
3884,45.72
3885,45.72
3886,45.72
3887,45.72
3888,45.72
3889,45.72
3890,45.72
3891,45.72
3892,45.72
3893,45.72
3894,45.72
3895,45.72
3896,45.72
3897,45.72
3898,45.72
3899,45.72
3900,45.72
3901,45.72
3902,45.72
3903,45.72
3904,45.72
3905,45.72
3906,45.72
3907,45.679
3908,45.576
3909,45.519
3910,45.457
3911,45.424
3912,45.408
3913,45.421
3914,45.462
3915,45.513
3916,45.612
3917,45.72
3918,45.72
3919,45.72
3920,45.72
3921,45.72
3922,45.72
3923,45.72
3924,45.72
3925,45.72
3926,45.72
3927,45.72
3928,45.72
3929,45.72
3930,45.72
3931,45.72
3932,45.72
3933,45.72
3934,45.72
3935,45.72
3936,45.72
3937,45.72
3938,45.72
3939,45.72
3940,45.72
3941,45.72
3942,45.72
3943,45.72
3944,45.72
3945,45.72
3946,45.72
3947,45.72
3948,45.72
3949,45.72
3950,45.72
3951,45.72
3952,45.72
3953,45.72
3954,45.72
3955,45.72
3956,45.72
3957,45.72
3958,45.72
3959,45.72
3960,45.72
3961,45.72
3962,45.72
3963,45.72
3964,45.72
3965,45.72
3966,45.72
3967,45.72
3968,45.72
3969,45.72
3970,45.72
3971,45.72
3972,45.72
3973,45.72
3974,45.72
3975,45.72
3976,45.72
3977,45.72
3978,45.72
3979,45.72
3980,45.72
3981,45.72
3982,45.72
3983,45.72
3984,45.72
3985,45.72
3986,45.72
3987,45.72
3988,45.72
3989,45.72
3990,45.72
3991,45.72
3992,45.72
3993,45.72
3994,45.72
3995,45.72
3996,45.72
3997,45.72
3998,45.72
3999,45.72
4000,45.72
4001,45.72
4002,45.72
4003,45.72
4004,45.72
4005,45.72
4006,45.72
4007,45.72
4008,45.72
4009,45.72
4010,45.72
4011,45.72
4012,45.72
4013,45.72
4014,45.72
4015,45.72
4016,45.72
4017,45.72
4018,45.72
4019,45.72
4020,45.72
4021,45.72
4022,45.72
4023,45.72
4024,45.72
4025,45.72
4026,45.72
4027,45.72
4028,45.72
4029,45.72
4030,45.72
4031,45.72
4032,45.72
4033,45.72
4034,45.72
4035,45.72
4036,45.72
4037,45.72
4038,45.72
4039,45.72
4040,45.72
4041,45.72
4042,45.72
4043,45.72
4044,45.72
4045,45.72
4046,45.72
4047,45.72
4048,45.72
4049,45.72
4050,45.72
4051,45.72
4052,45.72
4053,45.717
4054,45.7
4055,45.72
4056,45.717
4057,45.72
4058,45.72
4059,45.72
4060,45.72
4061,45.72
4062,45.72
4063,45.72
4064,45.72
4065,45.72
4066,45.72
4067,45.72
4068,45.72
4069,45.72
4070,45.72
4071,45.72
4072,45.72
4073,45.72
4074,45.72
4075,45.72
4076,45.72
4077,45.72
4078,45.72
4079,45.72
4080,45.72
4081,45.72
4082,45.72
4083,45.72
4084,45.72
4085,45.72
4086,45.72
4087,45.72
4088,45.72
4089,45.72
4090,45.72
4091,45.72
4092,45.72
4093,45.72
4094,45.72
4095,45.72
4096,45.72
4097,45.72
4098,45.72
4099,45.72
4100,45.72
4101,45.72
4102,45.72
4103,45.72
4104,45.72
4105,45.72
4106,45.72
4107,45.72
4108,45.72
4109,45.72
4110,45.72
4111,45.72
4112,45.72
4113,45.72
4114,45.72
4115,45.72
4116,45.72
4117,45.72
4118,45.72
4119,45.72
4120,45.72
4121,45.72
4122,45.72
4123,45.72
4124,45.72
4125,45.72
4126,45.72
4127,45.72
4128,45.72
4129,45.72
4130,45.72
4131,45.72
4132,45.72
4133,45.72
4134,45.72
4135,45.72
4136,45.72
4137,45.72
4138,45.72
4139,45.72
4140,45.72
4141,45.72
4142,45.72
4143,45.72
4144,45.72
4145,45.72
4146,45.72
4147,45.72
4148,45.72
4149,45.72
4150,45.72
4151,45.72
4152,45.72
4153,45.72
4154,45.72
4155,45.72
4156,45.72
4157,45.72
4158,45.72
4159,45.72
4160,45.72
4161,45.72
4162,45.72
4163,45.72
4164,45.72
4165,45.72
4166,45.72
4167,45.72
4168,45.72
4169,45.72
4170,45.72
4171,45.72
4172,45.72
4173,45.72
4174,45.72
4175,45.72
4176,45.72
4177,45.72
4178,45.72
4179,45.72
4180,45.72
4181,45.72
4182,45.72
4183,45.72
4184,45.72
4185,45.72
4186,45.72
4187,45.72
4188,45.72
4189,45.72
4190,45.72
4191,45.72
4192,45.72
4193,45.72
4194,45.72
4195,45.72
4196,45.72
4197,45.72
4198,45.72
4199,45.72
4200,45.72
4201,45.72
4202,45.72
4203,45.72
4204,45.72
4205,45.72
4206,45.72
4207,45.72
4208,45.72
4209,45.72
4210,45.72
4211,45.72
4212,45.72
4213,45.72
4214,45.72
4215,45.72
4216,45.72
4217,45.72
4218,45.72
4219,45.72
4220,45.72
4221,45.72
4222,45.72
4223,45.72
4224,45.72
4225,45.72
4226,45.72
4227,45.72
4228,45.72
4229,45.72
4230,45.72
4231,45.72
4232,45.72
4233,45.72
4234,45.72
4235,45.72
4236,45.72
4237,45.72
4238,45.72
4239,45.72
4240,45.72
4241,45.72
4242,45.72
4243,45.672
4244,45.591
4245,45.52
4246,45.434
4247,45.368
4248,45.323
4249,45.323
4250,45.356
4251,45.462
4252,45.582
4253,45.72
4254,45.72
4255,45.72
4256,45.72
4257,45.72
4258,45.72
4259,45.72
4260,45.72
4261,45.72
4262,45.72
4263,45.72
4264,45.72
4265,45.72
4266,45.72
4267,45.72
4268,45.72
4269,45.72
4270,45.72
4271,45.72
4272,45.72
4273,45.72
4274,45.72
4275,45.72
4276,45.72
4277,45.72
4278,45.72
4279,45.72
4280,45.72
4281,45.72
4282,45.72
4283,45.72
4284,45.72
4285,45.72
4286,45.72
4287,45.72
4288,45.72
4289,45.72
4290,45.72
4291,45.72
4292,45.72
4293,45.72
4294,45.72
4295,45.72
4296,45.72
4297,45.72
4298,45.72
4299,45.72
4300,45.72
4301,45.72
4302,45.72
4303,45.72
4304,45.72
4305,45.72
4306,45.72
4307,45.72
4308,45.72
4309,45.72
4310,45.72
4311,45.72
4312,45.72
4313,45.72
4314,45.72
4315,45.72
4316,45.72
4317,45.72
4318,45.72
4319,45.72
4320,45.72
4321,45.72
4322,45.72
4323,45.72
4324,45.72
4325,45.72
4326,45.72
4327,45.72
4328,45.72
4329,45.72
4330,45.72
4331,45.72
4332,45.72
4333,45.72
4334,45.72
4335,45.72
4336,45.72
4337,45.72
4338,45.72
4339,45.72
4340,45.72
4341,45.72
4342,45.72
4343,45.72
4344,45.72
4345,45.72
4346,45.72
4347,45.72
4348,45.72
4349,45.72
4350,45.72
4351,45.72
4352,45.72
4353,45.72
4354,45.72
4355,45.72
4356,45.72
4357,45.72
4358,45.72
4359,45.72
4360,45.72
4361,45.72
4362,45.72
4363,45.72
4364,45.72
4365,45.72
4366,45.72
4367,45.72
4368,45.72
4369,45.72
4370,45.72
4371,45.72
4372,45.72
4373,45.72
4374,45.72
4375,45.72
4376,45.72
4377,45.72
4378,45.72
4379,45.72
4380,45.72
4381,45.72
4382,45.72
4383,45.72
4384,45.72
4385,45.72
4386,45.72
4387,45.72
4388,45.72
4389,45.705
4390,45.7
4391,45.689
4392,45.694
4393,45.712
4394,45.72
4395,45.72
4396,45.72
4397,45.72
4398,45.72
4399,45.72
4400,45.72
4401,45.72
4402,45.72
4403,45.72
4404,45.72
4405,45.72
4406,45.72
4407,45.72
4408,45.72
4409,45.72
4410,45.72
4411,45.72
4412,45.72
4413,45.72
4414,45.72
4415,45.72
4416,45.72
4417,45.72
4418,45.72
4419,45.72
4420,45.72
4421,45.72
4422,45.72
4423,45.72
4424,45.72
4425,45.72
4426,45.72
4427,45.72
4428,45.72
4429,45.72
4430,45.72
4431,45.72
4432,45.72
4433,45.72
4434,45.72
4435,45.72
4436,45.72
4437,45.72
4438,45.72
4439,45.72
4440,45.72
4441,45.72
4442,45.72
4443,45.72
4444,45.72
4445,45.72
4446,45.72
4447,45.72
4448,45.72
4449,45.72
4450,45.72
4451,45.72
4452,45.72
4453,45.72
4454,45.72
4455,45.72
4456,45.72
4457,45.72
4458,45.72
4459,45.72
4460,45.72
4461,45.72
4462,45.72
4463,45.72
4464,45.72
4465,45.72
4466,45.72
4467,45.72
4468,45.72
4469,45.72
4470,45.72
4471,45.72
4472,45.72
4473,45.72
4474,45.72
4475,45.72
4476,45.72
4477,45.72
4478,45.72
4479,45.72
4480,45.72
4481,45.72
4482,45.72
4483,45.72
4484,45.72
4485,45.72
4486,45.72
4487,45.72
4488,45.72
4489,45.72
4490,45.72
4491,45.72
4492,45.72
4493,45.72
4494,45.72
4495,45.72
4496,45.72
4497,45.72
4498,45.72
4499,45.72
4500,45.72
4501,45.72
4502,45.72
4503,45.72
4504,45.72
4505,45.72
4506,45.72
4507,45.72
4508,45.72
4509,45.72
4510,45.72
4511,45.72
4512,45.72
4513,45.72
4514,45.72
4515,45.72
4516,45.72
4517,45.72
4518,45.72
4519,45.72
4520,45.72
4521,45.72
4522,45.72
4523,45.72
4524,45.72
4525,45.72
4526,45.72
4527,45.72
4528,45.72
4529,45.72
4530,45.72
4531,45.72
4532,45.72
4533,45.72
4534,45.72
4535,45.72
4536,45.72
4537,45.72
4538,45.72
4539,45.72
4540,45.72
4541,45.72
4542,45.72
4543,45.72
4544,45.72
4545,45.72
4546,45.72
4547,45.72
4548,45.72
4549,45.72
4550,45.72
4551,45.72
4552,45.72
4553,45.72
4554,45.72
4555,45.72
4556,45.72
4557,45.72
4558,45.72
4559,45.72
4560,45.72
4561,45.72
4562,45.72
4563,45.72
4564,45.72
4565,45.72
4566,45.72
4567,45.72
4568,45.72
4569,45.72
4570,45.72
4571,45.72
4572,45.72
4573,45.72
4574,45.72
4575,45.72
4576,45.72
4577,45.72
4578,45.72
4579,45.68
4580,45.671
4581,45.611
4582,45.529
4583,45.495
4584,45.461
4585,45.508
4586,45.548
4587,45.637
4588,45.72
4589,45.72
4590,45.72
4591,45.72
4592,45.72
4593,45.72
4594,45.72
4595,45.72
4596,45.72
4597,45.72
4598,45.72
4599,45.72
4600,45.72
4601,45.72
4602,45.72
4603,45.72
4604,45.72
4605,45.72
4606,45.72
4607,45.72
4608,45.72
4609,45.72
4610,45.72
4611,45.72
4612,45.72
4613,45.72
4614,45.72
4615,45.72
4616,45.72
4617,45.72
4618,45.72
4619,45.72
4620,45.72
4621,45.72
4622,45.72
4623,45.72
4624,45.72
4625,45.72
4626,45.72
4627,45.72
4628,45.72
4629,45.72
4630,45.72
4631,45.72
4632,45.72
4633,45.72
4634,45.72
4635,45.72
4636,45.72
4637,45.72
4638,45.72
4639,45.72
4640,45.72
4641,45.72
4642,45.72
4643,45.72
4644,45.72
4645,45.72
4646,45.72
4647,45.72
4648,45.72
4649,45.72
4650,45.72
4651,45.72
4652,45.72
4653,45.72
4654,45.72
4655,45.72
4656,45.72
4657,45.72
4658,45.72
4659,45.72
4660,45.72
4661,45.72
4662,45.72
4663,45.72
4664,45.72
4665,45.72
4666,45.72
4667,45.72
4668,45.72
4669,45.72
4670,45.72
4671,45.72
4672,45.72
4673,45.72
4674,45.72
4675,45.72
4676,45.72
4677,45.72
4678,45.72
4679,45.72
4680,45.72
4681,45.72
4682,45.72
4683,45.72
4684,45.72
4685,45.72
4686,45.72
4687,45.72
4688,45.72
4689,45.72
4690,45.72
4691,45.72
4692,45.72
4693,45.72
4694,45.72
4695,45.72
4696,45.72
4697,45.72
4698,45.72
4699,45.72
4700,45.72
4701,45.72
4702,45.72
4703,45.72
4704,45.72
4705,45.72
4706,45.72
4707,45.72
4708,45.72
4709,45.72
4710,45.72
4711,45.72
4712,45.72
4713,45.72
4714,45.72
4715,45.72
4716,45.72
4717,45.72
4718,45.72
4719,45.72
4720,45.72
4721,45.72
4722,45.72
4723,45.72
4724,45.72
4725,45.72
4726,45.72
4727,45.708
4728,45.712
4729,45.72
4730,45.72
4731,45.72
4732,45.72
4733,45.72
4734,45.72
4735,45.72
4736,45.72
4737,45.72
4738,45.72
4739,45.72
4740,45.72
4741,45.72
4742,45.72
4743,45.72
4744,45.72
4745,45.72
4746,45.72
4747,45.72
4748,45.72
4749,45.72
4750,45.72
4751,45.72
4752,45.72
4753,45.72
4754,45.72
4755,45.72
4756,45.72
4757,45.72
4758,45.72
4759,45.72
4760,45.72
4761,45.72
4762,45.72
4763,45.72
4764,45.72
4765,45.72
4766,45.72
4767,45.72
4768,45.72
4769,45.72
4770,45.72
4771,45.72
4772,45.72
4773,45.72
4774,45.72
4775,45.72
4776,45.72
4777,45.72
4778,45.72
4779,45.72
4780,45.72
4781,45.72
4782,45.72
4783,45.72
4784,45.72
4785,45.72
4786,45.72
4787,45.72
4788,45.72
4789,45.72
4790,45.72
4791,45.72
4792,45.72
4793,45.72
4794,45.72
4795,45.72
4796,45.72
4797,45.72
4798,45.72
4799,45.72
4800,45.72
4801,45.72
4802,45.72
4803,45.72
4804,45.72
4805,45.72
4806,45.72
4807,45.72
4808,45.72
4809,45.72
4810,45.72
4811,45.72
4812,45.72
4813,45.72
4814,45.72
4815,45.72
4816,45.72
4817,45.72
4818,45.72
4819,45.72
4820,45.72
4821,45.72
4822,45.72
4823,45.72
4824,45.72
4825,45.72
4826,45.72
4827,45.72
4828,45.72
4829,45.72
4830,45.72
4831,45.72
4832,45.72
4833,45.72
4834,45.72
4835,45.72
4836,45.72
4837,45.72
4838,45.72
4839,45.72
4840,45.72
4841,45.72
4842,45.72
4843,45.72
4844,45.72
4845,45.72
4846,45.72
4847,45.72
4848,45.72
4849,45.72
4850,45.72
4851,45.72
4852,45.72
4853,45.72
4854,45.72
4855,45.72
4856,45.72
4857,45.72
4858,45.72
4859,45.72
4860,45.72
4861,45.72
4862,45.72
4863,45.72
4864,45.72
4865,45.72
4866,45.72
4867,45.72
4868,45.72
4869,45.72
4870,45.72
4871,45.72
4872,45.72
4873,45.72
4874,45.72
4875,45.72
4876,45.72
4877,45.72
4878,45.72
4879,45.72
4880,45.72
4881,45.72
4882,45.72
4883,45.72
4884,45.72
4885,45.72
4886,45.72
4887,45.72
4888,45.72
4889,45.72
4890,45.72
4891,45.72
4892,45.72
4893,45.72
4894,45.72
4895,45.72
4896,45.72
4897,45.72
4898,45.72
4899,45.72
4900,45.72
4901,45.72
4902,45.72
4903,45.72
4904,45.72
4905,45.72
4906,45.72
4907,45.72
4908,45.72
4909,45.72
4910,45.72
4911,45.72
4912,45.72
4913,45.72
4914,45.72
4915,45.677
4916,45.673
4917,45.608
4918,45.535
4919,45.504
4920,45.494
4921,45.534
4922,45.577
4923,45.671
4924,45.72
4925,45.72
4926,45.72
4927,45.72
4928,45.72
4929,45.72
4930,45.72
4931,45.72
4932,45.72
4933,45.72
4934,45.72
4935,45.72
4936,45.72
4937,45.72
4938,45.72
4939,45.72
4940,45.72
4941,45.72
4942,45.72
4943,45.72
4944,45.72
4945,45.72
4946,45.72
4947,45.72
4948,45.72
4949,45.72
4950,45.72
4951,45.72
4952,45.72
4953,45.72
4954,45.72
4955,45.72
4956,45.72
4957,45.72
4958,45.72
4959,45.72
4960,45.72
4961,45.72
4962,45.72
4963,45.72
4964,45.72
4965,45.72
4966,45.72
4967,45.72
4968,45.72
4969,45.72
4970,45.72
4971,45.72
4972,45.72
4973,45.72
4974,45.72
4975,45.72
4976,45.72
4977,45.72
4978,45.72
4979,45.72
4980,45.72
4981,45.72
4982,45.72
4983,45.72
4984,45.72
4985,45.72
4986,45.72
4987,45.72
4988,45.72
4989,45.72
4990,45.72
4991,45.72
4992,45.72
4993,45.72
4994,45.72
4995,45.72
4996,45.72
4997,45.72
4998,45.72
4999,45.72
5000,45.72
5001,45.72
5002,45.72
5003,45.72
5004,45.72
5005,45.72
5006,45.72
5007,45.72
5008,45.72
5009,45.72
5010,45.72
5011,45.72
5012,45.72
5013,45.72
5014,45.72
5015,45.72
5016,45.72
5017,45.72
5018,45.72
5019,45.72
5020,45.72
5021,45.72
5022,45.72
5023,45.72
5024,45.72
5025,45.72
5026,45.72
5027,45.72
5028,45.72
5029,45.72
5030,45.72
5031,45.72
5032,45.72
5033,45.72
5034,45.72
5035,45.72
5036,45.72
5037,45.72
5038,45.72
5039,45.72
5040,45.72
5041,45.72
5042,45.72
5043,45.72
5044,45.72
5045,45.72
5046,45.72
5047,45.72
5048,45.72
5049,45.72
5050,45.72
5051,45.72
5052,45.72
5053,45.72
5054,45.72
5055,45.72
5056,45.72
5057,45.72
5058,45.72
5059,45.72
5060,45.72
5061,45.72
5062,45.692
5063,45.701
5064,45.72
5065,45.72
5066,45.72
5067,45.72
5068,45.72
5069,45.72
5070,45.72
5071,45.72
5072,45.72
5073,45.72
5074,45.72
5075,45.72
5076,45.72
5077,45.72
5078,45.72
5079,45.72
5080,45.72
5081,45.72
5082,45.72
5083,45.72
5084,45.72
5085,45.72
5086,45.72
5087,45.72
5088,45.72
5089,45.72
5090,45.72
5091,45.72
5092,45.72
5093,45.72
5094,45.72
5095,45.72
5096,45.72
5097,45.72
5098,45.72
5099,45.72
5100,45.72
5101,45.72
5102,45.72
5103,45.72
5104,45.72
5105,45.72
5106,45.72
5107,45.72
5108,45.72
5109,45.72
5110,45.72
5111,45.72
5112,45.72
5113,45.72
5114,45.72
5115,45.72
5116,45.72
5117,45.72
5118,45.72
5119,45.72
5120,45.72
5121,45.72
5122,45.72
5123,45.72
5124,45.72
5125,45.72
5126,45.72
5127,45.72
5128,45.72
5129,45.72
5130,45.72
5131,45.72
5132,45.72
5133,45.72
5134,45.72
5135,45.72
5136,45.72
5137,45.72
5138,45.72
5139,45.72
5140,45.72
5141,45.72
5142,45.72
5143,45.72
5144,45.72
5145,45.72
5146,45.72
5147,45.72
5148,45.72
5149,45.72
5150,45.72
5151,45.72
5152,45.72
5153,45.72
5154,45.72
5155,45.72
5156,45.72
5157,45.72
5158,45.72
5159,45.72
5160,45.72
5161,45.72
5162,45.72
5163,45.72
5164,45.72
5165,45.72
5166,45.72
5167,45.72
5168,45.72
5169,45.72
5170,45.72
5171,45.72
5172,45.72
5173,45.72
5174,45.72
5175,45.72
5176,45.72
5177,45.72
5178,45.72
5179,45.72
5180,43.801
5181,41.941
5182,40.181
5183,40.571
5184,41.021
5185,41.515
5186,42.048
5187,42.653
5188,43.283
5189,43.956
5190,44.643
5191,45.334
5192,43.828
5193,42.348
5194,40.879
5195,39.404
5196,37.905
5197,36.402
5198,34.88
5199,33.322
5200,31.73
5201,30.48
5202,30.814
5203,30.48
5204,30.48
5205,30.745
5206,30.479
5207,30.479
5208,30.479
5209,30.479
5210,30.479
5211,30.479
5212,30.479
5213,30.879
5214,31.283
5215,30.479
5216,30.479
5217,30.905
5218,31.327
5219,30.48
5220,30.878
5221,30.479
5222,30.479
5223,30.822
5224,31.146
5225,31.459
5226,31.766
5227,32.093
5228,32.473
5229,32.854
5230,33.26
5231,33.717
5232,34.189
5233,32.727
5234,31.353
5235,30.48
5236,30.48
5237,30.48
5238,31.307
5239,32.121
5240,30.924
5241,30.479
5242,30.479
5243,31.18
5244,31.818
5245,32.36
5246,32.829
5247,33.218
5248,33.532
5249,33.773
5250,33.951
5251,34.073
5252,34.188
5253,34.265
5254,34.325
5255,32.506
5256,30.753
5257,30.96
5258,31.22
5259,31.49
5260,31.797
5261,30.479
5262,30.479
5263,30.852
5264,31.235
5265,31.639
5266,30.479
5267,30.894
5268,31.269
5269,31.632
5270,31.968
5271,32.293
5272,32.629
5273,32.949
5274,31.333
5275,30.479
5276,30.479
5277,30.901
5278,31.361
5279,31.843
5280,32.368
5281,32.914
5282,31.517
5283,30.48
5284,30.48
5285,30.48
5286,30.48
5287,30.48
5288,30.48
5289,30.48
5290,30.48
5291,30.48
5292,30.48
5293,30.48
5294,30.48
5295,30.48
5296,30.48
5297,30.48
5298,30.48
5299,30.48
5300,30.48
5301,30.48
5302,30.48
5303,30.48
5304,30.48
5305,30.48
5306,30.48
5307,30.48
5308,30.48
5309,30.48
5310,30.48
5311,30.48
5312,30.48
5313,30.874
5314,31.259
5315,31.635
5316,32.01
5317,32.38
5318,32.711
5319,33.066
5320,33.426
5321,33.782
5322,34.151
5323,32.58
5324,31.073
5325,30.48
5326,30.48
5327,30.48
5328,30.48
5329,30.48
5330,30.48
5331,30.48
5332,30.48
5333,30.48
5334,30.48
5335,30.48
5336,30.48
5337,30.48
5338,30.48
5339,30.48
5340,30.48
5341,30.48
5342,30.48
5343,30.48
5344,30.48
5345,30.48
5346,30.48
5347,30.48
5348,30.48
5349,30.48
5350,30.48
5351,30.48
5352,30.48
5353,30.48
5354,30.48
5355,30.48
5356,30.48
5357,30.48
5358,30.48
5359,30.48
5360,30.48
5361,30.48
5362,30.48
5363,30.48
5364,30.48
5365,30.48
5366,30.48
5367,30.48
5368,30.48
5369,30.48
5370,30.865
5371,31.29
5372,30.48
5373,30.48
5374,30.48
5375,30.48
5376,30.48
5377,30.48
5378,30.48
5379,30.48
5380,30.48
5381,30.48
5382,30.48
5383,30.48
5384,30.48
5385,30.48
5386,30.48
5387,30.48
5388,30.48
5389,30.48
5390,30.48
5391,30.48
5392,30.48
5393,30.48
5394,30.48
5395,30.48
5396,30.48
5397,30.48
5398,30.48
5399,30.48
5400,30.48
5401,30.48
5402,30.48
5403,30.791
5404,31.126
5405,31.498
5406,31.926
5407,32.37
5408,32.794
5409,33.254
5410,33.744
5411,34.197
5412,32.637
5413,31.102
5414,30.479
5415,30.479
5416,30.479
5417,30.479
5418,30.479
5419,30.479
5420,30.479
5421,30.479
5422,30.479
5423,30.479
5424,30.479
5425,30.479
5426,30.479
5427,30.479
5428,30.479
5429,30.479
5430,30.479
5431,30.479
5432,30.479
5433,30.479
5434,30.479
5435,30.479
5436,30.479
5437,30.479
5438,30.479
5439,30.479
5440,30.479
5441,30.479
5442,30.479
5443,30.479
5444,30.479
5445,30.479
5446,30.479
5447,30.479
5448,30.479
5449,30.479
5450,30.761
5451,31.089
5452,31.461
5453,31.867
5454,32.28
5455,32.712
5456,33.177
5457,33.605
5458,34.029
5459,34.438
5460,34.825
5461,35.21
5462,35.552
5463,35.856
5464,36.135
5465,36.419
5466,36.678
5467,36.951
5468,37.237
5469,37.545
5470,37.917
5471,38.329
5472,38.816
5473,39.344
5474,39.908
5475,40.542
5476,41.213
5477,41.917
5478,42.634
5479,43.351
5480,44.054
5481,42.567
5482,43.221
5483,43.811
5484,44.345
5485,44.819
5486,45.209
5487,45.547
5488,45.72
5489,45.72
5490,45.72
5491,45.72
5492,45.72
5493,45.72
5494,45.72
5495,45.72
5496,45.72
5497,45.72
5498,45.72
5499,45.72
5500,45.72
5501,45.72
5502,43.848
5503,44.117
5504,44.393
5505,44.659
5506,44.938
5507,45.199
5508,45.447
5509,45.67
5510,45.72
5511,45.72
5512,45.72
5513,43.805
5514,41.919
5515,40.099
5516,38.325
5517,36.608
5518,34.982
5519,33.435
5520,31.954
5521,30.555
5522,31.227
5523,31.956
5524,32.712
5525,31.485
5526,30.48
5527,31.338
5528,32.178
5529,32.992
5530,33.77
5531,32.461
5532,31.134
5533,31.746
5534,32.299
5535,32.768
5536,33.181
5537,31.565
5538,30.48
5539,30.793
5540,31.078
5541,30.479
5542,30.76
5543,31.012
5544,31.308
5545,31.616
5546,31.935
5547,32.27
5548,32.655
5549,33.049
5550,33.434
5551,33.83
5552,34.237
5553,34.651
5554,35.027
5555,35.406
5556,35.786
5557,36.119
5558,36.447
5559,36.767
5560,37.054
5561,37.352
5562,35.629
5563,33.916
5564,32.281
5565,30.698
5566,30.48
5567,30.48
5568,30.48
5569,30.48
5570,30.48
5571,30.48
5572,30.48
5573,30.48
5574,30.48
5575,30.48
5576,30.48
5577,30.48
5578,30.48
5579,30.48
5580,30.48
5581,30.48
5582,30.982
5583,31.429
5584,31.724
5585,32.001
5586,32.207
5587,32.391
5588,32.52
5589,32.617
5590,32.687
5591,32.8
5592,31.037
5593,31.227
5594,31.437
5595,31.671
5596,31.976
5597,30.479
5598,30.479
5599,30.479
5600,30.863
5601,31.239
5602,31.619
5603,32.003
5604,30.479
5605,30.479
5606,30.479
5607,30.479
5608,30.479
5609,30.479
5610,30.479
5611,30.479
5612,30.882
5613,31.309
5614,31.782
5615,32.269
5616,32.824
5617,33.411
5618,33.998
5619,34.637
5620,35.31
5621,35.998
5622,34.668
5623,33.387
5624,34.18
5625,32.929
5626,31.693
5627,30.48
5628,30.48
5629,30.48
5630,30.48
5631,30.48
5632,30.48
5633,30.48
5634,30.48
5635,30.48
5636,30.48
5637,30.787
5638,30.48
5639,30.48
5640,30.48
5641,30.48
5642,30.48
5643,30.822
5644,31.148
5645,31.506
5646,31.858
5647,32.224
5648,32.595
5649,32.946
5650,33.331
5651,33.676
5652,34.042
5653,34.383
5654,34.735
5655,35.064
5656,35.412
5657,35.753
5658,36.115
5659,36.521
5660,36.941
5661,37.383
5662,37.845
5663,36.301
5664,34.815
5665,35.431
5666,36.049
5667,36.721
5668,37.397
5669,38.091
5670,38.805
5671,37.423
5672,36.089
5673,36.849
5674,37.608
5675,38.342
5676,39.054
5677,39.749
5678,40.383
5679,40.967
5680,41.51
5681,42.021
5682,42.462
5683,40.75
5684,39.036
5685,37.352
5686,35.664
5687,34.004
5688,32.367
5689,30.759
5690,30.479
5691,30.479
5692,30.479
5693,30.479
5694,30.479
5695,30.479
5696,30.479
5697,30.479
5698,30.479
5699,30.479
5700,30.479
5701,30.479
5702,30.479
5703,30.887
5704,31.3
5705,30.48
5706,30.48
5707,30.48
5708,30.48
5709,30.48
5710,30.48
5711,30.48
5712,30.48
5713,30.48
5714,30.48
5715,30.48
5716,30.48
5717,30.48
5718,30.48
5719,30.48
5720,30.48
5721,30.48
5722,31.285
5723,32.045
5724,32.73
5725,33.378
5726,33.942
5727,34.421
5728,34.838
5729,35.194
5730,35.493
5731,35.707
5732,33.907
5733,32.145
5734,32.337
5735,32.501
5736,32.666
5737,32.908
5738,33.152
5739,33.426
5740,31.803
5741,30.48
5742,30.48
5743,30.48
5744,30.48
5745,30.48
5746,30.48
5747,30.48
5748,30.48
5749,30.48
5750,30.48
5751,30.48
5752,30.48
5753,30.48
5754,30.48
5755,30.48
5756,30.875
5757,30.48
5758,30.48
5759,30.956
5760,31.495
5761,30.48
5762,30.48
5763,30.48
5764,30.48
5765,30.48
5766,30.48
5767,30.48
5768,30.48
5769,30.48
5770,30.48
5771,30.48
5772,30.48
5773,30.48
5774,30.48
5775,30.48
5776,30.48
5777,30.48
5778,30.48
5779,30.48
5780,30.48
5781,30.48
5782,30.48
5783,30.48
5784,30.48
5785,30.48
5786,30.48
5787,30.48
5788,30.48
5789,30.48
5790,30.48
5791,30.48
5792,30.48
5793,30.952
5794,31.409
5795,31.85
5796,32.266
5797,32.665
5798,33.003
5799,33.329
5800,33.65
5801,33.924
5802,34.233
5803,34.539
5804,34.874
5805,35.213
5806,35.616
5807,36.059
5808,36.547
5809,37.103
5810,37.696
5811,38.343
5812,39.055
5813,39.795
5814,40.538
5815,41.286
5816,42.016
5817,42.714
5818,43.377
5819,43.983
5820,44.522
5821,44.99
5822,45.401
5823,45.72
5824,45.72
5825,45.72
5826,45.72
5827,45.72
5828,45.72
5829,45.72
5830,45.72
5831,45.72
5832,45.72
5833,45.72
5834,45.72
5835,45.72
5836,45.72
5837,45.72
5838,45.72
5839,45.72
5840,45.72
5841,45.72
5842,45.72
5843,45.72
5844,45.72
5845,45.72
5846,45.72
5847,45.72
5848,45.72
5849,45.72
5850,45.72
5851,45.72
5852,45.72
5853,45.72
5854,45.72
5855,45.72
5856,45.72
5857,45.72
5858,45.72
5859,45.72
5860,45.72
5861,45.72
5862,45.72
5863,44.218
5864,42.744
5865,43.446
5866,44.11
5867,44.711
5868,45.241
5869,45.72
5870,45.72
5871,43.912
5872,44.177
5873,44.411
5874,44.566
5875,42.621
5876,40.693
5877,40.837
5878,40.965
5879,41.153
5880,41.296
5881,41.482
5882,39.632
5883,39.907
5884,40.189
5885,38.436
5886,36.742
5887,37.127
5888,37.5
5889,37.868
5890,38.239
5891,36.548
5892,34.896
5893,35.232
5894,35.561
5895,35.896
5896,36.194
5897,36.485
5898,36.768
5899,37.056
5900,37.356
5901,35.674
5902,36.05
5903,34.499
5904,33.006
5905,33.569
5906,34.2
5907,34.864
5908,35.57
5909,36.31
5910,37.074
5911,35.748
5912,34.462
5913,35.226
5914,35.945
5915,36.601
5916,37.199
5917,37.699
5918,38.11
5919,38.455
5920,38.713
5921,38.916
5922,39.041
5923,39.109
5924,39.151
5925,39.184
5926,39.226
5927,39.285
5928,39.361
5929,39.471
5930,39.586
5931,39.78
5932,40.019
5933,40.271
5934,38.505
5935,38.783
5936,39.096
5937,39.403
5938,39.719
5939,40.01
5940,40.303
5941,40.58
5942,38.783
5943,37.022
5944,35.286
5945,33.597
5946,31.986
5947,30.48
5948,30.48
5949,30.905
5950,30.48
5951,30.98
5952,30.479
5953,30.479
5954,30.479
5955,30.479
5956,30.479
5957,30.479
5958,30.479
5959,30.479
5960,30.479
5961,30.479
5962,30.479
5963,30.479
5964,30.479
5965,30.479
5966,30.479
5967,30.479
5968,30.479
5969,30.479
5970,30.479
5971,30.479
5972,30.479
5973,30.479
5974,30.479
5975,30.479
5976,30.479
5977,30.479
5978,30.479
5979,30.479
5980,30.479
5981,30.479
5982,30.479
5983,30.479
5984,30.479
5985,30.479
5986,30.479
5987,30.479
5988,30.479
5989,30.479
5990,30.479
5991,30.479
5992,30.853
5993,30.48
5994,30.48
5995,30.48
5996,30.48
5997,30.48
5998,30.48
5999,30.48
6000,30.48
6001,30.48
6002,30.48
6003,30.48
6004,30.48
6005,30.48
6006,30.48
6007,30.48
6008,30.48
6009,30.48
6010,30.48
6011,30.48
6012,30.48
6013,30.48
6014,30.48
6015,30.48
6016,30.48
6017,30.48
6018,30.48
6019,30.48
6020,30.48
6021,30.48
6022,30.48
6023,30.48
6024,30.48
6025,30.833
6026,30.48
6027,30.872
6028,30.479
6029,30.479
6030,30.479
6031,30.479
6032,30.479
6033,30.479
6034,30.479
6035,30.479
6036,30.479
6037,30.479
6038,30.479
6039,30.479
6040,30.479
6041,30.479
6042,30.479
6043,30.479
6044,30.479
6045,30.479
6046,30.981
6047,30.48
6048,30.48
6049,30.48
6050,30.48
6051,30.48
6052,30.48
6053,30.48
6054,30.48
6055,30.48
6056,30.48
6057,30.48
6058,30.48
6059,30.48
6060,30.48
6061,30.48
6062,30.48
6063,30.48
6064,30.48
6065,30.48
6066,30.48
6067,30.48
6068,30.48
6069,30.48
6070,30.48
6071,30.48
6072,30.48
6073,30.48
6074,30.48
6075,30.48
6076,30.48
6077,30.48
6078,30.48
6079,30.48
6080,30.48
6081,30.48
6082,30.48
6083,30.48
6084,30.48
6085,30.884
6086,30.479
6087,30.479
6088,30.479
6089,30.479
6090,30.479
6091,30.84
6092,30.48
6093,30.48
6094,30.48
6095,30.48
6096,30.48
6097,30.48
6098,30.48
6099,30.48
6100,30.48
6101,30.48
6102,31.318
6103,30.48
6104,30.48
6105,30.48
6106,30.48
6107,30.48
6108,31.19
6109,30.48
6110,30.48
6111,30.48
6112,30.92
6113,31.314
6114,31.658
6115,31.936
6116,32.197
6117,30.529
6118,30.819
6119,30.48
6120,30.741
6121,31.048
6122,30.479
6123,30.479
6124,30.479
6125,30.479
6126,30.479
6127,30.479
6128,30.479
6129,30.479
6130,30.479
6131,30.479
6132,30.932
6133,30.479
6134,30.479
6135,30.479
6136,30.479
6137,30.479
6138,30.479
6139,30.85
6140,30.48
6141,30.48
6142,30.922
6143,31.406
6144,31.942
6145,32.547
6146,33.205
6147,33.914
6148,34.674
6149,35.447
6150,36.243
6151,37.034
6152,35.722
6153,34.439
6154,33.153
6155,33.874
6156,32.509
6157,31.14
6158,30.48
6159,30.48
6160,30.48
6161,30.872
6162,31.208
6163,31.481
6164,31.751
6165,32.0
6166,32.219
6167,32.461
6168,32.681
6169,32.904
6170,33.198
6171,33.5
6172,33.826
6173,34.157
6174,34.499
6175,34.846
6176,35.218
6177,35.599
6178,35.986
6179,36.356
6180,36.721
6181,37.05
6182,37.347
6183,35.623
6184,33.95
6185,32.306
6186,30.717
6187,30.479
6188,30.479
6189,30.479
6190,30.479
6191,30.985
6192,31.547
6193,32.137
6194,32.785
6195,33.482
6196,34.225
6197,34.998
6198,35.802
6199,36.608
6200,37.4
6201,38.158
6202,38.874
6203,39.536
6204,40.121
6205,38.551
6206,39.033
6207,39.433
6208,39.775
6209,40.053
6210,40.289
6211,40.475
6212,40.635
6213,40.776
6214,40.923
6215,41.066
6216,41.235
6217,41.434
6218,41.657
6219,41.887
6220,42.146
6221,42.435
6222,42.724
6223,43.016
6224,43.315
6225,43.614
6226,43.876
6227,44.175
6228,44.434
6229,44.658
6230,44.867
6231,45.075
6232,45.269
6233,45.443
6234,45.637
6235,45.72
6236,45.72
6237,45.72
6238,43.863
6239,44.195
6240,44.571
6241,45.032
6242,45.53
6243,43.904
6244,42.354
6245,40.888
6246,39.472
6247,38.102
6248,36.755
6249,35.415
6250,34.094
6251,32.743
6252,31.365
6253,30.48
6254,30.48
6255,30.48
6256,30.48
6257,30.48
6258,30.48
6259,30.48
6260,30.48
6261,30.48
6262,30.48
6263,30.48
6264,30.48
6265,30.48
6266,30.48
6267,30.48
6268,30.48
6269,30.48
6270,30.48
6271,30.48
6272,30.48
6273,30.48
6274,30.48
6275,30.48
6276,30.48
6277,30.48
6278,30.48
6279,30.48
6280,30.48
6281,30.48
6282,30.48
6283,30.48
6284,30.872
6285,31.261
6286,31.704
6287,32.224
6288,32.765
6289,33.341
6290,33.946
6291,34.579
6292,35.261
6293,35.97
6294,36.703
6295,37.447
6296,38.194
6297,38.936
6298,39.654
6299,40.351
6300,41.006
6301,41.604
6302,40.043
6303,38.482
6304,36.889
6305,35.296
6306,33.711
6307,34.076
6308,32.434
6309,30.77
6310,30.479
6311,30.793
6312,30.479
6313,30.479
6314,30.479
6315,30.479
6316,30.479
6317,30.479
6318,30.479
6319,30.479
6320,30.479
6321,30.479
6322,30.479
6323,30.479
6324,30.479
6325,30.479
6326,30.479
6327,30.479
6328,30.479
6329,30.479
6330,30.479
6331,30.479
6332,30.479
6333,30.479
6334,30.479
6335,31.062
6336,30.479
6337,30.479
6338,30.479
6339,31.208
6340,30.479
6341,31.256
6342,30.479
6343,31.289
6344,32.098
6345,32.911
6346,33.708
6347,34.492
6348,35.249
6349,35.973
6350,36.665
6351,37.309
6352,37.901
6353,38.449
6354,38.933
6355,39.355
6356,39.741
6357,40.081
6358,40.365
6359,40.637
6360,40.901
6361,41.149
6362,41.412
6363,41.66
6364,41.927
6365,42.196
6366,42.475
6367,42.772
6368,40.992
6369,41.366
6370,41.715
6371,42.042
6372,40.278
6373,38.572
6374,36.859
6375,37.22
6376,35.537
6377,33.898
6378,32.302
6379,30.739
6380,30.48
6381,30.48
6382,30.974
6383,31.52
6384,32.089
6385,32.719
6386,33.401
6387,34.108
6388,34.863
6389,35.646
6390,36.439
6391,37.233
6392,35.93
6393,34.655
6394,33.373
6395,32.076
6396,30.787
6397,30.48
6398,30.48
6399,30.48
6400,30.48
6401,30.48
6402,30.792
6403,30.479
6404,30.751
6405,30.48
6406,30.674
6407,30.48
6408,30.48
6409,30.731
6410,30.479
6411,30.479
6412,30.837
6413,31.209
6414,31.626
6415,32.071
6416,32.55
6417,33.029
6418,33.498
6419,33.928
6420,34.35
6421,34.757
6422,33.144
6423,31.54
6424,30.48
6425,30.48
6426,30.48
6427,30.819
6428,30.48
6429,30.48
6430,30.48
6431,30.48
6432,30.48
6433,31.088
6434,31.738
6435,30.479
6436,30.479
6437,30.479
6438,30.479
6439,30.479
6440,31.327
6441,30.48
6442,31.278
6443,32.014
6444,32.703
6445,31.345
6446,31.918
6447,32.448
6448,32.883
6449,31.329
6450,30.48
6451,30.48
6452,30.48
6453,30.48
6454,30.48
6455,30.48
6456,30.48
6457,30.48
6458,30.48
6459,30.811
6460,31.176
6461,31.578
6462,32.004
6463,30.49
6464,30.48
6465,30.48
6466,30.48
6467,30.48
6468,30.48
6469,30.48
6470,30.48
6471,30.48
6472,30.48
6473,30.48
6474,30.48
6475,30.48
6476,30.48
6477,30.48
6478,30.48
6479,30.48
6480,30.48
6481,30.48
6482,30.48
6483,30.48
6484,30.48
6485,30.48
6486,30.48
6487,30.48
6488,30.48
6489,30.48
6490,30.48
6491,30.48
6492,30.48
6493,31.111
6494,31.669
6495,32.155
6496,32.6
6497,32.961
6498,33.291
6499,33.581
6500,33.81
6501,32.078
6502,30.479
6503,30.737
6504,31.008
6505,30.479
6506,30.774
6507,31.102
6508,31.438
6509,31.787
6510,32.153
6511,32.531
6512,32.922
6513,33.334
6514,33.702
6515,34.104
6516,34.454
6517,34.824
6518,35.156
6519,35.456
6520,35.763
6521,36.056
6522,36.336
6523,34.632
6524,34.974
6525,33.322
6526,33.749
6527,32.228
6528,30.776
6529,30.48
6530,31.14
6531,31.852
6532,32.599
6533,33.389
6534,34.19
6535,35.003
6536,35.804
6537,36.575
6538,37.312
6539,37.976
6540,38.583
6541,39.116
6542,37.529
6543,35.9
6544,36.261
6545,34.563
6546,32.877
6547,31.183
6548,30.48
6549,30.48
6550,30.48
6551,30.48
6552,30.743
6553,30.479
6554,30.828
6555,31.179
6556,30.479
6557,30.479
6558,30.893
6559,31.314
6560,31.77
6561,32.19
6562,30.654
6563,30.48
6564,30.887
6565,31.307
6566,31.7
6567,32.04
6568,32.401
6569,32.735
6570,33.081
6571,33.412
6572,31.788
6573,32.183
6574,32.622
6575,33.074
6576,33.587
6577,34.134
6578,34.75
6579,35.408
6580,36.107
6581,36.839
6582,37.591
6583,36.259
6584,34.945
6585,33.66
6586,32.365
6587,33.072
6588,33.691
6589,32.233
6590,32.701
6591,33.078
6592,31.43
6593,30.479
6594,30.479
6595,30.479
6596,30.479
6597,30.479
6598,30.479
6599,30.479
6600,30.479
6601,30.479
6602,30.479
6603,30.479
6604,30.479
6605,30.479
6606,30.479
6607,30.479
6608,30.479
6609,30.479
6610,30.479
6611,30.479
6612,30.87
6613,31.239
6614,30.479
6615,30.857
6616,31.2
6617,31.559
6618,31.909
6619,30.48
6620,30.909
6621,31.32
6622,30.48
6623,30.993
6624,31.524
6625,30.479
6626,31.1
6627,31.763
6628,32.457
6629,31.183
6630,31.964
6631,32.757
6632,31.528
6633,30.48
6634,31.282
6635,32.068
6636,32.802
6637,33.479
6638,34.139
6639,34.697
6640,33.207
6641,31.685
6642,32.131
6643,30.565
6644,30.48
6645,30.48
6646,30.48
6647,30.765
6648,30.48
6649,30.757
6650,31.067
6651,30.479
6652,30.479
6653,30.834
6654,31.205
6655,31.554
6656,31.909
6657,32.264
6658,32.644
6659,31.032
6660,31.424
6661,30.479
6662,30.479
6663,30.479
6664,30.479
6665,30.479
6666,30.479
6667,30.479
6668,30.479
6669,30.479
6670,30.479
6671,30.479
6672,31.102
6673,30.48
6674,30.48
6675,30.48
6676,31.223
6677,30.479
6678,31.28
6679,30.48
6680,30.48
6681,30.48
6682,31.307
6683,32.115
6684,32.903
6685,33.66
6686,34.364
6687,35.046
6688,35.653
6689,36.211
6690,36.714
6691,37.168
6692,37.573
6693,35.921
6694,34.268
6695,32.644
6696,32.995
6697,33.317
6698,31.686
6699,30.48
6700,30.48
6701,30.907
6702,31.308
6703,31.728
6704,32.167
6705,32.612
6706,33.06
6707,33.501
6708,33.925
6709,34.311
6710,32.729
6711,33.132
6712,31.564
6713,30.48
6714,30.48
6715,30.48
6716,30.48
6717,30.48
6718,30.48
6719,30.48
6720,30.48
6721,30.48
6722,31.171
6723,31.913
6724,32.69
6725,33.489
6726,34.298
6727,33.07
6728,31.869
6729,32.692
6730,31.45
6731,32.2
6732,30.901
6733,30.48
6734,31.056
6735,31.548
6736,30.479
6737,30.479
6738,30.479
6739,30.479
6740,30.479
6741,30.479
6742,30.654
6743,30.48
6744,30.48
6745,30.48
6746,30.48
6747,30.48
6748,30.801
6749,30.479
6750,30.479
6751,30.932
6752,31.405
6753,31.877
6754,32.342
6755,32.79
6756,33.229
6757,33.605
6758,33.966
6759,34.305
6760,34.626
6761,34.919
6762,35.213
6763,35.506
6764,35.838
6765,36.174
6766,36.534
6767,36.944
6768,37.404
6769,37.939
6770,38.52
6771,39.137
6772,39.795
6773,40.508
6774,41.235
6775,41.965
6776,42.682
6777,43.367
6778,44.028
6779,44.637
6780,45.195
6781,45.696
6782,45.72
6783,43.928
6784,42.131
6785,40.322
6786,38.508
6787,36.708
6788,34.925
6789,33.171
6790,31.471
6791,30.48
6792,30.48
6793,30.48
6794,30.48
6795,30.48
6796,30.48
6797,30.856
6798,31.273
6799,30.479
6800,30.479
6801,30.479
6802,30.479
6803,30.479
6804,30.479
6805,30.479
6806,30.479
6807,30.479
6808,30.479
6809,30.479
6810,30.818
6811,30.48
6812,30.48
6813,30.48
6814,30.48
6815,30.48
6816,30.48
6817,30.48
6818,30.48
6819,30.48
6820,30.48
6821,30.48
6822,30.48
6823,31.339
6824,32.175
6825,32.972
6826,33.739
6827,34.429
6828,35.074
6829,35.639
6830,36.132
6831,36.54
6832,36.905
6833,37.23
6834,37.495
6835,37.707
6836,37.87
6837,38.022
6838,38.184
6839,38.318
6840,38.465
6841,38.636
6842,36.804
6843,35.065
6844,33.376
6845,31.749
6846,30.479
6847,30.479
6848,30.895
6849,31.306
6850,31.715
6851,30.479
6852,30.888
6853,31.279
6854,30.479
6855,30.866
6856,30.48
6857,30.48
6858,30.48
6859,30.48
6860,30.48
6861,30.48
6862,30.48
6863,30.959
6864,31.505
6865,30.479
6866,31.137
6867,30.48
6868,30.48
6869,31.295
6870,30.48
6871,30.48
6872,30.48
6873,30.48
6874,30.48
6875,30.48
6876,30.48
6877,30.48
6878,30.48
6879,30.48
6880,30.48
6881,30.48
6882,30.48
6883,30.48
6884,30.48
6885,30.735
6886,30.985
6887,31.268
6888,31.527
6889,31.802
6890,30.479
6891,30.479
6892,30.86
6893,30.48
6894,30.48
6895,30.909
6896,31.365
6897,31.773
6898,32.179
6899,32.573
6900,32.949
6901,33.306
6902,33.656
6903,32.008
6904,30.479
6905,30.479
6906,30.479
6907,30.479
6908,30.479
6909,30.479
6910,30.479
6911,30.479
6912,30.479
6913,31.074
6914,31.716
6915,30.48
6916,31.23
6917,32.018
6918,32.822
6919,33.632
6920,34.425
6921,35.18
6922,33.844
6923,32.506
6924,31.13
6925,30.48
6926,30.959
6927,30.48
6928,30.825
6929,30.479
6930,30.479
6931,30.479
6932,30.585
6933,30.745
6934,30.884
6935,31.036
6936,31.187
6937,31.344
6938,30.479
6939,30.753
6940,30.48
6941,30.48
6942,30.48
6943,30.48
6944,30.48
6945,30.48
6946,30.48
6947,30.48
6948,30.48
6949,30.83
6950,30.479
6951,30.479
6952,30.819
6953,31.165
6954,30.48
6955,30.48
6956,30.48
6957,30.48
6958,30.48
6959,30.48
6960,31.008
6961,30.479
6962,31.113
6963,31.78
6964,32.472
6965,33.19
6966,33.933
6967,34.694
6968,35.466
6969,36.229
6970,36.976
6971,37.697
6972,36.3
6973,34.91
6974,33.507
6975,32.081
6976,30.645
6977,30.48
6978,30.48
6979,30.48
6980,30.48
6981,30.48
6982,30.767
6983,30.48
6984,30.48
6985,30.48
6986,30.48
6987,30.48
6988,30.48
6989,30.48
6990,30.48
6991,30.82
6992,31.195
6993,31.589
6994,31.944
6995,32.309
6996,32.67
6997,33.009
6998,33.371
6999,33.715
7000,34.067
7001,34.44
7002,34.819
7003,35.215
7004,33.626
7005,34.071
7006,34.583
7007,35.101
7008,35.658
7009,34.227
7010,34.863
7011,35.515
7012,34.147
7013,34.874
7014,33.558
7015,34.324
7016,35.107
7017,33.834
7018,34.62
7019,35.398
7020,36.133
7021,36.856
7022,37.513
7023,38.137
7024,38.705
7025,37.17
7026,37.651
7027,38.08
7028,38.459
7029,38.808
7030,39.106
7031,39.396
7032,39.648
7033,39.915
7034,40.133
7035,40.386
7036,40.639
7037,40.923
7038,41.221
7039,41.523
7040,41.842
7041,42.183
7042,40.439
7043,38.719
7044,37.036
7045,35.36
7046,33.731
7047,32.134
7048,30.566
7049,30.479
7050,30.479
7051,30.479
7052,30.479
7053,30.479
7054,30.479
7055,30.479
7056,30.479
7057,30.479
7058,30.479
7059,30.479
7060,30.479
7061,30.479
7062,30.479
7063,31.333
7064,32.18
7065,30.973
7066,30.48
7067,31.254
7068,31.936
7069,30.57
7070,31.136
7071,31.629
7072,32.026
7073,30.48
7074,30.48
7075,30.48
7076,30.48
7077,30.48
7078,30.48
7079,30.48
7080,30.641
7081,30.479
7082,30.479
7083,30.754
7084,30.479
7085,30.479
7086,30.479
7087,30.935
7088,30.48
7089,30.945
7090,30.479
7091,30.956
7092,31.402
7093,31.802
7094,32.181
7095,32.542
7096,32.859
7097,31.238
7098,31.569
7099,31.879
7100,32.223
7101,32.603
7102,31.06
7103,31.529
7104,32.05
7105,32.633
7106,33.264
7107,33.944
7108,34.672
7109,35.434
7110,36.209
7111,36.994
7112,37.775
7113,36.432
7114,37.166
7115,37.84
7116,38.442
7117,38.994
7118,39.477
7119,39.888
7120,40.218
7121,38.459
7122,36.698
7123,34.931
7124,33.189
7125,31.475
7126,30.48
7127,30.48
7128,30.48
7129,30.48
7130,30.48
7131,30.809
7132,30.48
7133,30.48
7134,30.48
7135,30.933
7136,31.352
7137,31.77
7138,30.479
7139,30.923
7140,30.479
7141,30.869
7142,30.479
7143,30.479
7144,30.479
7145,30.787
7146,30.479
7147,30.803
7148,30.479
7149,30.479
7150,30.479
7151,30.479
7152,30.479
7153,30.479
7154,31.15
7155,30.479
7156,30.479
7157,30.479
7158,30.479
7159,30.479
7160,30.479
7161,30.479
7162,30.479
7163,31.222
7164,31.872
7165,32.468
7166,32.981
7167,33.445
7168,33.821
7169,34.145
7170,34.38
7171,34.628
7172,34.82
7173,34.999
7174,35.174
7175,35.343
7176,33.577
7177,33.799
7178,34.06
7179,34.342
7180,34.604
7181,34.91
7182,33.267
7183,33.618
7184,33.992
7185,34.357
7186,34.747
7187,35.116
7188,35.481
7189,35.786
7190,36.076
7191,36.366
7192,36.637
7193,36.891
7194,37.154
7195,37.418
7196,37.678
7197,37.986
7198,38.31
7199,38.699
7200,39.149
7201,39.642
7202,40.186
7203,40.791
7204,39.321
7205,37.928
7206,36.589
7207,35.292
7208,36.09
7209,34.791
7210,35.539
7211,36.233
7212,34.804
7213,33.351
7214,31.884
7215,30.479
7216,30.911
7217,31.249
7218,31.548
7219,30.48
7220,30.718
7221,30.48
7222,30.48
7223,30.48
7224,30.48
7225,30.48
7226,30.48
7227,30.48
7228,30.48
7229,30.48
7230,30.48
7231,30.48
7232,30.48
7233,30.48
7234,30.48
7235,30.48
7236,30.48
7237,30.48
7238,30.853
7239,31.182
7240,31.514
7241,31.829
7242,32.111
7243,32.449
7244,32.781
7245,33.133
7246,33.526
7247,33.96
7248,34.435
7249,34.972
7250,35.551
7251,36.203
7252,36.88
7253,35.525
7254,34.226
7255,32.979
7256,31.747
7257,30.529
7258,30.48
7259,30.48
7260,30.48
7261,30.48
7262,30.48
7263,30.48
7264,30.48
7265,30.48
7266,30.48
7267,30.48
7268,30.48
7269,30.48
7270,30.48
7271,30.48
7272,30.48
7273,30.48
7274,30.48
7275,30.48
7276,30.807
7277,31.145
7278,30.48
7279,30.48
7280,30.48
7281,30.48
7282,30.48
7283,30.48
7284,30.48
7285,30.48
7286,30.48
7287,30.48
7288,30.48
7289,30.48
7290,30.48
7291,30.48
7292,30.48
7293,30.903
7294,31.341
7295,31.821
7296,32.331
7297,32.884
7298,33.464
7299,34.092
7300,34.76
7301,35.441
7302,36.158
7303,36.89
7304,37.633
7305,38.357
7306,39.069
7307,39.749
7308,40.391
7309,40.969
7310,41.502
7311,41.953
7312,42.356
7313,42.668
7314,42.953
7315,43.19
7316,43.379
7317,43.551
7318,43.669
7319,43.8
7320,43.933
7321,44.065
7322,44.205
7323,44.351
7324,44.512
7325,44.68
7326,44.869
7327,45.077
7328,45.299
7329,45.472
7330,45.672
7331,45.72
7332,45.72
7333,45.72
7334,45.72
7335,45.72
7336,45.72
7337,45.72
7338,45.72
7339,45.72
7340,45.72
7341,45.72
7342,45.72
7343,45.72
7344,45.72
7345,45.72
7346,45.72
7347,45.72
7348,45.72
7349,45.72
7350,45.72
7351,45.72
7352,45.72
7353,45.72
7354,45.72
7355,45.72
7356,45.72
7357,45.72
7358,45.72
7359,45.72
7360,45.72
7361,45.72
7362,45.72
7363,45.72
7364,45.72
7365,45.72
7366,45.72
7367,45.72
7368,45.72
7369,45.72
7370,45.72
7371,45.72
7372,45.72
7373,45.72
7374,45.72
7375,45.72
7376,45.72
7377,45.72
7378,45.72
7379,45.72
7380,45.72
7381,45.72
7382,45.72
7383,45.72
7384,45.72
7385,45.72
7386,45.72
7387,45.72
7388,45.72
7389,45.72
7390,45.72
7391,45.72
7392,45.72
7393,45.72
7394,45.72
7395,45.72
7396,45.72
7397,45.72
7398,45.72
7399,45.72
7400,45.72
7401,45.72
7402,45.72
7403,45.72
7404,45.72
7405,45.72
7406,45.72
7407,45.72
7408,45.72
7409,45.72
7410,45.72
7411,45.72
7412,45.72
7413,45.715
7414,45.718
7415,45.701
7416,45.713
7417,45.715
7418,45.72
7419,45.72
7420,45.72
7421,45.72
7422,45.72
7423,45.72
7424,45.72
7425,45.72
7426,45.72
7427,45.72
7428,45.72
7429,45.72
7430,45.72
7431,45.72
7432,45.72
7433,45.72
7434,45.72
7435,45.72
7436,45.72
7437,45.72
7438,45.72
7439,45.72
7440,45.72
7441,45.72
7442,45.72
7443,45.72
7444,45.72
7445,45.72
7446,45.72
7447,45.72
7448,45.72
7449,45.72
7450,45.72
7451,45.72
7452,45.72
7453,45.72
7454,45.72
7455,45.72
7456,45.72
7457,45.72
7458,45.72
7459,45.72
7460,45.72
7461,45.72
7462,45.72
7463,45.72
7464,45.72
7465,45.72
7466,45.72
7467,45.72
7468,45.72
7469,45.72
7470,45.72
7471,45.72
7472,45.72
7473,45.72
7474,45.72
7475,45.72
7476,45.72
7477,45.72
7478,45.72
7479,45.72
7480,45.72
7481,45.72
7482,45.72
7483,45.72
7484,45.72
7485,45.72
7486,45.72
7487,45.72
7488,45.72
7489,45.72
7490,45.72
7491,45.72
7492,45.72
7493,45.72
7494,45.72
7495,45.72
7496,45.72
7497,45.72
7498,45.72
7499,45.72
7500,45.72
7501,45.72
7502,45.72
7503,45.72
7504,45.72
7505,45.72
7506,45.72
7507,45.72
7508,45.72
7509,45.72
7510,45.72
7511,45.72
7512,45.72
7513,45.72
7514,45.72
7515,45.72
7516,45.72
7517,45.72
7518,45.72
7519,45.72
7520,45.72
7521,45.72
7522,45.72
7523,45.72
7524,45.72
7525,45.72
7526,45.72
7527,45.72
7528,45.72
7529,45.72
7530,45.72
7531,45.72
7532,45.72
7533,45.72
7534,45.72
7535,45.72
7536,45.72
7537,45.72
7538,45.72
7539,45.72
7540,45.72
7541,45.72
7542,45.72
7543,45.72
7544,45.72
7545,45.72
7546,45.72
7547,45.72
7548,45.72
7549,45.72
7550,45.72
7551,45.72
7552,45.72
7553,45.72
7554,45.72
7555,45.72
7556,45.72
7557,45.72
7558,45.72
7559,45.72
7560,45.72
7561,45.72
7562,45.72
7563,45.72
7564,45.72
7565,45.72
7566,45.72
7567,45.72
7568,45.72
7569,45.72
7570,45.72
7571,45.72
7572,45.72
7573,45.72
7574,45.72
7575,45.72
7576,45.72
7577,45.72
7578,45.72
7579,45.72
7580,45.72
7581,45.72
7582,45.72
7583,45.72
7584,45.72
7585,45.72
7586,45.72
7587,45.72
7588,45.72
7589,45.72
7590,45.72
7591,45.72
7592,45.72
7593,45.72
7594,45.72
7595,45.72
7596,45.72
7597,45.72
7598,45.72
7599,45.72
7600,45.72
7601,45.72
7602,45.694
7603,45.615
7604,45.536
7605,45.441
7606,45.387
7607,45.304
7608,45.271
7609,45.28
7610,45.33
7611,45.392
7612,45.516
7613,45.664
7614,45.72
7615,45.72
7616,45.72
7617,45.72
7618,45.72
7619,45.72
7620,45.72
7621,45.72
7622,45.72
7623,45.72
7624,45.72
7625,45.72
7626,45.72
7627,45.72
7628,45.72
7629,45.72
7630,45.72
7631,45.72
7632,45.72
7633,45.72
7634,45.72
7635,45.72
7636,45.72
7637,45.72
7638,45.72
7639,45.72
7640,45.72
7641,45.72
7642,45.72
7643,45.72
7644,45.72
7645,45.72
7646,45.72
7647,45.72
7648,45.72
7649,45.72
7650,45.72
7651,45.72
7652,45.72
7653,45.72
7654,45.72
7655,45.72
7656,45.72
7657,45.72
7658,45.72
7659,45.72
7660,45.72
7661,45.72
7662,45.72
7663,45.72
7664,45.72
7665,45.72
7666,45.72
7667,45.72
7668,45.72
7669,45.72
7670,45.72
7671,45.72
7672,45.72
7673,45.72
7674,45.72
7675,45.72
7676,45.72
7677,45.72
7678,45.72
7679,45.72
7680,45.72
7681,45.72
7682,45.72
7683,45.72
7684,45.72
7685,45.72
7686,45.72
7687,45.72
7688,45.72
7689,45.72
7690,45.72
7691,45.72
7692,45.72
7693,45.72
7694,45.72
7695,45.72
7696,45.72
7697,45.72
7698,45.72
7699,45.72
7700,45.72
7701,45.72
7702,45.72
7703,45.72
7704,45.72
7705,45.72
7706,45.72
7707,45.72
7708,45.72
7709,45.72
7710,45.72
7711,45.72
7712,45.72
7713,45.72
7714,45.72
7715,45.72
7716,45.72
7717,45.72
7718,45.72
7719,45.72
7720,45.72
7721,45.72
7722,45.72
7723,45.72
7724,45.72
7725,45.72
7726,45.72
7727,45.72
7728,45.72
7729,45.72
7730,45.72
7731,45.72
7732,45.72
7733,45.72
7734,45.72
7735,45.72
7736,45.72
7737,45.72
7738,45.72
7739,45.72
7740,45.72
7741,45.72
7742,45.72
7743,45.72
7744,45.72
7745,45.72
7746,45.72
7747,45.72
7748,45.72
7749,45.703
7750,45.674
7751,45.655
7752,45.669
7753,45.682
7754,45.714
7755,45.72
7756,45.72
7757,45.72
7758,45.72
7759,45.72
7760,45.72
7761,45.72
7762,45.72
7763,45.72
7764,45.72
7765,45.72
7766,45.72
7767,45.72
7768,45.72
7769,45.72
7770,45.72
7771,45.72
7772,45.72
7773,45.72
7774,45.72
7775,45.72
7776,45.72
7777,45.72
7778,45.72
7779,45.72
7780,45.72
7781,45.72
7782,45.72
7783,45.72
7784,45.72
7785,45.72
7786,45.72
7787,45.72
7788,45.72
7789,45.72
7790,45.72
7791,45.72
7792,45.72
7793,45.72
7794,45.72
7795,45.72
7796,45.72
7797,45.72
7798,45.718
7799,45.72
7800,45.72
7801,45.72
7802,45.72
7803,45.72
7804,45.72
7805,45.72
7806,45.72
7807,45.72
7808,45.72
7809,45.72
7810,45.72
7811,45.72
7812,45.72
7813,45.72
7814,45.72
7815,45.72
7816,45.72
7817,45.72
7818,45.72
7819,45.72
7820,45.72
7821,45.72
7822,45.72
7823,45.72
7824,45.72
7825,45.72
7826,45.72
7827,45.72
7828,45.72
7829,45.72
7830,45.72
7831,45.72
7832,45.72
7833,45.72
7834,45.72
7835,45.72
7836,45.72
7837,45.72
7838,45.72
7839,45.72
7840,45.72
7841,45.72
7842,45.72
7843,45.72
7844,45.72
7845,45.72
7846,45.712
7847,45.72
7848,45.72
7849,45.72
7850,45.72
7851,45.72
7852,45.72
7853,45.72
7854,45.72
7855,45.72
7856,45.72
7857,45.72
7858,45.72
7859,45.72
7860,45.72
7861,45.72
7862,45.72
7863,45.72
7864,45.72
7865,45.72
7866,45.72
7867,45.72
7868,45.72
7869,45.72
7870,45.72
7871,45.72
7872,45.72
7873,45.72
7874,45.72
7875,45.72
7876,45.72
7877,45.72
7878,45.72
7879,45.72
7880,45.72
7881,45.72
7882,45.72
7883,45.72
7884,45.72
7885,45.72
7886,45.72
7887,45.72
7888,45.72
7889,45.72
7890,45.72
7891,45.72
7892,45.72
7893,45.72
7894,45.72
7895,45.72
7896,45.72
7897,45.72
7898,45.72
7899,45.72
7900,45.72
7901,45.72
7902,45.72
7903,45.72
7904,45.72
7905,45.72
7906,45.72
7907,45.72
7908,45.72
7909,45.72
7910,45.72
7911,45.72
7912,45.72
7913,45.72
7914,45.72
7915,45.72
7916,45.72
7917,45.72
7918,45.72
7919,45.72
7920,45.72
7921,45.72
7922,45.72
7923,45.72
7924,45.72
7925,45.72
7926,45.72
7927,45.72
7928,45.72
7929,45.72
7930,45.72
7931,45.72
7932,45.72
7933,45.72
7934,45.72
7935,45.72
7936,45.72
7937,45.72
7938,45.657
7939,45.607
7940,45.464
7941,45.38
7942,45.294
7943,45.179
7944,45.089
7945,45.056
7946,45.083
7947,45.136
7948,45.225
7949,45.354
7950,45.51
7951,45.681
7952,45.72
7953,45.72
7954,45.72
7955,45.72
7956,45.72
7957,45.72
7958,45.72
7959,45.72
7960,45.72
7961,45.72
7962,45.72
7963,45.72
7964,45.72
7965,45.72
7966,45.72
7967,45.72
7968,45.72
7969,45.72
7970,45.72
7971,45.72
7972,45.72
7973,45.72
7974,45.72
7975,45.72
7976,45.72
7977,45.72
7978,45.72
7979,45.72
7980,45.72
7981,45.72
7982,45.72
7983,45.72
7984,45.72
7985,45.72
7986,45.72
7987,45.72
7988,45.72
7989,45.72
7990,45.72
7991,45.72
7992,45.72
7993,45.72
7994,45.72
7995,45.72
7996,45.72
7997,45.72
7998,45.72
7999,45.72
8000,45.72
8001,45.72
8002,45.72
8003,45.72
8004,45.72
8005,45.72
8006,45.72
8007,45.72
8008,45.72
8009,45.72
8010,45.72
8011,45.72
8012,45.72
8013,45.72
8014,45.72
8015,45.72
8016,45.72
8017,45.72
8018,45.72
8019,45.72
8020,45.72
8021,45.72
8022,45.72
8023,45.72
8024,45.72
8025,45.72
8026,45.72
8027,45.72
8028,45.72
8029,45.72
8030,45.72
8031,45.72
8032,45.72
8033,45.72
8034,45.72
8035,45.72
8036,45.72
8037,45.72
8038,45.72
8039,45.72
8040,45.72
8041,45.72
8042,45.72
8043,45.72
8044,45.72
8045,45.72
8046,45.72
8047,45.72
8048,45.72
8049,45.72
8050,45.72
8051,45.72
8052,45.72
8053,45.72
8054,45.72
8055,45.72
8056,45.72
8057,45.72
8058,45.72
8059,45.72
8060,45.72
8061,45.72
8062,45.72
8063,45.72
8064,45.72
8065,45.72
8066,45.72
8067,45.72
8068,45.72
8069,45.72
8070,45.72
8071,45.72
8072,45.72
8073,45.72
8074,45.72
8075,45.72
8076,45.72
8077,45.72
8078,45.72
8079,45.72
8080,45.72
8081,45.72
8082,45.72
8083,45.72
8084,45.687
8085,45.642
8086,45.586
8087,45.49
8088,45.44
8089,45.43
8090,45.448
8091,45.503
8092,45.61
8093,45.72
8094,45.72
8095,45.72
8096,45.72
8097,45.72
8098,45.72
8099,45.72
8100,45.72
8101,45.72
8102,45.72
8103,45.72
8104,45.72
8105,45.72
8106,45.72
8107,45.72
8108,45.72
8109,45.72
8110,45.72
8111,45.72
8112,45.72
8113,45.72
8114,45.72
8115,45.72
8116,45.72
8117,45.72
8118,45.72
8119,45.72
8120,45.72
8121,45.72
8122,45.72
8123,45.72
8124,45.72
8125,45.72
8126,45.72
8127,45.72
8128,45.72
8129,45.72
8130,45.72
8131,45.72
8132,45.72
8133,45.72
8134,45.715
8135,45.712
8136,45.72
8137,45.72
8138,45.72
8139,45.72
8140,45.72
8141,45.72
8142,45.72
8143,45.72
8144,45.72
8145,45.72
8146,45.72
8147,45.72
8148,45.72
8149,45.72
8150,45.72
8151,45.72
8152,45.72
8153,45.72
8154,45.72
8155,45.72
8156,45.72
8157,45.72
8158,45.72
8159,45.72
8160,45.72
8161,45.72
8162,45.72
8163,45.72
8164,45.72
8165,45.72
8166,45.72
8167,45.72
8168,45.72
8169,45.72
8170,45.72
8171,45.72
8172,45.72
8173,45.72
8174,45.72
8175,45.72
8176,45.72
8177,45.72
8178,45.72
8179,45.72
8180,45.72
8181,45.715
8182,45.699
8183,45.689
8184,45.72
8185,45.72
8186,45.72
8187,45.72
8188,45.72
8189,45.72
8190,45.72
8191,45.72
8192,45.72
8193,45.72
8194,45.72
8195,45.72
8196,45.72
8197,45.72
8198,45.72
8199,45.72
8200,45.72
8201,45.72
8202,45.72
8203,45.72
8204,45.72
8205,45.72
8206,45.72
8207,45.72
8208,45.72
8209,45.72
8210,45.72
8211,45.72
8212,45.72
8213,45.72
8214,45.72
8215,45.72
8216,45.72
8217,45.72
8218,45.72
8219,45.72
8220,45.72
8221,45.72
8222,45.72
8223,45.72
8224,45.72
8225,45.72
8226,45.72
8227,45.72
8228,45.72
8229,45.72
8230,45.72
8231,45.72
8232,45.719
8233,45.72
8234,45.72
8235,45.72
8236,45.72
8237,45.72
8238,45.72
8239,45.72
8240,45.72
8241,45.72
8242,45.72
8243,45.72
8244,45.72
8245,45.72
8246,45.72
8247,45.72
8248,45.72
8249,45.72
8250,45.72
8251,45.72
8252,45.72
8253,45.72
8254,45.72
8255,45.72
8256,45.72
8257,45.72
8258,45.72
8259,45.72
8260,45.72
8261,45.72
8262,45.72
8263,45.72
8264,45.72
8265,45.72
8266,45.72
8267,45.72
8268,45.72
8269,45.72
8270,45.72
8271,45.72
8272,45.72
8273,45.72
8274,45.692
8275,45.6
8276,45.449
8277,45.31
8278,45.181
8279,45.049
8280,44.975
8281,44.949
8282,44.974
8283,45.02
8284,45.083
8285,45.163
8286,45.302
8287,45.431
8288,45.582
8289,45.72
8290,45.72
8291,45.72
8292,45.72
8293,45.72
8294,45.72
8295,45.72
8296,45.72
8297,45.72
8298,45.72
8299,45.72
8300,45.72
8301,45.72
8302,45.72
8303,45.72
8304,45.72
8305,45.72
8306,45.72
8307,45.72
8308,45.72
8309,45.72
8310,45.72
8311,45.72
8312,45.72
8313,45.72
8314,45.72
8315,45.72
8316,45.72
8317,45.72
8318,45.72
8319,45.72
8320,45.72
8321,45.72
8322,45.72
8323,45.72
8324,45.72
8325,45.72
8326,45.72
8327,45.72
8328,45.72
8329,45.72
8330,45.72
8331,45.72
8332,45.72
8333,45.72
8334,45.72
8335,45.72
8336,45.72
8337,45.72
8338,45.72
8339,45.72
8340,45.72
8341,45.72
8342,45.72
8343,45.72
8344,45.72
8345,45.72
8346,45.72
8347,45.72
8348,45.72
8349,45.72
8350,45.72
8351,45.72
8352,45.72
8353,45.72
8354,45.72
8355,45.72
8356,45.72
8357,45.72
8358,45.72
8359,45.72
8360,45.72
8361,45.72
8362,45.72
8363,45.72
8364,45.72
8365,45.72
8366,45.72
8367,45.72
8368,45.72
8369,45.72
8370,45.72
8371,45.72
8372,45.72
8373,45.72
8374,45.72
8375,45.72
8376,45.72
8377,45.72
8378,45.72
8379,45.72
8380,45.72
8381,45.72
8382,45.72
8383,45.72
8384,45.72
8385,45.72
8386,45.72
8387,45.72
8388,45.72
8389,45.72
8390,45.72
8391,45.72
8392,45.72
8393,45.72
8394,45.72
8395,45.72
8396,45.72
8397,45.72
8398,45.72
8399,45.72
8400,45.72
8401,45.72
8402,45.72
8403,45.72
8404,45.72
8405,45.72
8406,45.72
8407,45.72
8408,45.72
8409,45.72
8410,45.72
8411,45.72
8412,45.72
8413,45.72
8414,45.72
8415,45.72
8416,45.72
8417,45.72
8418,45.72
8419,45.72
8420,45.682
8421,45.62
8422,45.515
8423,45.46
8424,45.399
8425,45.393
8426,45.405
8427,45.425
8428,45.517
8429,45.655
8430,45.72
8431,45.72
8432,45.72
8433,45.72
8434,45.72
8435,45.72
8436,45.72
8437,45.72
8438,45.72
8439,45.72
8440,45.72
8441,45.72
8442,45.72
8443,45.72
8444,45.72
8445,45.72
8446,45.72
8447,45.72
8448,45.72
8449,45.72
8450,45.72
8451,45.72
8452,45.72
8453,45.72
8454,45.72
8455,45.72
8456,45.72
8457,45.72
8458,45.72
8459,45.72
8460,45.72
8461,45.72
8462,45.72
8463,45.72
8464,45.72
8465,45.72
8466,45.72
8467,45.72
8468,45.713
8469,45.705
8470,45.672
8471,45.64
8472,45.632
8473,45.621
8474,45.677
8475,45.72
8476,45.72
8477,45.72
8478,45.72
8479,45.72
8480,45.72
8481,45.72
8482,45.72
8483,45.72
8484,45.72
8485,45.72
8486,45.72
8487,45.72
8488,45.72
8489,45.72
8490,45.72
8491,45.72
8492,45.72
8493,45.72
8494,45.72
8495,45.72
8496,45.72
8497,45.72
8498,45.72
8499,45.72
8500,45.72
8501,45.72
8502,45.72
8503,45.72
8504,45.72
8505,45.72
8506,45.72
8507,45.72
8508,45.72
8509,45.72
8510,45.72
8511,45.72
8512,45.72
8513,45.72
8514,45.72
8515,45.72
8516,45.708
8517,45.699
8518,45.672
8519,45.635
8520,45.645
8521,45.648
8522,45.678
8523,45.72
8524,45.72
8525,45.72
8526,45.72
8527,45.72
8528,45.72
8529,45.72
8530,45.72
8531,45.72
8532,45.72
8533,45.72
8534,45.72
8535,45.72
8536,45.72
8537,45.72
8538,45.72
8539,45.72
8540,45.72
8541,45.72
8542,45.72
8543,45.72
8544,45.72
8545,45.72
8546,45.72
8547,45.72
8548,45.72
8549,45.72
8550,45.72
8551,45.72
8552,45.72
8553,45.72
8554,45.72
8555,45.72
8556,45.72
8557,45.72
8558,45.72
8559,45.72
8560,45.72
8561,45.72
8562,45.72
8563,45.72
8564,45.72
8565,45.718
8566,45.707
8567,45.706
8568,45.693
8569,45.72
8570,45.72
8571,45.72
8572,45.72
8573,45.72
8574,45.72
8575,45.72
8576,45.72
8577,45.72
8578,45.72
8579,45.72
8580,45.72
8581,45.72
8582,45.72
8583,45.72
8584,45.72
8585,45.72
8586,45.72
8587,45.72
8588,45.72
8589,45.72
8590,45.72
8591,45.72
8592,45.72
8593,45.72
8594,45.72
8595,45.72
8596,45.72
8597,45.72
8598,45.72
8599,45.72
8600,45.72
8601,45.72
8602,45.72
8603,45.72
8604,45.72
8605,45.72
8606,45.72
8607,45.72
8608,45.72
8609,45.698
8610,45.65
8611,45.52
8612,45.369
8613,45.251
8614,45.068
8615,44.986
8616,44.886
8617,44.787
8618,44.753
8619,44.752
8620,44.816
8621,44.9
8622,45.003
8623,45.134
8624,45.243
8625,45.384
8626,45.527
8627,45.68
8628,45.72
8629,45.72
8630,45.72
8631,45.72
8632,45.72
8633,45.72
8634,45.72
8635,45.72
8636,45.72
8637,45.72
8638,45.72
8639,45.72
8640,45.72
8641,45.72
8642,45.72
8643,45.72
8644,45.72
8645,45.72
8646,45.72
8647,45.72
8648,45.72
8649,45.72
8650,45.72
8651,45.72
8652,45.72
8653,45.72
8654,45.72
8655,45.72
8656,45.72
8657,45.72
8658,45.72
8659,45.72
8660,45.72
8661,45.72
8662,45.72
8663,45.72
8664,45.72
8665,45.72
8666,45.72
8667,45.72
8668,45.72
8669,45.72
8670,45.72
8671,45.72
8672,45.72
8673,45.72
8674,45.72
8675,45.72
8676,45.72
8677,45.72
8678,45.72
8679,45.72
8680,45.72
8681,45.72
8682,45.72
8683,45.72
8684,45.72
8685,45.72
8686,45.72
8687,45.72
8688,45.72
8689,45.72
8690,45.72
8691,45.72
8692,45.72
8693,45.72
8694,45.72
8695,45.72
8696,45.72
8697,45.72
8698,45.72
8699,45.72
8700,45.72
8701,45.72
8702,45.72
8703,45.72
8704,45.72
8705,45.72
8706,45.72
8707,45.72
8708,45.72
8709,45.72
8710,45.72
8711,45.72
8712,45.72
8713,45.72
8714,45.72
8715,45.72
8716,45.72
8717,45.72
8718,45.72
8719,45.72
8720,45.72
8721,45.72
8722,45.72
8723,45.72
8724,45.72
8725,45.72
8726,45.72
8727,45.72
8728,45.72
8729,45.72
8730,45.72
8731,45.72
8732,45.72
8733,45.72
8734,45.72
8735,45.72
8736,45.72
8737,45.72
8738,45.72
8739,45.72
8740,45.72
8741,45.72
8742,45.72
8743,45.72
8744,45.72
8745,45.72
8746,45.72
8747,45.72
8748,45.72
8749,45.72
8750,45.72
8751,45.72
8752,45.72
8753,45.72
8754,45.72
8755,45.693
8756,45.625
8757,45.536
8758,45.469
8759,45.365
8760,45.272
8761,45.249
8762,45.212
8763,45.26
8764,45.323
8765,45.464
8766,45.654
8767,45.72
8768,45.72
8769,45.72
8770,45.72
8771,45.72
8772,45.72
8773,45.72
8774,45.72
8775,45.72
8776,45.72
8777,45.72
8778,45.72
8779,45.72
8780,45.72
8781,45.72
8782,45.72
8783,45.72
8784,45.72
8785,45.72
8786,45.72
8787,45.72
8788,45.72
8789,45.72
8790,45.72
8791,45.72
8792,45.72
8793,45.72
8794,45.72
8795,45.72
8796,45.72
8797,45.72
8798,45.72
8799,45.72
8800,45.72
8801,45.72
8802,45.72
8803,45.72
8804,45.72
8805,45.704
8806,45.681
8807,45.65
8808,45.635
8809,45.624
8810,45.673
8811,45.72
8812,45.72
8813,45.72
8814,45.72
8815,45.72
8816,45.72
8817,45.72
8818,45.72
8819,45.72
8820,45.72
8821,45.72
8822,45.72
8823,45.72
8824,45.72
8825,45.72
8826,45.72
8827,45.72
8828,45.72
8829,45.72
8830,45.72
8831,45.72
8832,45.72
8833,45.72
8834,45.72
8835,45.72
8836,45.72
8837,45.72
8838,45.72
8839,45.72
8840,45.72
8841,45.72
8842,45.72
8843,45.72
8844,45.72
8845,45.72
8846,45.72
8847,45.72
8848,45.72
8849,45.72
8850,45.72
8851,45.72
8852,45.691
8853,45.645
8854,45.606
8855,45.552
8856,45.499
8857,45.515
8858,45.529
8859,45.567
8860,45.659
8861,45.72
8862,45.72
8863,45.72
8864,45.72
8865,45.72
8866,45.72
8867,45.72
8868,45.72
8869,45.72
8870,45.72
8871,45.72
8872,45.72
8873,45.72
8874,45.72
8875,45.72
8876,45.72
8877,45.72
8878,45.72
8879,45.72
8880,45.72
8881,45.72
8882,45.72
8883,45.72
8884,45.72
8885,45.72
8886,45.72
8887,45.72
8888,45.72
8889,45.72
8890,45.72
8891,45.72
8892,45.72
8893,45.72
8894,45.72
8895,45.72
8896,45.72
8897,45.72
8898,45.72
8899,45.72
8900,45.668
8901,45.633
8902,45.593
8903,45.574
8904,45.568
8905,45.586
8906,45.644
8907,45.72
8908,45.72
8909,45.72
8910,45.72
8911,45.72
8912,45.72
8913,45.72
8914,45.72
8915,45.72
8916,45.72
8917,45.72
8918,45.72
8919,45.72
8920,45.72
8921,45.72
8922,45.72
8923,45.72
8924,45.72
8925,45.72
8926,45.72
8927,45.72
8928,45.72
8929,45.72
8930,45.72
8931,45.72
8932,45.72
8933,45.72
8934,45.72
8935,45.72
8936,45.72
8937,45.72
8938,45.72
8939,45.72
8940,45.72
8941,45.72
8942,45.72
8943,45.72
8944,45.72
8945,45.698
8946,45.599
8947,45.453
8948,45.29
8949,45.106
8950,44.964
8951,44.83
8952,44.706
8953,44.604
8954,44.548
8955,44.561
8956,44.649
8957,44.713
8958,44.802
8959,44.916
8960,45.021
8961,45.159
8962,45.302
8963,45.442
8964,45.544
8965,45.636
8966,45.72
8967,45.72
8968,45.72
8969,45.72
8970,45.72
8971,45.72
8972,45.72
8973,45.72
8974,45.72
8975,45.72
8976,45.72
8977,45.72
8978,45.72
8979,45.72
8980,45.72
8981,45.72
8982,45.72
8983,45.72
8984,45.72
8985,45.72
8986,45.72
8987,45.72
8988,45.72
8989,45.72
8990,45.72
8991,45.72
8992,45.72
8993,45.72
8994,45.72
8995,45.72
8996,45.72
8997,45.72
8998,45.72
8999,45.72
9000,45.72
9001,45.72
9002,45.72
9003,45.72
9004,45.72
9005,45.72
9006,45.72
9007,45.72
9008,45.72
9009,45.72
9010,45.72
9011,45.72
9012,45.72
9013,45.72
9014,45.72
9015,45.72
9016,45.72
9017,45.72
9018,45.72
9019,45.72
9020,45.72
9021,45.72
9022,45.72
9023,45.72
9024,45.72
9025,45.72
9026,45.72
9027,45.72
9028,45.72
9029,45.72
9030,45.72
9031,45.72
9032,45.72
9033,45.72
9034,45.72
9035,45.72
9036,45.72
9037,45.72
9038,45.72
9039,45.72
9040,45.72
9041,45.72
9042,45.72
9043,45.72
9044,45.72
9045,45.72
9046,45.72
9047,45.72
9048,45.72
9049,45.72
9050,45.72
9051,45.72
9052,45.72
9053,45.72
9054,45.72
9055,45.72
9056,45.72
9057,45.72
9058,45.72
9059,45.72
9060,45.72
9061,45.72
9062,45.72
9063,45.72
9064,45.72
9065,45.72
9066,45.72
9067,45.72
9068,45.72
9069,45.72
9070,45.72
9071,45.72
9072,45.72
9073,45.72
9074,45.72
9075,45.72
9076,45.72
9077,45.72
9078,45.72
9079,45.72
9080,45.72
9081,45.72
9082,45.72
9083,45.72
9084,45.72
9085,45.72
9086,45.72
9087,45.72
9088,45.72
9089,45.72
9090,45.72
9091,45.707
9092,45.653
9093,45.573
9094,45.478
9095,45.371
9096,45.293
9097,45.238
9098,45.201
9099,45.218
9100,45.285
9101,45.422
9102,45.584
9103,45.72
9104,45.72
9105,45.72
9106,45.72
9107,45.72
9108,45.72
9109,45.72
9110,45.72
9111,45.72
9112,45.72
9113,45.72
9114,45.72
9115,45.72
9116,45.72
9117,45.72
9118,45.72
9119,45.72
9120,45.72
9121,45.72
9122,45.72
9123,45.72
9124,45.72
9125,45.72
9126,45.72
9127,45.72
9128,45.72
9129,45.72
9130,45.72
9131,45.72
9132,45.72
9133,45.72
9134,45.72
9135,45.72
9136,45.72
9137,45.72
9138,45.72
9139,45.71
9140,45.69
9141,45.655
9142,45.623
9143,45.558
9144,45.534
9145,45.527
9146,45.558
9147,45.604
9148,45.675
9149,45.72
9150,45.72
9151,45.72
9152,45.72
9153,45.72
9154,45.72
9155,45.72
9156,45.72
9157,45.72
9158,45.72
9159,45.72
9160,45.72
9161,45.72
9162,45.72
9163,45.72
9164,45.72
9165,45.72
9166,45.72
9167,45.72
9168,45.72
9169,45.72
9170,45.72
9171,45.72
9172,45.72
9173,45.72
9174,45.72
9175,45.72
9176,45.72
9177,45.72
9178,45.72
9179,45.72
9180,45.72
9181,45.72
9182,45.72
9183,45.72
9184,45.72
9185,45.72
9186,45.72
9187,45.72
9188,45.713
9189,45.673
9190,45.589
9191,45.537
9192,45.503
9193,45.505
9194,45.517
9195,45.514
9196,45.544
9197,45.618
9198,45.72
9199,45.72
9200,45.72
9201,45.72
9202,45.72
9203,45.72
9204,45.72
9205,45.72
9206,45.72
9207,45.72
9208,45.72
9209,45.72
9210,45.72
9211,45.72
9212,45.72
9213,45.72
9214,45.72
9215,45.72
9216,45.72
9217,45.72
9218,45.72
9219,45.72
9220,45.72
9221,45.72
9222,45.72
9223,45.72
9224,45.72
9225,45.72
9226,45.72
9227,45.72
9228,45.72
9229,45.72
9230,45.72
9231,45.72
9232,45.72
9233,45.72
9234,45.72
9235,45.683
9236,45.627
9237,45.566
9238,45.504
9239,45.462
9240,45.456
9241,45.465
9242,45.508
9243,45.561
9244,45.695
9245,45.72
9246,45.72
9247,45.72
9248,45.72
9249,45.72
9250,45.72
9251,45.72
9252,45.72
9253,45.72
9254,45.72
9255,45.72
9256,45.72
9257,45.72
9258,45.72
9259,45.72
9260,45.72
9261,45.72
9262,45.72
9263,45.72
9264,45.72
9265,45.72
9266,45.72
9267,45.72
9268,45.72
9269,45.72
9270,45.72
9271,45.72
9272,45.72
9273,45.72
9274,45.72
9275,45.72
9276,45.72
9277,45.72
9278,45.72
9279,45.72
9280,45.72
9281,45.688
9282,45.63
9283,45.469
9284,45.295
9285,45.142
9286,44.96
9287,44.818
9288,44.683
9289,44.593
9290,44.555
9291,44.576
9292,44.616
9293,44.674
9294,44.736
9295,44.824
9296,44.938
9297,45.042
9298,45.179
9299,45.306
9300,45.396
9301,45.485
9302,45.546
9303,45.624
9304,45.715
9305,45.72
9306,45.72
9307,45.72
9308,45.72
9309,45.72
9310,45.72
9311,45.72
9312,45.72
9313,45.72
9314,45.72
9315,45.72
9316,45.72
9317,45.72
9318,45.72
9319,45.72
9320,45.72
9321,45.72
9322,45.72
9323,45.72
9324,45.72
9325,45.72
9326,45.72
9327,45.72
9328,45.72
9329,45.72
9330,45.72
9331,45.72
9332,45.72
9333,45.72
9334,45.72
9335,45.688
9336,45.664
9337,45.661
9338,45.655
9339,45.663
9340,45.718
9341,45.72
9342,45.72
9343,45.72
9344,45.72
9345,45.72
9346,45.72
9347,45.72
9348,45.72
9349,45.72
9350,45.72
9351,45.72
9352,45.72
9353,45.72
9354,45.72
9355,45.72
9356,45.72
9357,45.72
9358,45.72
9359,45.72
9360,45.72
9361,45.72
9362,45.72
9363,45.72
9364,45.72
9365,45.72
9366,45.72
9367,45.72
9368,45.72
9369,45.72
9370,45.72
9371,45.72
9372,45.72
9373,45.72
9374,45.72
9375,45.72
9376,45.72
9377,45.72
9378,45.72
9379,45.72
9380,45.72
9381,45.72
9382,45.72
9383,45.72
9384,45.72
9385,45.72
9386,45.72
9387,45.72
9388,45.72
9389,45.72
9390,45.72
9391,45.72
9392,45.72
9393,45.72
9394,45.72
9395,45.72
9396,45.72
9397,45.72
9398,45.72
9399,45.72
9400,45.72
9401,45.72
9402,45.72
9403,45.72
9404,45.72
9405,45.72
9406,45.72
9407,45.72
9408,45.72
9409,45.72
9410,45.72
9411,45.72
9412,45.72
9413,45.72
9414,45.72
9415,45.72
9416,45.72
9417,45.72
9418,45.72
9419,45.72
9420,45.72
9421,45.72
9422,45.72
9423,45.72
9424,45.72
9425,45.72
9426,45.72
9427,45.684
9428,45.589
9429,45.47
9430,45.322
9431,45.213
9432,45.096
9433,45.035
9434,45.029
9435,45.05
9436,45.107
9437,45.201
9438,45.348
9439,45.533
9440,45.72
9441,45.72
9442,45.72
9443,45.72
9444,45.72
9445,45.72
9446,45.72
9447,45.72
9448,45.72
9449,45.72
9450,45.72
9451,45.72
9452,45.72
9453,45.72
9454,45.72
9455,45.72
9456,45.72
9457,45.72
9458,45.72
9459,45.72
9460,45.72
9461,45.72
9462,45.72
9463,45.72
9464,45.72
9465,45.72
9466,45.72
9467,45.72
9468,45.72
9469,45.72
9470,45.72
9471,45.72
9472,45.72
9473,45.72
9474,45.72
9475,45.72
9476,45.702
9477,45.675
9478,45.633
9479,45.565
9480,45.529
9481,45.515
9482,45.524
9483,45.586
9484,45.675
9485,45.72
9486,45.72
9487,45.72
9488,45.72
9489,45.72
9490,45.72
9491,45.72
9492,45.72
9493,45.72
9494,45.72
9495,45.72
9496,45.72
9497,45.72
9498,45.708
9499,45.72
9500,45.72
9501,45.72
9502,45.72
9503,45.72
9504,45.72
9505,45.72
9506,45.72
9507,45.72
9508,45.72
9509,45.72
9510,45.72
9511,45.72
9512,45.72
9513,45.72
9514,45.72
9515,45.72
9516,45.72
9517,45.72
9518,45.72
9519,45.72
9520,45.72
9521,45.72
9522,45.72
9523,45.72
9524,45.69
9525,45.637
9526,45.541
9527,45.436
9528,45.396
9529,45.353
9530,45.338
9531,45.331
9532,45.362
9533,45.459
9534,45.553
9535,45.684
9536,45.72
9537,45.72
9538,45.72
9539,45.72
9540,45.72
9541,45.72
9542,45.72
9543,45.72
9544,45.72
9545,45.72
9546,45.72
9547,45.72
9548,45.72
9549,45.72
9550,45.72
9551,45.72
9552,45.72
9553,45.72
9554,45.72
9555,45.72
9556,45.72
9557,45.72
9558,45.72
9559,45.72
9560,45.72
9561,45.72
9562,45.72
9563,45.72
9564,45.72
9565,45.72
9566,45.72
9567,45.72
9568,45.72
9569,45.72
9570,45.72
9571,45.709
9572,45.665
9573,45.607
9574,45.544
9575,45.502
9576,45.478
9577,45.514
9578,45.545
9579,45.6
9580,45.687
9581,45.72
9582,45.72
9583,45.72
9584,45.72
9585,45.72
9586,45.72
9587,45.72
9588,45.72
9589,45.72
9590,45.72
9591,45.72
9592,45.72
9593,45.72
9594,45.72
9595,45.72
9596,45.72
9597,45.72
9598,45.72
9599,45.72
9600,45.72
9601,45.72
9602,45.72
9603,45.72
9604,45.72
9605,45.72
9606,45.72
9607,45.72
9608,45.72
9609,45.72
9610,45.72
9611,45.72
9612,45.72
9613,45.72
9614,45.72
9615,45.72
9616,45.72
9617,45.698
9618,45.56
9619,45.37
9620,45.159
9621,44.981
9622,44.804
9623,44.653
9624,44.513
9625,44.427
9626,44.365
9627,44.319
9628,44.368
9629,44.458
9630,44.557
9631,44.675
9632,44.806
9633,44.934
9634,45.053
9635,45.156
9636,45.256
9637,45.334
9638,45.429
9639,45.507
9640,45.569
9641,45.659
9642,45.72
9643,45.72
9644,45.72
9645,45.72
9646,45.72
9647,45.72
9648,45.72
9649,45.72
9650,45.72
9651,45.72
9652,45.72
9653,45.72
9654,45.72
9655,45.72
9656,45.72
9657,45.72
9658,45.72
9659,45.72
9660,45.72
9661,45.72
9662,45.72
9663,45.72
9664,45.72
9665,45.72
9666,45.72
9667,45.72
9668,45.72
9669,45.72
9670,45.717
9671,45.707
9672,45.708
9673,45.72
9674,45.713
9675,45.72
9676,45.72
9677,45.72
9678,45.72
9679,45.72
9680,45.72
9681,45.72
9682,45.72
9683,45.72
9684,45.72
9685,45.72
9686,45.72
9687,45.72
9688,45.72
9689,45.72
9690,45.72
9691,45.72
9692,45.72
9693,45.72
9694,45.72
9695,45.72
9696,45.72
9697,45.72
9698,45.72
9699,45.72
9700,45.72
9701,45.72
9702,45.72
9703,45.72
9704,45.72
9705,45.72
9706,45.72
9707,45.72
9708,45.72
9709,45.72
9710,45.72
9711,45.72
9712,45.72
9713,45.72
9714,45.72
9715,45.72
9716,45.72
9717,45.72
9718,45.72
9719,45.72
9720,45.72
9721,45.72
9722,45.72
9723,45.72
9724,45.72
9725,45.72
9726,45.72
9727,45.72
9728,45.72
9729,45.72
9730,45.72
9731,45.72
9732,45.72
9733,45.72
9734,45.72
9735,45.72
9736,45.72
9737,45.72
9738,45.72
9739,45.72
9740,45.72
9741,45.72
9742,45.72
9743,45.72
9744,45.72
9745,45.72
9746,45.72
9747,45.72
9748,45.72
9749,45.72
9750,45.72
9751,45.72
9752,45.72
9753,45.72
9754,45.72
9755,45.72
9756,45.72
9757,45.72
9758,45.72
9759,45.72
9760,45.72
9761,45.72
9762,45.72
9763,45.691
9764,45.587
9765,45.481
9766,45.401
9767,45.259
9768,45.145
9769,45.049
9770,45.026
9771,45.035
9772,45.078
9773,45.185
9774,45.356
9775,45.557
9776,45.72
9777,45.72
9778,45.72
9779,45.72
9780,45.72
9781,45.72
9782,45.72
9783,45.72
9784,45.72
9785,45.72
9786,45.72
9787,45.72
9788,45.72
9789,45.72
9790,45.72
9791,45.72
9792,45.72
9793,45.72
9794,45.72
9795,45.72
9796,45.72
9797,45.72
9798,45.72
9799,45.72
9800,45.72
9801,45.72
9802,45.72
9803,45.72
9804,45.72
9805,45.72
9806,45.72
9807,45.72
9808,45.72
9809,45.72
9810,45.72
9811,45.707
9812,45.712
9813,45.665
9814,45.597
9815,45.537
9816,45.498
9817,45.451
9818,45.465
9819,45.494
9820,45.6
9821,45.694
9822,45.72
9823,45.72
9824,45.72
9825,45.72
9826,45.72
9827,45.72
9828,45.72
9829,45.72
9830,45.72
9831,45.72
9832,45.72
9833,45.72
9834,45.72
9835,45.72
9836,45.72
9837,45.72
9838,45.72
9839,45.72
9840,45.72
9841,45.72
9842,45.72
9843,45.72
9844,45.72
9845,45.72
9846,45.72
9847,45.72
9848,45.72
9849,45.72
9850,45.72
9851,45.72
9852,45.72
9853,45.72
9854,45.72
9855,45.72
9856,45.72
9857,45.72
9858,45.72
9859,45.715
9860,45.698
9861,45.66
9862,45.571
9863,45.524
9864,45.458
9865,45.429
9866,45.421
9867,45.433
9868,45.487
9869,45.555
9870,45.649
9871,45.72
9872,45.72
9873,45.72
9874,45.72
9875,45.72
9876,45.72
9877,45.72
9878,45.72
9879,45.72
9880,45.72
9881,45.72
9882,45.72
9883,45.72
9884,45.72
9885,45.72
9886,45.72
9887,45.72
9888,45.72
9889,45.72
9890,45.72
9891,45.72
9892,45.72
9893,45.72
9894,45.72
9895,45.72
9896,45.72
9897,45.72
9898,45.72
9899,45.72
9900,45.72
9901,45.72
9902,45.72
9903,45.72
9904,45.72
9905,45.72
9906,45.72
9907,45.679
9908,45.633
9909,45.577
9910,45.495
9911,45.443
9912,45.445
9913,45.45
9914,45.494
9915,45.558
9916,45.645
9917,45.72
9918,45.72
9919,45.72
9920,45.72
9921,45.72
9922,45.72
9923,45.72
9924,45.72
9925,45.72
9926,45.72
9927,45.72
9928,45.72
9929,45.72
9930,45.72
9931,45.72
9932,45.72
9933,45.72
9934,45.72
9935,45.72
9936,45.72
9937,45.72
9938,45.72
9939,45.72
9940,45.72
9941,45.72
9942,45.72
9943,45.72
9944,45.72
9945,45.72
9946,45.72
9947,45.72
9948,45.72
9949,45.72
9950,45.72
9951,45.72
9952,45.72
9953,45.688
9954,45.606
9955,45.456
9956,45.308
9957,45.116
9958,44.954
9959,44.815
9960,44.682
9961,44.609
9962,44.549
9963,44.513
9964,44.533
9965,44.628
9966,44.707
9967,44.847
9968,44.962
9969,45.09
9970,45.206
9971,45.288
9972,45.412
9973,45.517
9974,45.593
9975,45.625
9976,45.685
9977,45.72
9978,45.72
9979,45.72
9980,45.72
9981,45.72
9982,45.72
9983,45.72
9984,45.72
9985,45.72
9986,45.72
9987,45.72
9988,45.72
9989,45.72
9990,45.72
9991,45.72
9992,45.72
9993,45.72
9994,45.72
9995,45.72
9996,45.72
9997,45.72
9998,45.72
9999,45.72
10000,45.72
10001,45.72
10002,45.72
10003,45.72
10004,45.72
10005,45.72
10006,45.72
10007,45.72
10008,45.697
10009,45.692
10010,45.711
10011,45.72
10012,45.72
10013,45.72
10014,45.72
10015,45.72
10016,45.72
10017,45.72
10018,45.72
10019,45.72
10020,45.72
10021,45.72
10022,45.72
10023,45.72
10024,45.72
10025,45.72
10026,45.72
10027,45.72
10028,45.72
10029,45.72
10030,45.72
10031,45.72
10032,45.72
10033,45.72
10034,45.72
10035,45.72
10036,45.72
10037,45.72
10038,45.72
10039,45.72
10040,45.72
10041,45.72
10042,45.72
10043,45.72
10044,45.72
10045,45.72
10046,45.72
10047,45.72
10048,45.72
10049,45.72
10050,45.72
10051,45.72
10052,45.72
10053,45.72
10054,45.72
10055,45.72
10056,45.72
10057,45.72
10058,45.72
10059,45.72
10060,45.72
10061,45.72
10062,45.72
10063,45.72
10064,45.72
10065,45.72
10066,45.72
10067,45.72
10068,45.72
10069,45.72
10070,45.72
10071,45.72
10072,45.72
10073,45.72
10074,45.72
10075,45.72
10076,45.72
10077,45.72
10078,45.72
10079,45.72
10080,45.72
10081,45.72
10082,45.72
10083,45.72
10084,45.72
10085,45.72
10086,45.72
10087,45.72
10088,45.72
10089,45.72
10090,45.72
10091,45.72
10092,45.72
10093,45.72
10094,45.72
10095,45.72
10096,45.72
10097,45.72
10098,45.72
10099,45.694
10100,45.617
10101,45.51
10102,45.381
10103,45.261
10104,45.175
10105,45.104
10106,45.071
10107,45.103
10108,45.148
10109,45.25
10110,45.396
10111,45.58
10112,45.72
10113,45.72
10114,45.72
10115,45.72
10116,45.72
10117,45.72
10118,45.72
10119,45.72
10120,45.72
10121,45.72
10122,45.72
10123,45.72
10124,45.72
10125,45.72
10126,45.72
10127,45.72
10128,45.72
10129,45.72
10130,45.72
10131,45.72
10132,45.72
10133,45.72
10134,45.72
10135,45.72
10136,45.72
10137,45.72
10138,45.72
10139,45.72
10140,45.72
10141,45.72
10142,45.72
10143,45.72
10144,45.72
10145,45.72
10146,45.72
10147,45.72
10148,45.719
10149,45.648
10150,45.576
10151,45.516
10152,45.502
10153,45.49
10154,45.554
10155,45.611
10156,45.714
10157,45.72
10158,45.72
10159,45.72
10160,45.72
10161,45.72
10162,45.72
10163,45.72
10164,45.72
10165,45.72
10166,45.72
10167,45.72
10168,45.72
10169,45.72
10170,45.72
10171,45.72
10172,45.72
10173,45.72
10174,45.72
10175,45.72
10176,45.72
10177,45.72
10178,45.72
10179,45.72
10180,45.72
10181,45.72
10182,45.72
10183,45.72
10184,45.72
10185,45.72
10186,45.72
10187,45.72
10188,45.72
10189,45.72
10190,45.72
10191,45.72
10192,45.72
10193,45.72
10194,45.72
10195,45.72
10196,45.696
10197,45.659
10198,45.593
10199,45.526
10200,45.451
10201,45.405
10202,45.401
10203,45.411
10204,45.464
10205,45.541
10206,45.657
10207,45.72
10208,45.72
10209,45.72
10210,45.72
10211,45.72
10212,45.72
10213,45.72
10214,45.72
10215,45.72
10216,45.72
10217,45.72
10218,45.72
10219,45.72
10220,45.72
10221,45.72
10222,45.72
10223,45.72
10224,45.72
10225,45.72
10226,45.72
10227,45.72
10228,45.72
10229,45.72
10230,45.72
10231,45.72
10232,45.72
10233,45.72
10234,45.72
10235,45.72
10236,45.72
10237,45.72
10238,45.72
10239,45.72
10240,45.72
10241,45.72
10242,45.72
10243,45.696
10244,45.692
10245,45.676
10246,45.613
10247,45.601
10248,45.592
10249,45.574
10250,45.621
10251,45.72
10252,45.72
10253,45.72
10254,45.72
10255,45.72
10256,45.72
10257,45.72
10258,45.72
10259,45.72
10260,45.72
10261,45.72
10262,45.72
10263,45.72
10264,45.72
10265,45.72
10266,45.72
10267,45.72
10268,45.72
10269,45.72
10270,45.72
10271,45.72
10272,45.72
10273,45.72
10274,45.72
10275,45.72
10276,45.72
10277,45.72
10278,45.72
10279,45.72
10280,45.72
10281,45.72
10282,45.72
10283,45.72
10284,45.72
10285,45.72
10286,45.72
10287,45.72
10288,45.72
10289,45.682
10290,45.601
10291,45.502
10292,45.335
10293,45.158
10294,45.013
10295,44.85
10296,44.723
10297,44.576
10298,44.532
10299,44.489
10300,44.518
10301,44.552
10302,44.652
10303,44.78
10304,44.91
10305,45.039
10306,45.162
10307,45.284
10308,45.398
10309,45.478
10310,45.543
10311,45.592
10312,45.661
10313,45.72
10314,45.72
10315,45.72
10316,45.72
10317,45.72
10318,45.72
10319,45.72
10320,45.72
10321,45.72
10322,45.72
10323,45.72
10324,45.72
10325,45.72
10326,45.72
10327,45.72
10328,45.72
10329,45.72
10330,45.72
10331,45.72
10332,45.72
10333,45.72
10334,45.72
10335,45.72
10336,45.72
10337,45.72
10338,45.72
10339,45.72
10340,45.72
10341,45.72
10342,45.72
10343,45.72
10344,45.714
10345,45.72
10346,45.72
10347,45.72
10348,45.72
10349,45.72
10350,45.72
10351,45.72
10352,45.72
10353,45.72
10354,45.72
10355,45.72
10356,45.72
10357,45.72
10358,45.72
10359,45.72
10360,45.72
10361,45.72
10362,45.72
10363,45.72
10364,45.72
10365,45.72
10366,45.72
10367,45.72
10368,45.72
10369,45.72
10370,45.72
10371,45.72
10372,45.72
10373,45.72
10374,45.72
10375,45.72
10376,45.72
10377,45.72
10378,45.72
10379,45.72
10380,45.72
10381,45.72
10382,45.72
10383,45.72
10384,45.72
10385,45.72
10386,45.72
10387,45.72
10388,45.72
10389,45.72
10390,45.72
10391,45.72
10392,45.72
10393,45.72
10394,45.72
10395,45.72
10396,45.72
10397,45.72
10398,45.72
10399,45.72
10400,45.72
10401,45.72
10402,45.72
10403,45.72
10404,45.72
10405,45.72
10406,45.72
10407,45.72
10408,45.72
10409,45.72
10410,45.72
10411,45.72
10412,45.72
10413,45.72
10414,45.72
10415,45.72
10416,45.72
10417,45.72
10418,45.72
10419,45.72
10420,45.72
10421,45.72
10422,45.72
10423,45.72
10424,45.72
10425,45.72
10426,45.72
10427,45.72
10428,45.72
10429,45.72
10430,45.72
10431,45.72
10432,45.72
10433,45.72
10434,45.72
10435,45.692
10436,45.662
10437,45.563
10438,45.463
10439,45.384
10440,45.269
10441,45.232
10442,45.198
10443,45.225
10444,45.289
10445,45.433
10446,45.562
10447,45.72
10448,45.72
10449,45.72
10450,45.72
10451,45.72
10452,45.72
10453,45.72
10454,45.72
10455,45.72
10456,45.72
10457,45.72
10458,45.72
10459,45.72
10460,45.72
10461,45.72
10462,45.72
10463,45.72
10464,45.72
10465,45.72
10466,45.72
10467,45.72
10468,45.72
10469,45.72
10470,45.72
10471,45.72
10472,45.72
10473,45.72
10474,45.72
10475,45.72
10476,45.72
10477,45.72
10478,45.72
10479,45.72
10480,45.72
10481,45.72
10482,45.72
10483,45.709
10484,45.674
10485,45.621
10486,45.596
10487,45.571
10488,45.52
10489,45.493
10490,45.467
10491,45.527
10492,45.613
10493,45.72
10494,45.72
10495,45.72
10496,45.72
10497,45.72
10498,45.72
10499,45.72
10500,45.72
10501,45.72
10502,45.72
10503,45.72
10504,45.72
10505,45.72
10506,45.72
10507,45.72
10508,45.72
10509,45.72
10510,45.72
10511,45.72
10512,45.72
10513,45.72
10514,45.72
10515,45.72
10516,45.72
10517,45.72
10518,45.72
10519,45.72
10520,45.72
10521,45.72
10522,45.72
10523,45.72
10524,45.72
10525,45.72
10526,45.72
10527,45.72
10528,45.72
10529,45.72
10530,45.72
10531,45.713
10532,45.703
10533,45.683
10534,45.638
10535,45.578
10536,45.541
10537,45.538
10538,45.557
10539,45.589
10540,45.663
10541,45.72
10542,45.72
10543,45.72
10544,45.72
10545,45.72
10546,45.72
10547,45.72
10548,45.72
10549,45.72
10550,45.72
10551,45.72
10552,45.72
10553,45.72
10554,45.72
10555,45.72
10556,45.72
10557,45.72
10558,45.72
10559,45.72
10560,45.72
10561,45.72
10562,45.72
10563,45.72
10564,45.72
10565,45.72
10566,45.72
10567,45.72
10568,45.72
10569,45.72
10570,45.72
10571,45.72
10572,45.72
10573,45.72
10574,45.72
10575,45.72
10576,45.72
10577,45.72
10578,45.72
10579,45.72
10580,45.688
10581,45.668
10582,45.637
10583,45.612
10584,45.604
10585,45.607
10586,45.653
10587,45.72
10588,45.72
10589,45.72
10590,45.72
10591,45.72
10592,45.72
10593,45.72
10594,45.72
10595,45.72
10596,45.72
10597,45.72
10598,45.72
10599,45.72
10600,45.72
10601,45.72
10602,45.72
10603,45.72
10604,45.72
10605,45.72
10606,45.72
10607,45.72
10608,45.72
10609,45.72
10610,45.72
10611,45.72
10612,45.72
10613,45.72
10614,45.72
10615,45.72
10616,45.72
10617,45.72
10618,45.72
10619,45.72
10620,45.72
10621,45.72
10622,45.72
10623,45.72
10624,45.72
10625,45.698
10626,45.603
10627,45.456
10628,45.281
10629,45.116
10630,44.945
10631,44.805
10632,44.683
10633,44.615
10634,44.613
10635,44.622
10636,44.646
10637,44.733
10638,44.821
10639,44.954
10640,45.101
10641,45.239
10642,45.379
10643,45.524
10644,45.663
10645,45.72
10646,45.72
10647,45.72
10648,45.72
10649,45.72
10650,45.72
10651,45.72
10652,45.72
10653,45.72
10654,45.72
10655,45.72
10656,45.72
10657,45.72
10658,45.72
10659,45.72
10660,45.72
10661,45.72
10662,45.72
10663,45.72
10664,45.72
10665,45.72
10666,45.72
10667,45.72
10668,45.72
10669,45.72
10670,45.72
10671,45.72
10672,45.72
10673,45.72
10674,45.72
10675,45.72
10676,45.72
10677,45.72
10678,45.72
10679,45.72
10680,45.72
10681,45.72
10682,45.72
10683,45.72
10684,45.72
10685,45.72
10686,45.72
10687,45.72
10688,45.72
10689,45.72
10690,45.72
10691,45.72
10692,45.72
10693,45.72
10694,45.72
10695,45.72
10696,45.72
10697,45.72
10698,45.72
10699,45.72
10700,45.72
10701,45.72
10702,45.72
10703,45.72
10704,45.72
10705,45.72
10706,45.72
10707,45.72
10708,45.72
10709,45.72
10710,45.72
10711,45.72
10712,45.72
10713,45.72
10714,45.72
10715,45.72
10716,45.72
10717,45.72
10718,45.72
10719,45.72
10720,45.72
10721,45.72
10722,45.72
10723,45.72
10724,45.72
10725,45.72
10726,45.72
10727,45.72
10728,45.72
10729,45.72
10730,45.72
10731,45.72
10732,45.72
10733,45.72
10734,45.72
10735,45.72
10736,45.72
10737,45.72
10738,45.72
10739,45.72
10740,45.72
10741,45.72
10742,45.72
10743,45.72
10744,45.72
10745,45.72
10746,45.72
10747,45.72
10748,45.72
10749,45.72
10750,45.72
10751,45.72
10752,45.72
10753,45.72
10754,45.72
10755,45.72
10756,45.72
10757,45.72
10758,45.72
10759,45.72
10760,45.72
10761,45.72
10762,45.72
10763,45.72
10764,45.72
10765,45.72
10766,45.72
10767,45.72
10768,45.72
10769,45.72
10770,45.72
10771,45.714
10772,45.655
10773,45.565
10774,45.477
10775,45.397
10776,45.306
10777,45.267
10778,45.276
10779,45.323
10780,45.407
10781,45.534
10782,45.689
10783,45.72
10784,45.72
10785,45.72
10786,45.72
10787,45.72
10788,45.72
10789,45.72
10790,45.72
10791,45.72
10792,45.72
10793,45.72
10794,45.72
10795,45.72
10796,45.72
10797,45.72
10798,45.72
10799,45.72
10800,45.72
10801,45.72
10802,45.72
10803,45.72
10804,45.72
10805,45.72
10806,45.72
10807,45.72
10808,45.72
10809,45.72
10810,45.72
10811,45.72
10812,45.72
10813,45.72
10814,45.72
10815,45.72
10816,45.72
10817,45.72
10818,45.72
10819,45.72
10820,45.72
10821,45.691
10822,45.641
10823,45.606
10824,45.576
10825,45.569
10826,45.601
10827,45.685
10828,45.72
10829,45.72
10830,45.72
10831,45.72
10832,45.72
10833,45.72
10834,45.72
10835,45.72
10836,45.72
10837,45.72
10838,45.72
10839,45.72
10840,45.72
10841,45.72
10842,45.72
10843,45.72
10844,45.72
10845,45.72
10846,45.72
10847,45.72
10848,45.72
10849,45.72
10850,45.72
10851,45.72
10852,45.72
10853,45.72
10854,45.72
10855,45.72
10856,45.72
10857,45.72
10858,45.72
10859,45.72
10860,45.72
10861,45.72
10862,45.72
10863,45.72
10864,45.72
10865,45.72
10866,45.72
10867,45.72
10868,45.72
10869,45.72
10870,45.709
10871,45.677
10872,45.66
10873,45.663
10874,45.671
10875,45.72
10876,45.72
10877,45.72
10878,45.72
10879,45.72
10880,45.72
10881,45.72
10882,45.72
10883,45.72
10884,45.72
10885,45.72
10886,45.72
10887,45.72
10888,45.72
10889,45.72
10890,45.72
10891,45.72
10892,45.72
10893,45.72
10894,45.72
10895,45.72
10896,45.72
10897,45.72
10898,45.72
10899,45.72
10900,45.72
10901,45.72
10902,45.72
10903,45.72
10904,45.72
10905,45.72
10906,45.72
10907,45.72
10908,45.72
10909,45.72
10910,45.72
10911,45.72
10912,45.72
10913,45.72
10914,45.72
10915,45.72
10916,45.72
10917,45.671
10918,45.651
10919,45.639
10920,45.646
10921,45.688
10922,45.72
10923,45.72
10924,45.72
10925,45.72
10926,45.72
10927,45.72
10928,45.72
10929,45.72
10930,45.72
10931,45.72
10932,45.72
10933,45.72
10934,45.72
10935,45.72
10936,45.72
10937,45.72
10938,45.72
10939,45.72
10940,45.72
10941,45.72
10942,45.72
10943,45.72
10944,45.72
10945,45.72
10946,45.72
10947,45.72
10948,45.72
10949,45.72
10950,45.72
10951,45.72
10952,45.72
10953,45.72
10954,45.72
10955,45.72
10956,45.72
10957,45.72
10958,45.72
10959,45.72
10960,45.72
10961,45.72
10962,45.646
10963,45.523
10964,45.408
10965,45.284
10966,45.132
10967,45.003
10968,44.869
10969,44.804
10970,44.771
10971,44.776
10972,44.861
10973,44.931
10974,45.061
10975,45.211
10976,45.366
10977,45.523
10978,45.692
10979,45.72
10980,45.72
10981,45.72
10982,45.72
10983,45.72
10984,45.72
10985,45.72
10986,45.72
10987,45.72
10988,45.72
10989,45.72
10990,45.72
10991,45.72
10992,45.72
10993,45.72
10994,45.72
10995,45.72
10996,45.72
10997,45.72
10998,45.72
10999,45.72
11000,45.72
11001,45.72
11002,45.72
11003,45.72
11004,45.72
11005,45.72
11006,45.72
11007,45.72
11008,45.72
11009,45.72
11010,45.72
11011,45.72
11012,45.72
11013,45.72
11014,45.72
11015,45.72
11016,45.72
11017,45.72
11018,45.72
11019,45.72
11020,45.72
11021,45.72
11022,45.72
11023,45.72
11024,45.72
11025,45.72
11026,45.72
11027,45.72
11028,45.72
11029,45.72
11030,45.72
11031,45.72
11032,45.72
11033,45.72
11034,45.72
11035,45.72
11036,45.72
11037,45.72
11038,45.72
11039,45.72
11040,45.72
11041,45.72
11042,45.72
11043,45.72
11044,45.72
11045,45.72
11046,45.72
11047,45.72
11048,45.72
11049,45.72
11050,45.72
11051,45.72
11052,45.72
11053,45.72
11054,45.72
11055,45.72
11056,45.72
11057,45.72
11058,45.72
11059,45.72
11060,45.72
11061,45.72
11062,45.72
11063,45.72
11064,45.72
11065,45.72
11066,45.72
11067,45.72
11068,45.72
11069,45.72
11070,45.72
11071,45.72
11072,45.72
11073,45.72
11074,45.72
11075,45.72
11076,45.72
11077,45.72
11078,45.72
11079,45.72
11080,45.72
11081,45.72
11082,45.72
11083,45.72
11084,45.72
11085,45.72
11086,45.72
11087,45.72
11088,45.72
11089,45.72
11090,45.72
11091,45.72
11092,45.72
11093,45.72
11094,45.72
11095,45.72
11096,45.72
11097,45.72
11098,45.72
11099,45.72
11100,45.72
11101,45.72
11102,45.72
11103,45.72
11104,45.72
11105,45.72
11106,45.72
11107,45.72
11108,45.674
11109,45.612
11110,45.547
11111,45.473
11112,45.391
11113,45.398
11114,45.412
11115,45.454
11116,45.566
11117,45.72
11118,45.72
11119,45.72
11120,45.72
11121,45.72
11122,45.72
11123,45.72
11124,45.72
11125,45.72
11126,45.72
11127,45.72
11128,45.72
11129,45.72
11130,45.72
11131,45.72
11132,45.72
11133,45.72
11134,45.72
11135,45.72
11136,45.72
11137,45.72
11138,45.72
11139,45.72
11140,45.72
11141,45.72
11142,45.72
11143,45.72
11144,45.72
11145,45.72
11146,45.72
11147,45.72
11148,45.72
11149,45.72
11150,45.72
11151,45.72
11152,45.72
11153,45.72
11154,45.72
11155,45.72
11156,45.72
11157,45.705
11158,45.649
11159,45.654
11160,45.684
11161,45.718
11162,45.72
11163,45.72
11164,45.72
11165,45.72
11166,45.72
11167,45.72
11168,45.72
11169,45.72
11170,45.72
11171,45.72
11172,45.72
11173,45.72
11174,45.72
11175,45.72
11176,45.72
11177,45.72
11178,45.72
11179,45.72
11180,45.72
11181,45.72
11182,45.72
11183,45.72
11184,45.72
11185,45.72
11186,45.72
11187,45.72
11188,45.72
11189,45.72
11190,45.72
11191,45.72
11192,45.72
11193,45.72
11194,45.72
11195,45.72
11196,45.72
11197,45.72
11198,45.72
11199,45.72
11200,45.72
11201,45.72
11202,45.72
11203,45.72
11204,45.72
11205,45.72
11206,45.699
11207,45.72
11208,45.72
11209,45.72
11210,45.72
11211,45.72
11212,45.72
11213,45.72
11214,45.72
11215,45.72
11216,45.72
11217,45.72
11218,45.72
11219,45.72
11220,45.72
11221,45.72
11222,45.72
11223,45.72
11224,45.72
11225,45.72
11226,45.72
11227,45.72
11228,45.72
11229,45.72
11230,45.72
11231,45.72
11232,45.72
11233,45.72
11234,45.72
11235,45.72
11236,45.72
11237,45.72
11238,45.72
11239,45.72
11240,45.72
11241,45.72
11242,45.72
11243,45.72
11244,45.72
11245,45.72
11246,45.72
11247,45.72
11248,45.72
11249,45.72
11250,45.72
11251,45.72
11252,45.72
11253,45.72
11254,45.72
11255,45.72
11256,45.72
11257,45.72
11258,45.72
11259,45.72
11260,45.72
11261,45.72
11262,45.72
11263,45.72
11264,45.72
11265,45.72
11266,45.72
11267,45.72
11268,45.72
11269,45.72
11270,45.72
11271,45.72
11272,45.72
11273,45.72
11274,45.72
11275,45.72
11276,45.72
11277,45.72
11278,45.72
11279,45.72
11280,45.72
11281,45.72
11282,45.72
11283,45.72
11284,45.72
11285,45.72
11286,45.72
11287,45.72
11288,45.72
11289,45.72
11290,45.72
11291,45.72
11292,45.72
11293,45.72
11294,45.72
11295,45.72
11296,45.72
11297,45.72
11298,45.688
11299,45.586
11300,45.479
11301,45.35
11302,45.231
11303,45.116
11304,45.075
11305,45.027
11306,45.019
11307,45.046
11308,45.146
11309,45.257
11310,45.404
11311,45.559
11312,45.716
11313,45.72
11314,45.72
11315,45.72
11316,45.72
11317,45.72
11318,45.72
11319,45.72
11320,45.72
11321,45.72
11322,45.72
11323,45.72
11324,45.72
11325,45.72
11326,45.72
11327,45.72
11328,45.72
11329,45.72
11330,45.72
11331,45.72
11332,45.72
11333,45.72
11334,45.72
11335,45.72
11336,45.72
11337,45.72
11338,45.72
11339,45.72
11340,45.72
11341,45.72
11342,45.72
11343,45.72
11344,45.72
11345,45.72
11346,45.72
11347,45.72
11348,45.72
11349,45.72
11350,45.72
11351,45.72
11352,45.72
11353,45.72
11354,45.72
11355,45.72
11356,45.72
11357,45.72
11358,45.72
11359,45.72
11360,45.72
11361,45.72
11362,45.72
11363,45.72
11364,45.72
11365,45.72
11366,45.72
11367,45.72
11368,45.72
11369,45.72
11370,45.72
11371,45.72
11372,45.72
11373,45.72
11374,45.72
11375,45.72
11376,45.72
11377,45.72
11378,45.72
11379,45.72
11380,45.72
11381,45.72
11382,45.72
11383,45.72
11384,45.72
11385,45.72
11386,45.72
11387,45.72
11388,45.72
11389,45.72
11390,45.72
11391,45.72
11392,45.72
11393,45.72
11394,45.72
11395,45.72
11396,45.72
11397,45.72
11398,45.72
11399,45.72
11400,45.72
11401,45.72
11402,45.72
11403,45.72
11404,45.72
11405,45.72
11406,45.72
11407,45.72
11408,45.72
11409,45.72
11410,45.72
11411,45.72
11412,45.72
11413,45.72
11414,45.72
11415,45.72
11416,45.72
11417,45.72
11418,45.72
11419,45.72
11420,45.72
11421,45.72
11422,45.72
11423,45.72
11424,45.72
11425,45.72
11426,45.72
11427,45.72
11428,45.72
11429,45.72
11430,45.72
11431,45.72
11432,45.72
11433,45.72
11434,45.72
11435,45.72
11436,45.72
11437,45.72
11438,45.72
11439,45.72
11440,45.72
11441,45.72
11442,45.72
11443,45.72
11444,45.72
11445,45.682
11446,45.617
11447,45.604
11448,45.564
11449,45.593
11450,45.641
11451,45.703
11452,45.72
11453,45.72
11454,45.72
11455,45.72
11456,45.72
11457,45.72
11458,45.72
11459,45.72
11460,45.72
11461,45.72
11462,45.72
11463,45.72
11464,45.72
11465,45.72
11466,45.72
11467,45.72
11468,45.72
11469,45.72
11470,45.72
11471,45.72
11472,45.72
11473,45.72
11474,45.72
11475,45.72
11476,45.72
11477,45.72
11478,45.72
11479,45.72
11480,45.72
11481,45.72
11482,45.72
11483,45.72
11484,45.72
11485,45.72
11486,45.72
11487,45.72
11488,45.72
11489,45.72
11490,45.72
11491,45.72
11492,45.72
11493,45.72
11494,45.72
11495,45.72
11496,45.72
11497,45.72
11498,45.72
11499,45.72
11500,45.72
11501,45.72
11502,45.72
11503,45.72
11504,45.72
11505,45.72
11506,45.72
11507,45.72
11508,45.72
11509,45.72
11510,45.72
11511,45.72
11512,45.72
11513,45.72
11514,45.72
11515,45.72
11516,45.72
11517,45.72
11518,45.72
11519,45.72
11520,45.72
11521,45.72
11522,45.72
11523,45.72
11524,45.72
11525,45.72
11526,45.72
11527,45.72
11528,45.72
11529,45.72
11530,45.72
11531,45.72
11532,45.72
11533,45.72
11534,45.72
11535,45.72
11536,45.72
11537,45.72
11538,45.72
11539,45.72
11540,45.72
11541,45.72
11542,45.72
11543,45.72
11544,45.72
11545,45.72
11546,45.72
11547,45.72
11548,45.72
11549,45.72
11550,45.72
11551,45.72
11552,45.72
11553,45.72
11554,45.72
11555,45.72
11556,45.72
11557,45.72
11558,45.72
11559,45.72
11560,45.72
11561,45.72
11562,45.72
11563,45.72
11564,45.72
11565,45.72
11566,45.72
11567,45.72
11568,45.72
11569,45.72
11570,45.72
11571,45.72
11572,45.72
11573,45.72
11574,45.72
11575,45.72
11576,45.72
11577,45.72
11578,45.72
11579,45.72
11580,45.72
11581,45.72
11582,45.72
11583,45.72
11584,45.72
11585,45.72
11586,45.72
11587,45.72
11588,45.72
11589,45.72
11590,45.72
11591,45.72
11592,45.72
11593,45.72
11594,45.72
11595,45.72
11596,45.72
11597,45.72
11598,45.72
11599,45.72
11600,45.72
11601,45.72
11602,45.72
11603,45.72
11604,45.72
11605,45.72
11606,45.72
11607,45.72
11608,45.72
11609,45.72
11610,45.72
11611,45.72
11612,45.72
11613,45.72
11614,45.72
11615,45.72
11616,45.72
11617,45.72
11618,45.72
11619,45.72
11620,45.72
11621,45.72
11622,45.72
11623,45.72
11624,45.72
11625,45.72
11626,45.72
11627,45.72
11628,45.72
11629,45.72
11630,45.72
11631,45.72
11632,45.72
11633,45.72
11634,45.72
11635,45.679
11636,45.593
11637,45.537
11638,45.418
11639,45.319
11640,45.293
11641,45.307
11642,45.335
11643,45.414
11644,45.539
11645,45.672
11646,45.72
11647,45.72
11648,45.72
11649,45.72
11650,45.72
11651,45.72
11652,45.72
11653,45.72
11654,45.72
11655,45.72
11656,45.72
11657,45.72
11658,45.72
11659,45.72
11660,45.72
11661,45.72
11662,45.72
11663,45.72
11664,45.72
11665,45.72
11666,45.72
11667,45.72
11668,45.72
11669,45.72
11670,45.72
11671,45.72
11672,45.72
11673,45.72
11674,45.72
11675,45.72
11676,45.72
11677,45.72
11678,45.72
11679,45.72
11680,45.72
11681,45.72
11682,45.72
11683,45.72
11684,45.72
11685,45.72
11686,45.72
11687,45.72
11688,45.72
11689,45.72
11690,45.72
11691,45.72
11692,45.72
11693,45.72
11694,45.72
11695,45.72
11696,45.72
11697,45.72
11698,45.72
11699,45.72
11700,45.72
11701,45.72
11702,45.72
11703,45.72
11704,45.72
11705,45.72
11706,45.72
11707,45.72
11708,45.72
11709,45.72
11710,45.72
11711,45.72
11712,45.72
11713,45.72
11714,45.72
11715,45.72
11716,45.72
11717,45.72
11718,45.72
11719,45.72
11720,45.72
11721,45.72
11722,45.72
11723,45.72
11724,45.72
11725,45.72
11726,45.72
11727,45.72
11728,45.72
11729,45.72
11730,45.72
11731,45.72
11732,45.72
11733,45.72
11734,45.72
11735,45.72
11736,45.72
11737,45.72
11738,45.72
11739,45.72
11740,45.72
11741,45.72
11742,45.72
11743,45.72
11744,45.72
11745,45.72
11746,45.72
11747,45.72
11748,45.72
11749,45.72
11750,45.72
11751,45.72
11752,45.72
11753,45.72
11754,45.72
11755,45.72
11756,45.72
11757,45.72
11758,45.72
11759,45.72
11760,45.72
11761,45.72
11762,45.72
11763,45.72
11764,45.72
11765,45.72
11766,45.72
11767,45.72
11768,45.72
11769,45.72
11770,45.72
11771,45.72
11772,45.72
11773,45.72
11774,45.72
11775,45.72
11776,45.72
11777,45.72
11778,45.72
11779,45.72
11780,45.72
11781,45.71
11782,45.694
11783,45.672
11784,45.691
11785,45.72
11786,45.72
11787,45.72
11788,45.72
11789,45.72
11790,45.72
11791,45.72
11792,45.72
11793,45.72
11794,45.72
11795,45.72
11796,45.72
11797,45.72
11798,45.72
11799,45.72
11800,45.72
11801,45.72
11802,45.72
11803,45.72
11804,45.72
11805,45.72
11806,45.72
11807,45.72
11808,45.72
11809,45.72
11810,45.72
11811,45.72
11812,45.72
11813,45.72
11814,45.72
11815,45.72
11816,45.72
11817,45.72
11818,45.72
11819,45.72
11820,45.72
11821,45.72
11822,45.72
11823,45.72
11824,45.72
11825,45.72
11826,45.72
11827,45.72
11828,45.72
11829,45.72
11830,45.72
11831,45.72
11832,45.72
11833,45.72
11834,45.72
11835,45.72
11836,45.72
11837,45.72
11838,45.72
11839,45.72
11840,45.72
11841,45.72
11842,45.72
11843,45.72
11844,45.72
11845,45.72
11846,45.72
11847,45.72
11848,45.72
11849,45.72
11850,45.72
11851,45.72
11852,45.72
11853,45.72
11854,45.72
11855,45.72
11856,45.72
11857,45.72
11858,45.72
11859,45.72
11860,45.72
11861,45.72
11862,45.72
11863,45.72
11864,45.72
11865,45.72
11866,45.72
11867,45.72
11868,45.72
11869,45.72
11870,45.72
11871,45.72
11872,45.72
11873,45.72
11874,45.72
11875,45.72
11876,45.72
11877,45.72
11878,45.72
11879,45.72
11880,45.72
11881,45.72
11882,45.72
11883,45.72
11884,45.72
11885,45.72
11886,45.72
11887,45.72
11888,45.72
11889,45.72
11890,45.72
11891,45.72
11892,45.72
11893,45.72
11894,45.72
11895,45.72
11896,45.72
11897,45.72
11898,45.72
11899,45.72
11900,45.72
11901,45.72
11902,45.72
11903,45.72
11904,45.72
11905,45.72
11906,45.72
11907,45.72
11908,45.72
11909,45.72
11910,45.72
11911,45.72
11912,45.72
11913,45.72
11914,45.72
11915,45.72
11916,45.72
11917,45.72
11918,45.72
11919,45.72
11920,45.72
11921,45.72
11922,45.72
11923,45.72
11924,45.72
11925,45.72
11926,45.72
11927,45.72
11928,45.72
11929,45.72
11930,45.72
11931,45.72
11932,45.72
11933,45.72
11934,45.72
11935,45.72
11936,45.72
11937,45.72
11938,45.72
11939,45.72
11940,45.72
11941,45.72
11942,45.72
11943,45.72
11944,45.72
11945,45.72
11946,45.72
11947,45.72
11948,45.72
11949,45.72
11950,45.72
11951,45.72
11952,45.72
11953,45.72
11954,45.72
11955,45.72
11956,45.72
11957,45.72
11958,45.72
11959,45.72
11960,45.72
11961,45.72
11962,45.72
11963,45.72
11964,45.72
11965,45.72
11966,45.72
11967,45.72
11968,45.72
11969,45.72
11970,45.708
11971,45.719
11972,45.676
11973,45.582
11974,45.511
11975,45.481
11976,45.445
11977,45.436
11978,45.487
11979,45.574
11980,45.72
11981,45.72
11982,45.72
11983,45.72
11984,45.72
11985,45.72
11986,45.72
11987,45.72
11988,45.72
11989,45.72
11990,45.72
11991,45.72
11992,45.72
11993,45.72
11994,45.72
11995,45.72
11996,45.72
11997,45.72
11998,45.72
11999,45.72
12000,45.72
12001,45.72
12002,45.72
12003,45.72
12004,45.72
12005,45.72
12006,45.72
12007,45.72
12008,45.72
12009,45.72
12010,45.72
12011,45.72
12012,45.72
12013,45.72
12014,45.72
12015,45.72
12016,45.72
12017,45.72
12018,45.72
12019,45.72
12020,45.72
12021,45.72
12022,45.72
12023,45.72
12024,45.72
12025,45.72
12026,45.72
12027,45.72
12028,45.72
12029,45.72
12030,45.72
12031,45.72
12032,45.72
12033,45.72
12034,45.72
12035,45.72
12036,45.72
12037,45.72
12038,45.72
12039,45.72
12040,45.72
12041,45.72
12042,45.72
12043,45.72
12044,45.72
12045,45.72
12046,45.72
12047,45.72
12048,45.72
12049,45.72
12050,45.72
12051,45.72
12052,45.72
12053,45.72
12054,45.72
12055,45.72
12056,45.72
12057,45.72
12058,45.72
12059,45.72
12060,45.72
12061,45.72
12062,45.72
12063,45.72
12064,45.72
12065,45.72
12066,45.72
12067,45.72
12068,45.72
12069,45.72
12070,45.72
12071,45.72
12072,45.72
12073,45.72
12074,45.72
12075,45.72
12076,45.72
12077,45.72
12078,45.72
12079,45.72
12080,45.72
12081,45.72
12082,45.72
12083,45.72
12084,45.72
12085,45.72
12086,45.72
12087,45.72
12088,45.72
12089,45.72
12090,45.72
12091,45.72
12092,45.72
12093,45.72
12094,45.72
12095,45.72
12096,45.72
12097,45.72
12098,45.72
12099,45.72
12100,45.72
12101,45.72
12102,45.72
12103,45.72
12104,45.72
12105,45.72
12106,45.72
12107,45.72
12108,45.72
12109,45.72
12110,45.72
12111,45.72
12112,45.72
12113,45.72
12114,45.72
12115,45.72
12116,45.72
12117,45.72
12118,45.72
12119,45.72
12120,45.72
12121,45.72
12122,45.72
12123,45.72
12124,45.72
12125,45.72
12126,45.72
12127,45.72
12128,45.72
12129,45.72
12130,45.72
12131,45.72
12132,45.72
12133,45.72
12134,45.72
12135,45.72
12136,45.72
12137,45.72
12138,45.72
12139,45.72
12140,45.72
12141,45.72
12142,45.72
12143,45.72
12144,45.72
12145,45.72
12146,45.72
12147,45.72
12148,45.72
12149,45.72
12150,45.72
12151,45.72
12152,45.72
12153,45.72
12154,45.72
12155,45.72
12156,45.72
12157,45.72
12158,45.72
12159,45.72
12160,45.72
12161,45.72
12162,45.72
12163,45.72
12164,45.72
12165,45.72
12166,45.72
12167,45.72
12168,45.72
12169,45.72
12170,45.72
12171,45.72
12172,45.72
12173,45.72
12174,45.72
12175,45.72
12176,45.72
12177,45.72
12178,45.72
12179,45.72
12180,45.72
12181,45.72
12182,45.72
12183,45.72
12184,45.72
12185,45.72
12186,45.72
12187,45.72
12188,45.72
12189,45.72
12190,45.72
12191,45.72
12192,45.72
12193,45.72
12194,45.72
12195,45.72
12196,45.72
12197,45.72
12198,45.72
12199,45.72
12200,45.72
12201,45.72
12202,45.72
12203,45.72
12204,45.72
12205,45.72
12206,45.72
12207,45.72
12208,45.72
12209,45.72
12210,45.72
12211,45.72
12212,45.72
12213,45.72
12214,45.72
12215,45.72
12216,45.72
12217,45.72
12218,45.72
12219,45.72
12220,45.72
12221,45.72
12222,45.72
12223,45.72
12224,45.72
12225,45.72
12226,45.72
12227,45.72
12228,45.72
12229,45.72
12230,45.72
12231,45.72
12232,45.72
12233,45.72
12234,45.72
12235,45.72
12236,45.72
12237,45.72
12238,45.72
12239,45.72
12240,45.72
12241,45.72
12242,45.72
12243,45.72
12244,45.72
12245,45.72
12246,45.72
12247,45.72
12248,45.72
12249,45.72
12250,45.72
12251,45.72
12252,45.72
12253,45.72
12254,45.72
12255,45.72
12256,45.72
12257,45.72
12258,45.72
12259,45.72
12260,45.72
12261,45.72
12262,45.72
12263,45.72
12264,45.72
12265,45.72
12266,45.72
12267,45.72
12268,45.72
12269,45.72
12270,45.72
12271,45.72
12272,45.72
12273,45.72
12274,45.72
12275,45.72
12276,45.72
12277,45.72
12278,45.72
12279,45.72
12280,45.72
12281,45.72
12282,45.72
12283,45.72
12284,45.72
12285,45.72
12286,45.72
12287,45.72
12288,45.72
12289,45.72
12290,45.72
12291,45.72
12292,45.72
12293,45.72
12294,45.72
12295,45.72
12296,45.72
12297,45.72
12298,45.72
12299,45.72
12300,45.72
12301,45.72
12302,45.72
12303,45.72
12304,45.72
12305,45.72
12306,45.72
12307,45.72
12308,45.704
12309,45.674
12310,45.634
12311,45.579
12312,45.602
12313,45.649
12314,45.72
12315,45.72
12316,45.72
12317,45.72
12318,45.72
12319,45.72
12320,45.72
12321,45.72
12322,45.72
12323,45.72
12324,45.72
12325,45.72
12326,45.72
12327,45.72
12328,45.72
12329,45.72
12330,45.72
12331,45.72
12332,45.72
12333,45.72
12334,45.72
12335,45.72
12336,45.72
12337,45.72
12338,45.72
12339,45.72
12340,45.72
12341,45.72
12342,45.72
12343,45.72
12344,45.72
12345,45.72
12346,45.72
12347,45.72
12348,45.72
12349,45.72
12350,45.72
12351,45.72
12352,45.72
12353,45.72
12354,45.72
12355,45.72
12356,45.72
12357,45.72
12358,45.72
12359,45.72
12360,45.72
12361,45.72
12362,45.72
12363,45.72
12364,45.72
12365,45.72
12366,45.72
12367,45.72
12368,45.72
12369,45.72
12370,45.72
12371,45.72
12372,45.72
12373,45.72
12374,45.72
12375,45.72
12376,45.72
12377,45.72
12378,45.72
12379,45.72
12380,45.72
12381,45.72
12382,45.72
12383,45.72
12384,45.72
12385,45.72
12386,45.72
12387,45.72
12388,45.72
12389,45.72
12390,45.72
12391,45.72
12392,45.72
12393,45.72
12394,45.72
12395,45.72
12396,45.72
12397,45.72
12398,45.72
12399,45.72
12400,45.72
12401,45.72
12402,45.72
12403,45.72
12404,45.72
12405,45.72
12406,45.72
12407,45.72
12408,45.72
12409,45.72
12410,45.72
12411,45.72
12412,45.72
12413,45.72
12414,45.72
12415,45.72
12416,45.72
12417,45.72
12418,45.72
12419,45.72
12420,45.72
12421,45.72
12422,45.72
12423,45.72
12424,45.72
12425,45.72
12426,45.72
12427,45.72
12428,45.72
12429,45.72
12430,45.72
12431,45.72
12432,45.72
12433,45.72
12434,45.72
12435,45.72
12436,45.72
12437,45.72
12438,45.72
12439,45.72
12440,45.72
12441,45.72
12442,45.72
12443,45.72
12444,45.72
12445,45.72
12446,45.72
12447,45.72
12448,45.72
12449,45.72
12450,45.72
12451,45.72
12452,45.72
12453,45.72
12454,45.72
12455,45.72
12456,45.72
12457,45.72
12458,45.72
12459,45.72
12460,45.72
12461,45.72
12462,45.72
12463,45.72
12464,45.72
12465,45.72
12466,45.72
12467,45.72
12468,45.72
12469,45.72
12470,45.72
12471,45.72
12472,45.72
12473,45.72
12474,45.72
12475,45.72
12476,45.72
12477,45.72
12478,45.72
12479,45.72
12480,45.72
12481,45.72
12482,45.72
12483,45.72
12484,45.72
12485,45.72
12486,45.72
12487,45.72
12488,45.72
12489,45.72
12490,45.72
12491,45.72
12492,45.72
12493,45.72
12494,45.72
12495,45.72
12496,45.72
12497,45.72
12498,45.72
12499,45.72
12500,45.72
12501,45.72
12502,45.72
12503,45.72
12504,45.72
12505,45.72
12506,45.72
12507,45.72
12508,45.72
12509,45.72
12510,45.72
12511,45.72
12512,45.72
12513,45.72
12514,45.72
12515,45.72
12516,45.72
12517,45.72
12518,45.72
12519,45.72
12520,45.72
12521,45.72
12522,45.72
12523,45.72
12524,45.72
12525,45.72
12526,45.72
12527,45.72
12528,45.72
12529,45.72
12530,45.72
12531,45.72
12532,45.72
12533,45.72
12534,45.72
12535,45.72
12536,45.72
12537,45.72
12538,45.72
12539,45.72
12540,45.72
12541,45.72
12542,45.72
12543,45.72
12544,45.72
12545,45.72
12546,45.72
12547,45.72
12548,45.72
12549,45.72
12550,45.72
12551,45.72
12552,45.72
12553,45.72
12554,45.72
12555,45.72
12556,45.72
12557,45.72
12558,45.72
12559,45.72
12560,45.72
12561,45.72
12562,45.72
12563,45.72
12564,45.72
12565,45.72
12566,45.72
12567,45.72
12568,45.72
12569,45.72
12570,45.72
12571,45.72
12572,45.72
12573,45.72
12574,45.72
12575,45.72
12576,45.72
12577,45.72
12578,45.72
12579,45.72
12580,45.72
12581,45.72
12582,45.72
12583,45.72
12584,45.72
12585,45.72
12586,45.72
12587,45.72
12588,45.72
12589,45.72
12590,45.72
12591,45.72
12592,45.72
12593,45.72
12594,45.72
12595,45.72
12596,45.72
12597,45.72
12598,45.72
12599,45.72
12600,45.72
12601,45.72
12602,45.72
12603,45.72
12604,45.72
12605,45.72
12606,45.72
12607,45.72
12608,45.72
12609,45.72
12610,45.72
12611,45.72
12612,45.72
12613,45.72
12614,45.72
12615,45.72
12616,45.72
12617,45.72
12618,45.72
12619,45.72
12620,45.72
12621,45.72
12622,45.72
12623,45.72
12624,45.72
12625,45.72
12626,45.72
12627,45.72
12628,45.72
12629,45.72
12630,45.72
12631,45.72
12632,45.72
12633,45.72
12634,45.72
12635,45.72
12636,45.72
12637,45.72
12638,45.72
12639,45.72
12640,45.72
12641,45.72
12642,45.72
12643,45.72
12644,45.702
12645,45.667
12646,45.679
12647,45.686
12648,45.715
12649,45.72
12650,45.72
12651,45.72
12652,45.72
12653,45.72
12654,45.72
12655,45.72
12656,45.72
12657,45.72
12658,45.72
12659,45.72
12660,45.72
12661,45.72
12662,45.72
12663,45.72
12664,45.72
12665,45.72
12666,45.72
12667,45.72
12668,45.72
12669,45.72
12670,45.72
12671,45.72
12672,45.72
12673,45.72
12674,45.72
12675,45.72
12676,45.72
12677,45.72
12678,45.72
12679,45.72
12680,45.72
12681,45.72
12682,45.72
12683,45.72
12684,45.72
12685,45.72
12686,45.72
12687,45.72
12688,45.72
12689,45.72
12690,45.72
12691,45.72
12692,45.72
12693,45.72
12694,45.72
12695,45.72
12696,45.72
12697,45.72
12698,45.72
12699,45.72
12700,45.72
12701,45.72
12702,45.72
12703,45.72
12704,45.72
12705,45.72
12706,45.72
12707,45.72
12708,45.72
12709,45.72
12710,45.72
12711,45.72
12712,45.72
12713,45.72
12714,45.72
12715,45.72
12716,45.72
12717,45.72
12718,45.72
12719,45.72
12720,45.72
12721,45.72
12722,45.72
12723,45.72
12724,45.72
12725,45.72
12726,45.72
12727,45.72
12728,45.72
12729,45.72
12730,45.72
12731,45.72
12732,45.72
12733,45.72
12734,45.72
12735,45.72
12736,45.72
12737,45.72
12738,45.72
12739,45.72
12740,45.72
12741,45.72
12742,45.72
12743,45.72
12744,45.72
12745,45.72
12746,45.72
12747,45.72
12748,45.72
12749,45.72
12750,45.72
12751,45.72
12752,45.72
12753,45.72
12754,45.72
12755,45.72
12756,45.72
12757,45.72
12758,45.72
12759,45.72
12760,45.72
12761,45.72
12762,45.72
12763,45.72
12764,45.72
12765,45.72
12766,45.72
12767,45.72
12768,45.72
12769,45.72
12770,45.72
12771,45.72
12772,45.72
12773,45.72
12774,45.72
12775,45.72
12776,45.72
12777,45.72
12778,45.72
12779,45.72
12780,45.72
12781,45.72
12782,45.72
12783,45.72
12784,45.72
12785,45.72
12786,45.72
12787,45.72
12788,45.72
12789,45.72
12790,45.72
12791,45.72
12792,45.72
12793,45.72
12794,45.72
12795,45.72
12796,45.72
12797,45.72
12798,45.72
12799,45.72
12800,45.72
12801,45.72
12802,45.72
12803,45.72
12804,45.72
12805,45.72
12806,45.72
12807,45.72
12808,45.72
12809,45.72
12810,45.72
12811,45.72
12812,45.72
12813,45.72
12814,45.72
12815,45.72
12816,45.72
12817,45.72
12818,45.72
12819,45.72
12820,45.72
12821,45.72
12822,45.72
12823,45.72
12824,45.72
12825,45.72
12826,45.72
12827,45.72
12828,45.72
12829,45.72
12830,45.72
12831,45.72
12832,45.72
12833,45.72
12834,45.72
12835,45.72
12836,45.72
12837,45.72
12838,45.72
12839,45.72
12840,45.72
12841,45.72
12842,45.72
12843,45.72
12844,45.72
12845,45.72
12846,45.72
12847,45.72
12848,45.72
12849,45.72
12850,45.72
12851,45.72
12852,45.72
12853,45.72
12854,45.72
12855,45.72
12856,45.72
12857,45.72
12858,45.72
12859,45.72
12860,45.72
12861,45.72
12862,45.72
12863,45.72
12864,45.72
12865,45.72
12866,45.72
12867,45.72
12868,45.72
12869,45.72
12870,45.72
12871,45.72
12872,45.72
12873,45.72
12874,45.72
12875,45.72
12876,45.72
12877,45.72
12878,45.72
12879,45.72
12880,45.72
12881,45.72
12882,45.72
12883,45.72
12884,45.72
12885,45.72
12886,45.72
12887,45.72
12888,45.72
12889,45.72
12890,45.72
12891,45.72
12892,45.72
12893,45.72
12894,45.72
12895,45.72
12896,45.72
12897,45.72
12898,45.72
12899,45.72
12900,45.72
12901,45.72
12902,45.72
12903,45.72
12904,45.72
12905,45.72
12906,45.72
12907,45.72
12908,45.72
12909,45.72
12910,45.72
12911,45.72
12912,45.72
12913,45.72
12914,45.72
12915,45.72
12916,45.72
12917,45.72
12918,45.72
12919,45.72
12920,45.72
12921,45.72
12922,45.72
12923,45.72
12924,45.72
12925,45.72
12926,45.72
12927,45.72
12928,45.72
12929,45.72
12930,45.72
12931,45.72
12932,45.72
12933,45.72
12934,45.72
12935,45.72
12936,45.72
12937,45.72
12938,45.72
12939,45.72
12940,45.72
12941,45.72
12942,45.72
12943,45.72
12944,45.72
12945,45.72
12946,45.72
12947,45.72
12948,45.72
12949,45.72
12950,45.72
12951,45.72
12952,45.72
12953,45.72
12954,45.72
12955,45.72
12956,45.72
12957,45.72
12958,45.72
12959,45.72
12960,45.72
12961,45.72
12962,45.72
12963,45.72
12964,45.72
12965,45.72
12966,45.72
12967,45.72
12968,45.72
12969,45.72
12970,45.72
12971,45.72
12972,45.72
12973,45.72
12974,45.72
12975,45.72
12976,45.72
12977,45.72
12978,45.72
12979,45.72
12980,45.72
12981,45.72
12982,45.72
12983,45.72
12984,45.72
12985,45.72
12986,45.72
12987,45.72
12988,45.72
12989,45.72
12990,45.72
12991,45.72
12992,45.72
12993,45.72
12994,45.72
12995,45.72
12996,45.72
12997,45.72
12998,45.72
12999,45.72
13000,45.72
13001,45.72
13002,45.72
13003,45.72
13004,45.72
13005,45.72
13006,45.72
13007,45.72
13008,45.72
13009,45.72
13010,45.72
13011,45.72
13012,45.72
13013,45.72
13014,45.72
13015,45.72
13016,45.72
13017,45.72
13018,45.72
13019,45.72
13020,45.72
13021,45.72
13022,45.72
13023,45.72
13024,45.72
13025,45.72
13026,45.72
13027,45.72
13028,45.72
13029,45.72
13030,45.72
13031,45.72
13032,45.72
13033,45.72
13034,45.72
13035,45.72
13036,45.72
13037,45.72
13038,45.72
13039,45.72
13040,45.72
13041,45.72
13042,45.72
13043,45.72
13044,45.72
13045,45.72
13046,45.72
13047,45.72
13048,45.72
13049,45.72
13050,45.72
13051,45.72
13052,45.72
13053,45.72
13054,45.72
13055,45.72
13056,45.72
13057,45.72
13058,45.72
13059,45.72
13060,45.72
13061,45.72
13062,45.72
13063,45.72
13064,45.72
13065,45.72
13066,45.72
13067,45.72
13068,45.72
13069,45.72
13070,45.72
13071,45.72
13072,45.72
13073,45.72
13074,45.72
13075,45.72
13076,45.72
13077,45.72
13078,45.72
13079,45.72
13080,45.72
13081,45.72
13082,45.72
13083,45.72
13084,45.72
13085,45.72
13086,45.72
13087,45.72
13088,45.72
13089,45.72
13090,45.72
13091,45.72
13092,45.72
13093,45.72
13094,45.72
13095,45.72
13096,45.72
13097,45.72
13098,45.72
13099,45.72
13100,45.72
13101,45.72
13102,45.72
13103,45.72
13104,45.72
13105,45.72
13106,45.72
13107,45.72
13108,45.72
13109,45.72
13110,45.72
13111,45.72
13112,45.72
13113,45.72
13114,45.72
13115,45.72
13116,45.72
13117,45.72
13118,45.72
13119,45.72
13120,45.72
13121,45.72
13122,45.72
13123,45.72
13124,45.72
13125,45.72
13126,45.72
13127,45.72
13128,45.72
13129,45.72
13130,45.72
13131,45.72
13132,45.72
13133,45.72
13134,45.72
13135,45.72
13136,45.72
13137,45.72
13138,45.72
13139,45.72
13140,45.72
13141,45.72
13142,45.72
13143,45.72
13144,45.72
13145,45.72
13146,45.72
13147,45.72
13148,45.72
13149,45.72
13150,45.72
13151,45.72
13152,45.72
13153,45.72
13154,45.72
13155,45.72
13156,45.72
13157,45.72
13158,45.72
13159,45.72
13160,45.72
13161,45.72
13162,45.72
13163,45.72
13164,45.72
13165,45.72
13166,45.72
13167,45.72
13168,45.72
13169,45.72
13170,45.72
13171,45.72
13172,45.72
13173,45.72
13174,45.72
13175,45.72
13176,45.72
13177,45.72
13178,45.72
13179,45.72
13180,45.72
13181,45.72
13182,45.72
13183,45.72
13184,45.72
13185,45.72
13186,45.72
13187,45.72
13188,45.72
13189,45.72
13190,45.72
13191,45.72
13192,45.72
13193,45.72
13194,45.72
13195,45.72
13196,45.72
13197,45.72
13198,45.72
13199,45.72
13200,45.72
13201,45.72
13202,45.72
13203,45.72
13204,45.72
13205,45.72
13206,45.72
13207,45.72
13208,45.72
13209,45.72
13210,45.72
13211,45.72
13212,45.72
13213,45.72
13214,45.72
13215,45.72
13216,45.72
13217,45.72
13218,45.72
13219,45.72
13220,45.72
13221,45.72
13222,45.72
13223,45.72
13224,45.72
13225,45.72
13226,45.72
13227,45.72
13228,45.72
13229,45.72
13230,45.72
13231,45.72
13232,45.72
13233,45.72
13234,45.72
13235,45.72
13236,45.72
13237,45.72
13238,45.72
13239,45.72
13240,45.72
13241,45.72
13242,45.72
13243,45.72
13244,45.72
13245,45.72
13246,45.72
13247,45.72
13248,45.72
13249,45.72
13250,45.72
13251,45.72
13252,45.72
13253,45.72
13254,45.72
13255,45.72
13256,45.72
13257,45.72
13258,45.72
13259,45.72
13260,45.72
13261,45.72
13262,45.72
13263,45.72
13264,45.72
13265,45.72
13266,45.72
13267,45.72
13268,45.72
13269,45.72
13270,45.72
13271,45.72
13272,45.72
13273,45.72
13274,45.72
13275,45.72
13276,45.72
13277,45.72
13278,45.72
13279,45.72
13280,45.72
13281,45.72
13282,45.72
13283,45.72
13284,45.72
13285,45.72
13286,45.72
13287,45.72
13288,45.72
13289,45.72
13290,45.72
13291,45.72
13292,45.72
13293,45.72
13294,45.72
13295,45.72
13296,45.72
13297,45.72
13298,45.72
13299,45.72
13300,45.72
13301,45.72
13302,45.72
13303,45.72
13304,45.72
13305,45.72
13306,45.72
13307,45.72
13308,45.72
13309,45.72
13310,45.72
13311,45.72
13312,45.72
13313,45.72
13314,45.72
13315,45.72
13316,45.72
13317,45.72
13318,45.72
13319,45.72
13320,45.72
13321,45.72
13322,45.72
13323,45.72
13324,45.72
13325,45.72
13326,45.72
13327,45.72
13328,45.72
13329,45.72
13330,45.72
13331,45.72
13332,45.72
13333,45.72
13334,45.72
13335,45.72
13336,45.72
13337,45.72
13338,45.72
13339,45.72
13340,45.72
13341,45.72
13342,45.72
13343,45.72
13344,45.72
13345,45.72
13346,45.72
13347,45.72
13348,45.72
13349,45.72
13350,45.72
13351,45.72
13352,45.72
13353,45.72
13354,45.72
13355,45.72
13356,45.72
13357,45.72
13358,45.72
13359,45.72
13360,45.72
13361,45.72
13362,45.72
13363,45.72
13364,45.72
13365,45.72
13366,45.72
13367,45.72
13368,45.72
13369,45.72
13370,45.72
13371,45.72
13372,45.72
13373,45.72
13374,45.72
13375,45.72
13376,45.72
13377,45.72
13378,45.72
13379,45.72
13380,45.72
13381,45.72
13382,45.72
13383,45.72
13384,45.72
13385,45.72
13386,45.72
13387,45.72
13388,45.72
13389,45.72
13390,45.72
13391,45.72
13392,45.72
13393,45.72
13394,45.72
13395,45.72
13396,45.72
13397,45.72
13398,45.72
13399,45.72
13400,45.72
13401,45.72
13402,45.72
13403,45.72
13404,45.72
13405,45.72
13406,45.72
13407,45.72
13408,45.72
13409,45.72
13410,45.72
13411,45.72
13412,45.72
13413,45.72
13414,45.72
13415,45.72
13416,45.72
13417,45.72
13418,45.72
13419,45.72
13420,45.72
13421,45.72
13422,45.72
13423,45.72
13424,45.72
13425,45.72
13426,45.72
13427,45.72
13428,45.72
13429,45.72
13430,45.72
13431,45.72
13432,45.72
13433,45.72
13434,45.72
13435,45.72
13436,45.72
13437,45.72
13438,45.72
13439,45.72
13440,45.72
13441,45.72
13442,45.72
13443,45.72
13444,45.72
13445,45.72
13446,45.72
13447,45.72
13448,45.72
13449,45.72
13450,45.72
13451,45.72
13452,45.72
13453,45.72
13454,45.72
13455,45.72
13456,45.72
13457,45.72
13458,45.72
13459,45.72
13460,45.72
13461,45.72
13462,45.72
13463,45.72
13464,45.72
13465,45.72
13466,45.72
13467,45.72
13468,45.72
13469,45.72
13470,45.72
13471,45.72
13472,45.72
13473,45.72
13474,45.72
13475,45.72
13476,45.72
13477,45.72
13478,45.72
13479,45.72
13480,45.72
13481,45.72
13482,45.72
13483,45.72
13484,45.72
13485,45.72
13486,45.72
13487,45.72
13488,45.72
13489,45.72
13490,45.72
13491,45.72
13492,45.72
13493,45.72
13494,45.72
13495,45.72
13496,45.72
13497,45.72
13498,45.72
13499,45.72
13500,45.72
13501,45.72
13502,45.72
13503,45.72
13504,45.72
13505,45.72
13506,45.72
13507,45.72
13508,45.72
13509,45.72
13510,45.72
13511,45.72
13512,45.72
13513,45.72
13514,45.72
13515,45.72
13516,45.72
13517,45.72
13518,45.72
13519,45.72
13520,45.72
13521,45.72
13522,45.72
13523,45.72
13524,45.72
13525,45.72
13526,45.72
13527,45.72
13528,45.72
13529,45.72
13530,45.72
13531,45.72
13532,45.72
13533,45.72
13534,45.72
13535,45.72
13536,45.72
13537,45.72
13538,45.72
13539,45.72
13540,45.72
13541,45.72
13542,45.72
13543,45.72
13544,45.72
13545,45.72
13546,45.72
13547,45.72
13548,45.72
13549,45.72
13550,45.72
13551,45.72
13552,45.72
13553,45.72
13554,45.72
13555,45.72
13556,45.72
13557,45.72
13558,45.72
13559,45.72
13560,45.72
13561,45.72
13562,45.72
13563,45.72
13564,45.72
13565,45.72
13566,45.72
13567,45.72
13568,45.72
13569,45.72
13570,45.72
13571,45.72
13572,45.72
13573,45.72
13574,45.72
13575,45.72
13576,45.72
13577,45.72
13578,45.72
13579,45.72
13580,45.72
13581,45.72
13582,45.72
13583,45.72
13584,45.72
13585,45.72
13586,45.72
13587,45.72
13588,45.72
13589,45.72
13590,45.72
13591,45.72
13592,45.72
13593,45.72
13594,45.72
13595,45.72
13596,45.72
13597,45.72
13598,45.72
13599,45.72
13600,45.72
13601,45.72
13602,45.72
13603,45.72
13604,45.72
13605,45.72
13606,45.72
13607,45.72
13608,45.72
13609,45.72
13610,45.72
13611,45.72
13612,45.72
13613,45.72
13614,45.72
13615,45.72
13616,45.72
13617,45.72
13618,45.72
13619,45.72
13620,45.72
13621,45.72
13622,45.72
13623,45.72
13624,45.72
13625,45.72
13626,45.72
13627,45.72
13628,45.72
13629,45.72
13630,45.72
13631,45.72
13632,45.72
13633,45.72
13634,45.72
13635,45.72
13636,45.72
13637,45.72
13638,45.72
13639,45.72
13640,45.72
13641,45.72
13642,45.72
13643,45.72
13644,45.72
13645,45.72
13646,45.72
13647,45.72
13648,45.72
13649,45.72
13650,45.72
13651,45.72
13652,45.72
13653,45.72
13654,45.72
13655,45.72
13656,45.72
13657,45.72
13658,45.72
13659,45.72
13660,45.72
13661,45.72
13662,45.72
13663,45.72
13664,45.72
13665,45.72
13666,45.72
13667,45.72
13668,45.72
13669,45.72
13670,45.72
13671,45.72
13672,45.72
13673,45.72
13674,45.72
13675,45.72
13676,45.72
13677,45.72
13678,45.72
13679,45.72
13680,45.72
13681,45.72
13682,45.72
13683,45.72
13684,45.72
13685,45.72
13686,45.72
13687,45.72
13688,45.72
13689,45.72
13690,45.72
13691,45.72
13692,45.72
13693,45.72
13694,45.72
13695,45.72
13696,45.72
13697,45.72
13698,45.72
13699,45.72
13700,45.72
13701,45.72
13702,45.72
13703,45.72
13704,45.72
13705,45.72
13706,45.72
13707,45.72
13708,45.72
13709,45.72
13710,45.72
13711,45.72
13712,45.72
13713,45.72
13714,45.72
13715,45.72
13716,45.72
13717,45.72
13718,45.72
13719,45.72
13720,45.72
13721,45.72
13722,45.72
13723,45.72
13724,45.72
13725,45.72
13726,45.72
13727,45.72
13728,45.72
13729,45.72
13730,45.72
13731,45.72
13732,45.72
13733,45.72
13734,45.72
13735,45.72
13736,45.72
13737,45.72
13738,45.72
13739,45.72
13740,45.72
13741,45.72
13742,45.72
13743,45.72
13744,45.72
13745,45.72
13746,45.72
13747,45.72
13748,45.72
13749,45.72
13750,45.72
13751,45.72
13752,45.72
13753,45.72
13754,45.72
13755,45.72
13756,45.72
13757,45.72
13758,45.72
13759,45.72
13760,45.72
13761,45.72
13762,45.72
13763,45.72
13764,45.72
13765,45.72
13766,45.72
13767,45.72
13768,45.72
13769,45.72
13770,45.72
13771,45.72
13772,45.72
13773,45.72
13774,45.72
13775,45.72
13776,45.72
13777,45.72
13778,45.72
13779,45.72
13780,45.72
13781,45.72
13782,45.72
13783,45.72
13784,45.72
13785,45.72
13786,45.72
13787,45.72
13788,45.72
13789,45.72
13790,45.72
13791,45.72
13792,45.72
13793,45.72
13794,45.72
13795,45.72
13796,45.72
13797,45.72
13798,45.72
13799,45.72
13800,45.72
13801,45.72
13802,45.72
13803,45.72
13804,45.72
13805,45.72
13806,45.72
13807,45.72
13808,45.72
13809,45.72
13810,45.72
13811,45.72
13812,45.72
13813,45.72
13814,45.72
13815,45.72
13816,45.72
13817,45.72
13818,45.72
13819,45.72
13820,45.72
13821,45.72
13822,45.72
13823,45.72
13824,45.72
13825,45.72
13826,45.72
13827,45.72
13828,45.72
13829,45.72
13830,45.72
13831,45.72
13832,45.72
13833,45.72
13834,45.72
13835,45.72
13836,45.72
13837,45.72
13838,45.72
13839,45.72
13840,45.72
13841,45.72
13842,45.72
13843,45.72
13844,45.72
13845,45.72
13846,45.72
13847,45.72
13848,45.72
13849,45.72
13850,45.72
13851,45.72
13852,45.72
13853,45.72
13854,45.72
13855,45.72
13856,45.72
13857,45.72
13858,45.72
13859,45.72
13860,45.72
13861,45.72
13862,45.72
13863,45.72
13864,45.72
13865,45.72
13866,45.72
13867,45.72
13868,45.72
13869,45.72
13870,45.72
13871,45.72
13872,45.72
13873,45.72
13874,45.72
13875,45.72
13876,45.72
13877,45.72
13878,45.72
13879,45.72
13880,45.72
13881,45.72
13882,45.72
13883,45.72
13884,45.72
13885,45.72
13886,45.72
13887,45.72
13888,45.72
13889,45.72
13890,45.72
13891,45.72
13892,45.72
13893,45.72
13894,45.72
13895,45.72
13896,45.72
13897,45.72
13898,45.72
13899,45.72
13900,45.72
13901,45.72
13902,45.72
13903,45.72
13904,45.72
13905,45.72
13906,45.72
13907,45.72
13908,45.72
13909,45.72
13910,45.72
13911,45.72
13912,45.72
13913,45.72
13914,45.72
13915,45.72
13916,45.72
13917,45.72
13918,45.72
13919,45.72
13920,45.72
13921,45.72
13922,45.72
13923,45.72
13924,45.72
13925,45.72
13926,45.72
13927,45.72
13928,45.72
13929,45.72
13930,45.72
13931,45.72
13932,45.72
13933,45.72
13934,45.72
13935,45.72
13936,45.72
13937,45.72
13938,45.72
13939,45.72
13940,45.72
13941,45.72
13942,45.72
13943,45.72
13944,45.72
13945,45.72
13946,45.72
13947,45.72
13948,45.72
13949,45.72
13950,45.72
13951,45.72
13952,45.72
13953,45.72
13954,45.72
13955,45.72
13956,45.72
13957,45.72
13958,45.72
13959,45.72
13960,45.72
13961,45.72
13962,45.72
13963,45.72
13964,45.72
13965,45.72
13966,45.72
13967,45.72
13968,45.72
13969,45.72
13970,45.72
13971,45.72
13972,45.72
13973,45.72
13974,45.72
13975,45.72
13976,45.72
13977,45.72
13978,45.72
13979,45.72
13980,45.72
13981,45.72
13982,45.72
13983,45.72
13984,45.72
13985,45.72
13986,45.72
13987,45.72
13988,45.72
13989,45.72
13990,45.72
13991,45.72
13992,45.72
13993,45.72
13994,45.72
13995,45.72
13996,45.72
13997,45.72
13998,45.72
13999,45.72
14000,45.72
14001,45.72
14002,45.72
14003,45.72
14004,45.72
14005,45.72
14006,45.72
14007,45.72
14008,45.72
14009,45.72
14010,45.72
14011,45.72
14012,45.72
14013,45.72
14014,45.72
14015,45.72
14016,45.72
14017,45.72
14018,45.72
14019,45.72
14020,45.72
14021,45.72
14022,45.72
14023,45.72
14024,45.72
14025,45.72
14026,45.72
14027,45.72
14028,45.72
14029,45.72
14030,45.72
14031,45.72
14032,45.72
14033,45.72
14034,45.72
14035,45.72
14036,45.72
14037,45.72
14038,45.72
14039,45.72
14040,45.72
14041,45.72
14042,45.72
14043,45.72
14044,45.72
14045,45.72
14046,45.72
14047,45.72
14048,45.72
14049,45.72
14050,45.72
14051,45.72
14052,45.72
14053,45.72
14054,45.72
14055,45.72
14056,45.72
14057,45.72
14058,45.72
14059,45.72
14060,45.72
14061,45.72
14062,45.72
14063,45.72
14064,45.72
14065,45.72
14066,45.72
14067,45.72
14068,45.72
14069,45.72
14070,45.72
14071,45.72
14072,45.72
14073,45.72
14074,45.72
14075,45.72
14076,45.72
14077,45.72
14078,45.72
14079,45.72
14080,45.72
14081,45.72
14082,45.72
14083,45.72
14084,45.72
14085,45.72
14086,45.72
14087,45.72
14088,45.72
14089,45.72
14090,45.72
14091,45.72
14092,45.72
14093,45.72
14094,45.72
14095,45.72
14096,45.72
14097,45.72
14098,45.72
14099,45.72
14100,45.72
14101,45.72
14102,45.72
14103,45.72
14104,45.72
14105,45.72
14106,45.72
14107,45.72
14108,45.72
14109,45.72
14110,45.72
14111,45.72
14112,45.72
14113,45.72
14114,45.72
14115,45.72
14116,45.72
14117,45.72
14118,45.72
14119,45.72
14120,45.72
14121,45.72
14122,45.72
14123,45.72
14124,45.72
14125,45.72
14126,45.72
14127,45.72
14128,45.72
14129,45.72
14130,45.72
14131,45.72
14132,45.72
14133,45.72
14134,45.72
14135,45.72
14136,45.72
14137,45.72
14138,45.72
14139,45.72
14140,45.72
14141,45.72
14142,45.72
14143,45.72
14144,45.72
14145,45.72
14146,45.72
14147,45.72
14148,45.72
14149,45.72
14150,45.72
14151,45.72
14152,45.72
14153,45.72
14154,45.72
14155,45.72
14156,45.72
14157,45.72
14158,45.72
14159,45.72
14160,45.72
14161,45.72
14162,45.72
14163,45.72
14164,45.72
14165,45.72
14166,45.72
14167,45.72
14168,45.72
14169,45.72
14170,45.72
14171,45.72
14172,45.72
14173,45.72
14174,45.72
14175,45.72
14176,45.72
14177,45.72
14178,45.72
14179,45.72
14180,45.72
14181,45.72
14182,45.72
14183,45.72
14184,45.72
14185,45.72
14186,45.72
14187,45.72
14188,45.72
14189,45.72
14190,45.72
14191,45.72
14192,45.72
14193,45.72
14194,45.72
14195,45.72
14196,45.72
14197,45.72
14198,45.72
14199,45.72
14200,45.72
14201,45.72
14202,45.72
14203,45.72
14204,45.72
14205,45.72
14206,45.72
14207,45.72
14208,45.72
14209,45.72
14210,45.72
14211,45.72
14212,45.72
14213,45.72
14214,45.72
14215,45.72
14216,45.72
14217,45.72
14218,45.72
14219,45.72
14220,45.72
14221,45.72
14222,45.72
14223,45.72
14224,45.72
14225,45.72
14226,45.72
14227,45.72
14228,45.72
14229,45.72
14230,45.72
14231,45.72
14232,45.72
14233,45.72
14234,45.72
14235,45.72
14236,45.72
14237,45.72
14238,45.72
14239,45.72
14240,45.72
14241,45.72
14242,45.72
14243,45.72
14244,45.72
14245,45.72
14246,45.72
14247,45.72
14248,45.72
14249,45.72
14250,45.72
14251,45.72
14252,45.72
14253,45.72
14254,45.72
14255,45.72
14256,45.72
14257,45.72
14258,45.72
14259,45.72
14260,45.72
14261,45.72
14262,45.72
14263,45.72
14264,45.72
14265,45.72
14266,45.72
14267,45.72
14268,45.72
14269,45.72
14270,45.72
14271,45.72
14272,45.72
14273,45.72
14274,45.72
14275,45.72
14276,45.72
14277,45.72
14278,45.72
14279,45.72
14280,45.72
14281,45.72
14282,45.72
14283,45.72
14284,45.72
14285,45.72
14286,45.72
14287,45.72
14288,45.72
14289,45.72
14290,45.72
14291,45.72
14292,45.72
14293,45.72
14294,45.72
14295,45.72
14296,45.72
14297,45.72
14298,45.72
14299,45.72
14300,45.72
14301,45.72
14302,45.72
14303,45.72
14304,45.72
14305,45.72
14306,45.72
14307,45.72
14308,45.72
14309,45.72
14310,45.72
14311,45.72
14312,45.72
14313,45.72
14314,45.72
14315,45.72
14316,45.72
14317,45.72
14318,45.72
14319,45.72
14320,45.72
14321,45.72
14322,45.72
14323,45.72
14324,45.72
14325,45.72
14326,45.72
14327,45.72
14328,45.72
14329,45.72
14330,45.72
14331,45.72
14332,45.72
14333,45.72
14334,45.72
14335,45.72
14336,45.72
14337,45.72
14338,45.72
14339,45.72
14340,45.72
14341,45.72
14342,45.72
14343,45.72
14344,45.72
14345,45.72
14346,45.72
14347,45.72
14348,45.72
14349,45.72
14350,45.72
14351,45.72
14352,45.72
14353,45.72
14354,45.72
14355,45.72
14356,45.72
14357,45.72
14358,45.72
14359,45.72
14360,45.72
14361,45.72
14362,45.72
14363,45.72
14364,45.72
14365,45.72
14366,45.72
14367,45.72
14368,45.72
14369,45.72
14370,45.72
14371,45.72
14372,45.72
14373,45.72
14374,45.72
14375,45.72
14376,45.72
14377,45.72
14378,45.72
14379,45.72
14380,45.72
14381,45.72
14382,45.72
14383,45.72
14384,45.72
14385,45.72
14386,45.72
14387,45.72
14388,45.72
14389,45.72
14390,45.72
14391,45.72
14392,45.72
14393,45.72
14394,45.72
14395,45.72
14396,45.72
14397,45.72
14398,45.72
14399,45.72
14400,45.72
14401,45.72
14402,45.72
14403,45.72
14404,45.72
14405,45.72
14406,45.72
14407,45.72
14408,45.72
14409,45.72
14410,45.72
14411,45.72
14412,45.72
14413,45.72
14414,45.72
14415,45.72
14416,45.72
14417,45.72
14418,45.72
14419,45.72
14420,45.72
14421,45.72
14422,45.72
14423,45.72
14424,45.72
14425,45.72
14426,45.72
14427,45.72
14428,45.72
14429,45.72
14430,45.72
14431,45.72
14432,45.72
14433,45.72
14434,45.72
14435,45.72
14436,45.72
14437,45.72
14438,45.72
14439,45.72
14440,45.72
14441,45.72
14442,45.72
14443,45.72
14444,45.72
14445,45.72
14446,45.72
14447,45.72
14448,45.72
14449,45.72
14450,45.72
14451,45.72
14452,45.72
14453,45.72
14454,45.72
14455,45.72
14456,45.72
14457,45.72
14458,45.72
14459,45.72
14460,45.72
14461,45.72
14462,45.72
14463,45.72
14464,45.72
14465,45.72
14466,45.72
14467,45.72
14468,45.72
14469,45.72
14470,45.72
14471,45.72
14472,45.72
14473,45.72
14474,45.72
14475,45.72
14476,45.72
14477,45.72
14478,45.72
14479,45.72
14480,45.72
14481,45.72
14482,45.72
14483,45.72
14484,45.72
14485,45.72
14486,45.72
14487,45.72
14488,45.72
14489,45.72
14490,45.72
14491,45.72
14492,45.72
14493,45.72
14494,45.72
14495,45.72
14496,45.72
14497,45.72
14498,45.72
14499,45.72
14500,45.72
14501,45.72
14502,45.72
14503,45.72
14504,45.72
14505,45.72
14506,45.72
14507,45.72
14508,45.72
14509,45.72
14510,45.72
14511,45.72
14512,45.72
14513,45.72
14514,45.72
14515,45.72
14516,45.72
14517,45.72
14518,45.72
14519,45.72
14520,45.72
14521,45.72
14522,45.72
14523,45.72
14524,45.72
14525,45.72
14526,45.72
14527,45.72
14528,45.72
14529,45.72
14530,45.72
14531,45.72
14532,45.72
14533,45.72
14534,45.72
14535,45.72
14536,45.72
14537,45.72
14538,45.72
14539,45.72
14540,45.72
14541,45.72
14542,45.72
14543,45.72
14544,45.72
14545,45.72
14546,45.72
14547,45.72
14548,45.72
14549,45.72
14550,45.72
14551,45.72
14552,45.72
14553,45.72
14554,45.72
14555,45.72
14556,45.72
14557,45.72
14558,45.72
14559,45.72
14560,45.72
14561,45.72
14562,45.72
14563,45.72
14564,45.72
14565,45.72
14566,45.72
14567,45.72
14568,45.72
14569,45.72
14570,45.72
14571,45.72
14572,45.72
14573,45.72
14574,45.72
14575,45.72
14576,45.72
14577,45.72
14578,45.72
14579,45.72
14580,45.72
14581,45.72
14582,45.72
14583,45.72
14584,45.72
14585,45.72
14586,45.72
14587,45.72
14588,45.72
14589,45.72
14590,45.72
14591,45.72
14592,45.72
14593,45.72
14594,45.72
14595,45.72
14596,45.72
14597,45.72
14598,45.72
14599,45.72
14600,45.72
14601,45.72
14602,45.72
14603,45.72
14604,45.72
14605,45.72
14606,45.72
14607,45.72
14608,45.72
14609,45.72
14610,45.72
14611,45.72
14612,45.72
14613,45.72
14614,45.72
14615,45.72
14616,45.72
14617,45.72
14618,45.72
14619,45.72
14620,45.72
14621,45.72
14622,45.72
14623,45.72
14624,45.72
14625,45.72
14626,45.72
14627,45.72
14628,45.72
14629,45.72
14630,45.72
14631,45.72
14632,45.72
14633,45.72
14634,45.72
14635,45.72
14636,45.72
14637,45.72
14638,45.72
14639,45.72
14640,45.72
14641,45.72
14642,45.72
14643,45.72
14644,45.72
14645,45.72
14646,45.72
14647,45.72
14648,45.72
14649,45.72
14650,45.72
14651,45.72
14652,45.72
14653,45.72
14654,45.72
14655,45.72
14656,45.72
14657,45.72
14658,45.72
14659,45.72
14660,45.72
14661,45.72
14662,45.72
14663,45.72
14664,45.72
14665,45.72
14666,45.72
14667,45.72
14668,45.72
14669,45.72
14670,45.72
14671,45.72
14672,45.72
14673,45.72
14674,45.72
14675,45.72
14676,45.72
14677,45.72
14678,45.72
14679,45.72
14680,45.72
14681,45.72
14682,45.72
14683,45.72
14684,45.72
14685,45.72
14686,45.72
14687,45.72
14688,45.72
14689,45.72
14690,45.72
14691,45.72
14692,45.72
14693,45.72
14694,45.72
14695,45.72
14696,45.72
14697,45.72
14698,45.72
14699,45.72
14700,45.72
14701,45.72
14702,45.72
14703,45.72
14704,45.72
14705,45.72
14706,45.72
14707,45.72
14708,45.72
14709,45.72
14710,45.72
14711,45.72
14712,45.72
14713,45.72
14714,45.72
14715,45.72
14716,45.72
14717,45.72
14718,45.72
14719,45.72
14720,45.72
14721,45.72
14722,45.72
14723,45.72
14724,45.72
14725,45.72
14726,45.72
14727,45.72
14728,45.72
14729,45.72
14730,45.72
14731,45.72
14732,45.72
14733,45.72
14734,45.72
14735,45.72
14736,45.72
14737,45.72
14738,45.72
14739,45.72
14740,45.72
14741,45.72
14742,45.72
14743,45.72
14744,45.72
14745,45.72
14746,45.72
14747,45.72
14748,45.72
14749,45.72
14750,45.72
14751,45.72
14752,45.72
14753,45.72
14754,45.72
14755,45.72
14756,45.72
14757,45.72
14758,45.72
14759,45.72
14760,45.72
14761,45.72
14762,45.72
14763,45.72
14764,45.72
14765,45.72
14766,45.72
14767,45.72
14768,45.72
14769,45.72
14770,45.72
14771,45.72
14772,45.72
14773,45.72
14774,45.72
14775,45.72
14776,45.72
14777,45.72
14778,45.72
14779,45.72
14780,45.72
14781,45.72
14782,45.72
14783,45.72
14784,45.72
14785,45.72
14786,45.72
14787,45.72
14788,45.72
14789,45.72
14790,45.72
14791,45.72
14792,45.72
14793,45.72
14794,45.72
14795,45.72
14796,45.72
14797,45.72
14798,45.72
14799,45.72
14800,45.72
14801,45.72
14802,45.72
14803,45.72
14804,45.72
14805,45.72
14806,45.72
14807,45.72
14808,45.72
14809,45.72
14810,45.72
14811,45.72
14812,45.72
14813,45.72
14814,45.72
14815,45.72
14816,45.72
14817,45.72
14818,45.72
14819,45.72
14820,45.72
14821,45.72
14822,45.72
14823,45.72
14824,45.72
14825,45.72
14826,45.72
14827,45.72
14828,45.72
14829,45.72
14830,45.72
14831,45.72
14832,45.72
14833,45.72
14834,45.72
14835,45.72
14836,45.72
14837,45.72
14838,45.72
14839,45.72
14840,45.72
14841,45.72
14842,45.72
14843,45.72
14844,45.72
14845,45.72
14846,45.72
14847,45.72
14848,45.72
14849,45.72
14850,45.72
14851,45.72
14852,45.72
14853,45.72
14854,45.72
14855,45.72
14856,45.72
14857,45.72
14858,45.72
14859,45.72
14860,45.72
14861,45.72
14862,45.72
14863,45.72
14864,45.72
14865,45.72
14866,45.72
14867,45.72
14868,45.72
14869,45.72
14870,45.72
14871,45.72
14872,45.72
14873,45.72
14874,45.72
14875,45.72
14876,45.72
14877,45.72
14878,45.72
14879,45.72
14880,45.72
14881,45.72
14882,45.72
14883,45.72
14884,45.72
14885,45.72
14886,45.72
14887,45.72
14888,45.72
14889,45.72
14890,45.72
14891,45.72
14892,45.72
14893,45.72
14894,45.72
14895,45.72
14896,45.72
14897,45.72
14898,45.72
14899,45.72
14900,45.72
14901,45.72
14902,45.72
14903,45.72
14904,45.72
14905,45.72
14906,45.72
14907,45.72
14908,45.72
14909,45.72
14910,45.72
14911,45.72
14912,45.72
14913,45.72
14914,45.72
14915,45.72
14916,45.72
14917,45.72
14918,45.72
14919,45.72
14920,45.72
14921,45.72
14922,45.72
14923,45.72
14924,45.72
14925,45.72
14926,45.72
14927,45.72
14928,45.72
14929,45.72
14930,45.72
14931,45.72
14932,45.72
14933,45.72
14934,45.72
14935,45.72
14936,45.72
14937,45.72
14938,45.72
14939,45.72
14940,45.72
14941,45.72
14942,45.72
14943,45.72
14944,45.72
14945,45.72
14946,45.72
14947,45.72
14948,45.72
14949,45.72
14950,45.72
14951,45.72
14952,45.72
14953,45.72
14954,45.72
14955,45.72
14956,45.72
14957,45.72
14958,45.72
14959,45.72
14960,45.72
14961,45.72
14962,45.72
14963,45.72
14964,45.72
14965,45.72
14966,45.72
14967,45.72
14968,45.72
14969,45.72
14970,45.72
14971,45.72
14972,45.72
14973,45.72
14974,45.72
14975,45.72
14976,45.72
14977,45.72
14978,45.72
14979,45.72
14980,45.72
14981,45.72
14982,45.72
14983,45.72
14984,45.72
14985,45.72
14986,45.72
14987,45.72
14988,45.72
14989,45.72
14990,45.72
14991,45.72
14992,45.72
14993,45.72
14994,45.72
14995,45.72
14996,45.72
14997,45.72
14998,45.72
14999,45.72
15000,45.72
15001,45.72
15002,45.72
15003,45.72
15004,45.72
15005,45.72
15006,45.72
15007,45.72
15008,45.72
15009,45.72
15010,45.72
15011,45.72
15012,45.72
15013,45.72
15014,45.72
15015,45.72
15016,45.72
15017,45.72
15018,45.72
15019,45.72
15020,45.72
15021,45.72
15022,45.72
15023,45.72
15024,45.72
15025,45.72
15026,45.72
15027,45.72
15028,45.72
15029,45.72
15030,45.72
15031,45.72
15032,45.72
15033,45.72
15034,45.72
15035,45.72
15036,45.72
15037,45.72
15038,45.72
15039,45.72
15040,45.72
15041,45.72
15042,45.72
15043,45.72
15044,45.72
15045,45.72
15046,45.72
15047,45.72
15048,45.72
15049,45.72
15050,45.72
15051,45.72
15052,45.72
15053,45.72
15054,45.72
15055,45.72
15056,45.72
15057,45.72
15058,45.72
15059,45.72
15060,45.72
15061,45.72
15062,45.72
15063,45.72
15064,45.72
15065,45.72
15066,45.72
15067,45.72
15068,45.72
15069,45.72
15070,45.72
15071,45.72
15072,45.72
15073,45.72
15074,45.72
15075,45.72
15076,45.72
15077,45.72
15078,45.72
15079,45.72
15080,45.72
15081,45.72
15082,45.72
15083,45.72
15084,45.72
15085,45.72
15086,45.72
15087,45.72
15088,45.72
15089,45.72
15090,45.72
15091,45.72
15092,45.72
15093,45.72
15094,45.72
15095,45.72
15096,45.72
15097,45.72
15098,45.72
15099,45.72
15100,45.72
15101,45.72
15102,45.72
15103,45.72
15104,45.72
15105,45.72
15106,45.72
15107,45.72
15108,45.72
15109,45.72
15110,45.72
15111,45.72
15112,45.72
15113,45.72
15114,45.72
15115,45.72
15116,45.72
15117,45.72
15118,45.72
15119,45.72
15120,45.72
15121,45.72
15122,45.72
15123,45.72
15124,45.72
15125,45.72
15126,45.72
15127,45.72
15128,45.72
15129,45.72
15130,45.72
15131,45.72
15132,45.72
15133,45.72
15134,45.72
15135,45.72
15136,45.72
15137,45.72
15138,45.72
15139,45.72
15140,45.72
15141,45.72
15142,45.72
15143,45.72
15144,45.72
15145,45.72
15146,45.72
15147,45.72
15148,45.72
15149,45.72
15150,45.72
15151,45.72
15152,45.72
15153,45.72
15154,45.72
15155,45.72
15156,45.72
15157,45.72
15158,45.72
15159,45.72
15160,45.72
15161,45.72
15162,45.72
15163,45.72
15164,45.72
15165,45.72
15166,45.72
15167,45.72
15168,45.72
15169,45.72
15170,45.72
15171,45.72
15172,45.72
15173,45.72
15174,45.72
15175,45.72
15176,45.72
15177,45.72
15178,45.72
15179,45.72
15180,45.72
15181,45.72
15182,45.72
15183,45.72
15184,45.72
15185,45.72
15186,45.72
15187,45.72
15188,45.72
15189,45.72
15190,45.72
15191,45.72
15192,45.72
15193,45.72
15194,45.72
15195,45.72
15196,45.72
15197,45.72
15198,45.72
15199,45.72
15200,45.72
15201,45.72
15202,45.72
15203,45.72
15204,45.72
15205,45.72
15206,45.72
15207,45.72
15208,45.72
15209,45.72
15210,45.72
15211,45.72
15212,45.72
15213,45.72
15214,45.72
15215,45.72
15216,45.72
15217,45.72
15218,45.72
15219,45.72
15220,45.72
15221,45.72
15222,45.72
15223,45.72
15224,45.72
15225,45.72
15226,45.72
15227,45.72
15228,45.72
15229,45.72
15230,45.72
15231,45.72
15232,45.72
15233,45.72
15234,45.72
15235,45.72
15236,45.72
15237,45.72
15238,45.72
15239,45.72
15240,45.72
15241,45.72
15242,45.72
15243,45.72
15244,45.72
15245,45.72
15246,45.72
15247,45.72
15248,45.72
15249,45.72
15250,45.72
15251,45.72
15252,45.72
15253,45.72
15254,45.72
15255,45.72
15256,45.72
15257,45.72
15258,45.72
15259,45.72
15260,45.72
15261,45.72
15262,45.72
15263,45.72
15264,45.72
15265,45.72
15266,45.72
15267,45.72
15268,45.72
15269,45.72
15270,45.72
15271,45.72
15272,45.72
15273,45.72
15274,45.72
15275,45.72
15276,45.72
15277,45.72
15278,45.72
15279,45.72
15280,45.72
15281,45.72
15282,45.72
15283,45.72
15284,45.72
15285,45.72
15286,45.72
15287,45.72
15288,45.72
15289,45.72
15290,45.72
15291,45.72
15292,45.72
15293,45.72
15294,45.72
15295,45.72
15296,45.72
15297,45.72
15298,45.72
15299,45.72
15300,45.72
15301,45.72
15302,45.72
15303,45.72
15304,45.72
15305,45.72
15306,45.72
15307,45.72
15308,45.72
15309,45.72
15310,45.72
15311,45.72
15312,45.72
15313,45.72
15314,45.72
15315,45.72
15316,45.72
15317,45.72
15318,45.72
15319,45.72
15320,45.72
15321,45.72
15322,45.72
15323,45.72
15324,45.72
15325,45.72
15326,45.72
15327,45.72
15328,45.72
15329,45.72
15330,45.72
15331,45.72
15332,45.72
15333,45.72
15334,45.72
15335,45.72
15336,45.72
15337,45.72
15338,45.72
15339,45.72
15340,45.72
15341,45.72
15342,45.72
15343,45.72
15344,45.72
15345,45.72
15346,45.72
15347,45.72
15348,45.72
15349,45.72
15350,45.72
15351,45.72
15352,45.72
15353,45.72
15354,45.72
15355,45.72
15356,45.72
15357,45.72
15358,45.72
15359,45.72
15360,45.72
15361,45.72
15362,45.72
15363,45.72
15364,45.72
15365,45.72
15366,45.72
15367,45.72
15368,45.72
15369,45.72
15370,45.72
15371,45.72
15372,45.72
15373,45.72
15374,45.72
15375,45.72
15376,45.72
15377,45.72
15378,45.72
15379,45.72
15380,45.72
15381,45.72
15382,45.72
15383,45.72
15384,45.72
15385,45.72
15386,45.72
15387,45.72
15388,45.72
15389,45.72
15390,45.72
15391,45.72
15392,45.72
15393,45.72
15394,45.72
15395,45.72
15396,45.72
15397,45.72
15398,45.72
15399,45.72
15400,45.72
15401,45.72
15402,45.72
15403,45.72
15404,45.72
15405,45.72
15406,45.72
15407,45.72
15408,45.72
15409,45.72
15410,45.72
15411,45.72
15412,45.72
15413,45.72
15414,45.72
15415,45.72
15416,45.72
15417,45.72
15418,45.72
15419,45.72
15420,45.72
15421,45.72
15422,45.72
15423,45.72
15424,45.72
15425,45.72
15426,45.72
15427,45.72
15428,45.72
15429,45.72
15430,45.72
15431,45.72
15432,45.72
15433,45.72
15434,45.72
15435,45.72
15436,45.72
15437,45.72
15438,45.72
15439,45.72
15440,45.72
15441,45.72
15442,45.72
15443,45.72
15444,45.72
15445,45.72
15446,45.72
15447,45.72
15448,45.72
15449,45.72
15450,45.72
15451,45.72
15452,45.72
15453,45.72
15454,45.72
15455,45.72
15456,45.72
15457,45.72
15458,45.72
15459,45.72
15460,45.72
15461,45.72
15462,45.72
15463,45.72
15464,45.72
15465,45.72
15466,45.72
15467,45.72
15468,45.72
15469,45.72
15470,45.72
15471,45.72
15472,45.72
15473,45.72
15474,45.72
15475,45.72
15476,45.72
15477,45.72
15478,45.72
15479,45.72
15480,45.72
15481,45.72
15482,45.72
15483,45.72
15484,45.72
15485,45.72
15486,45.72
15487,45.72
15488,45.72
15489,45.72
15490,45.72
15491,45.72
15492,45.72
15493,45.72
15494,45.72
15495,45.72
15496,45.72
15497,45.72
15498,45.72
15499,45.72
15500,45.72
15501,45.72
15502,45.72
15503,45.72
15504,45.72
15505,45.72
15506,45.72
15507,45.72
15508,45.72
15509,45.72
15510,45.72
15511,45.72
15512,45.72
15513,45.72
15514,45.72
15515,45.72
15516,45.72
15517,45.72
15518,45.72
15519,45.72
15520,45.72
15521,45.72
15522,45.72
15523,45.72
15524,45.72
15525,45.72
15526,45.72
15527,45.72
15528,45.72
15529,45.72
15530,45.72
15531,45.72
15532,45.72
15533,45.72
15534,45.72
15535,45.72
15536,45.72
15537,45.72
15538,45.72
15539,45.72
15540,45.72
15541,45.72
15542,45.72
15543,45.72
15544,45.72
15545,45.72
15546,45.72
15547,45.72
15548,45.72
15549,45.72
15550,45.72
15551,45.72
15552,45.72
15553,45.72
15554,45.72
15555,45.72
15556,45.72
15557,45.72
15558,45.72
15559,45.72
15560,45.72
15561,45.72
15562,45.72
15563,45.72
15564,45.72
15565,45.72
15566,45.72
15567,45.72
15568,45.72
15569,45.72
15570,45.72
15571,45.72
15572,45.72
15573,45.72
15574,45.72
15575,45.72
15576,45.72
15577,45.72
15578,45.72
15579,45.72
15580,45.72
15581,45.72
15582,45.72
15583,45.72
15584,45.72
15585,45.72
15586,45.72
15587,45.72
15588,45.72
15589,45.72
15590,45.72
15591,45.72
15592,45.72
15593,45.72
15594,45.72
15595,45.72
15596,45.72
15597,45.72
15598,45.72
15599,45.72
15600,45.72
15601,45.72
15602,45.72
15603,45.72
15604,45.72
15605,45.72
15606,45.72
15607,45.72
15608,45.72
15609,45.72
15610,45.72
15611,45.72
15612,45.72
15613,45.72
15614,45.72
15615,45.72
15616,45.72
15617,45.72
15618,45.72
15619,45.72
15620,45.72
15621,45.72
15622,45.72
15623,45.72
15624,45.72
15625,45.72
15626,45.72
15627,45.72
15628,45.72
15629,45.72
15630,45.72
15631,45.72
15632,45.72
15633,45.72
15634,45.72
15635,45.72
15636,45.72
15637,45.72
15638,45.72
15639,45.72
15640,45.72
15641,45.72
15642,45.72
15643,45.72
15644,45.72
15645,45.72
15646,45.72
15647,45.72
15648,45.72
15649,45.72
15650,45.72
15651,45.72
15652,45.72
15653,45.72
15654,45.72
15655,45.72
15656,45.72
15657,45.72
15658,45.72
15659,45.72
15660,45.72
15661,45.72
15662,45.72
15663,45.72
15664,45.72
15665,45.72
15666,45.72
15667,45.72
15668,45.72
15669,45.72
15670,45.72
15671,45.72
15672,45.72
15673,45.72
15674,45.72
15675,45.72
15676,45.72
15677,45.72
15678,45.72
15679,45.72
15680,45.72
15681,45.72
15682,45.72
15683,45.72
15684,45.72
15685,45.72
15686,45.72
15687,45.72
15688,45.72
15689,45.72
15690,45.72
15691,45.72
15692,45.72
15693,45.72
15694,45.72
15695,45.72
15696,45.72
15697,45.72
15698,45.72
15699,45.72
15700,45.72
15701,45.72
15702,45.72
15703,45.72
15704,45.72
15705,45.72
15706,45.72
15707,45.72
15708,45.72
15709,45.72
15710,45.72
15711,45.72
15712,45.72
15713,45.72
15714,45.72
15715,45.72
15716,45.72
15717,45.72
15718,45.72
15719,45.72
15720,45.72
15721,45.72
15722,45.72
15723,45.72
15724,45.72
15725,45.72
15726,45.72
15727,45.72
15728,45.72
15729,45.72
15730,45.72
15731,45.72
15732,45.72
15733,45.72
15734,45.72
15735,45.72
15736,45.72
15737,45.72
15738,45.72
15739,45.72
15740,45.72
15741,45.72
15742,45.72
15743,45.72
15744,45.72
15745,45.72
15746,45.72
15747,45.72
15748,45.72
15749,45.72
15750,45.72
15751,45.72
15752,45.72
15753,45.72
15754,45.72
15755,45.72
15756,45.72
15757,45.72
15758,45.72
15759,45.72
15760,45.72
15761,45.72
15762,45.72
15763,45.72
15764,45.72
15765,45.72
15766,45.72
15767,45.72
15768,45.72
15769,45.72
15770,45.72
15771,45.72
15772,45.72
15773,45.72
15774,45.72
15775,45.72
15776,45.72
15777,45.72
15778,45.72
15779,45.72
15780,45.72
15781,45.72
15782,45.72
15783,45.72
15784,45.72
15785,45.72
15786,45.72
15787,45.72
15788,45.72
15789,45.72
15790,45.72
15791,45.72
15792,45.72
15793,45.72
15794,45.72
15795,45.72
15796,45.72
15797,45.72
15798,45.72
15799,45.72
15800,45.72
15801,45.72
15802,45.72
15803,45.72
15804,45.72
15805,45.72
15806,45.72
15807,45.72
15808,45.72
15809,45.72
15810,45.72
15811,45.72
15812,45.72
15813,45.72
15814,45.72
15815,45.72
15816,45.72
15817,45.72
15818,45.72
15819,45.72
15820,45.72
15821,45.72
15822,45.72
15823,45.72
15824,45.72
15825,45.72
15826,45.72
15827,45.72
15828,45.72
15829,45.72
15830,45.72
15831,45.72
15832,45.72
15833,45.72
15834,45.72
15835,45.72
15836,45.72
15837,45.72
15838,45.72
15839,45.72
15840,45.72
15841,45.72
15842,45.72
15843,45.72
15844,45.72
15845,45.72
15846,45.72
15847,45.72
15848,45.72
15849,45.72
15850,45.72
15851,45.72
15852,45.72
15853,45.72
15854,45.72
15855,45.72
15856,45.72
15857,45.72
15858,45.72
15859,45.72
15860,45.72
15861,45.72
15862,45.72
15863,45.72
15864,45.72
15865,45.72
15866,45.72
15867,45.72
15868,45.72
15869,45.72
15870,45.72
15871,45.72
15872,45.72
15873,45.72
15874,45.72
15875,45.72
15876,45.72
15877,45.72
15878,45.72
15879,45.72
15880,45.72
15881,45.72
15882,45.72
15883,45.72
15884,45.72
15885,45.72
15886,45.72
15887,45.72
15888,45.72
15889,45.72
15890,45.72
15891,45.72
15892,45.72
15893,45.72
15894,45.72
15895,45.72
15896,45.72
15897,45.72
15898,45.72
15899,45.72
15900,45.72
15901,45.72
15902,45.72
15903,45.72
15904,45.72
15905,45.72
15906,45.72
15907,45.72
15908,45.72
15909,45.72
15910,45.72
15911,45.72
15912,45.72
15913,45.72
15914,45.72
15915,45.72
15916,45.72
15917,45.72
15918,45.72
15919,45.72
15920,45.72
15921,45.72
15922,45.72
15923,45.72
15924,45.72
15925,45.72
15926,45.72
15927,45.72
15928,45.72
15929,45.72
15930,45.72
15931,45.72
15932,45.72
15933,45.72
15934,45.72
15935,45.72
15936,45.72
15937,45.72
15938,45.72
15939,45.72
15940,45.72
15941,45.72
15942,45.72
15943,45.72
15944,45.72
15945,45.72
15946,45.72
15947,45.72
15948,45.72
15949,45.72
15950,45.72
15951,45.72
15952,45.72
15953,45.72
15954,45.72
15955,45.72
15956,45.72
15957,45.72
15958,45.72
15959,45.72
15960,45.72
15961,45.72
15962,45.72
15963,45.72
15964,45.72
15965,45.72
15966,45.72
15967,45.72
15968,45.72
15969,45.72
15970,45.72
15971,45.72
15972,45.72
15973,45.72
15974,45.72
15975,45.72
15976,45.72
15977,45.72
15978,45.72
15979,45.72
15980,45.72
15981,45.72
15982,45.72
15983,45.72
15984,45.72
15985,45.72
15986,45.72
15987,45.72
15988,45.72
15989,45.72
15990,45.72
15991,45.72
15992,45.72
15993,45.72
15994,45.72
15995,45.72
15996,45.72
15997,45.72
15998,45.72
15999,45.72
16000,45.72
16001,45.72
16002,45.72
16003,45.72
16004,45.72
16005,45.72
16006,45.72
16007,45.72
16008,45.72
16009,45.72
16010,45.72
16011,45.72
16012,45.72
16013,45.72
16014,45.72
16015,45.72
16016,45.72
16017,45.72
16018,45.72
16019,45.72
16020,45.72
16021,45.72
16022,45.72
16023,45.72
16024,45.72
16025,45.72
16026,45.72
16027,45.72
16028,45.72
16029,45.72
16030,45.72
16031,45.72
16032,45.72
16033,45.72
16034,45.72
16035,45.72
16036,45.72
16037,45.72
16038,45.72
16039,45.72
16040,45.72
16041,45.72
16042,45.72
16043,45.72
16044,45.72
16045,45.72
16046,45.72
16047,45.72
16048,45.72
16049,45.72
16050,45.72
16051,45.72
16052,45.72
16053,45.72
16054,45.72
16055,45.72
16056,45.72
16057,45.72
16058,45.72
16059,45.72
16060,45.72
16061,45.72
16062,45.72
16063,45.72
16064,45.72
16065,45.72
16066,45.72
16067,45.72
16068,45.72
16069,45.72
16070,45.72
16071,45.72
16072,45.72
16073,45.72
16074,45.72
16075,45.72
16076,45.72
16077,45.72
16078,45.72
16079,45.72
16080,45.72
16081,45.72
16082,45.72
16083,45.72
16084,45.72
16085,45.72
16086,45.72
16087,45.72
16088,45.72
16089,45.72
16090,45.72
16091,45.72
16092,45.72
16093,45.72
16094,45.72
16095,45.72
16096,45.72
16097,45.72
16098,45.72
16099,45.72
16100,45.72
16101,45.72
16102,45.72
16103,45.72
16104,45.72
16105,45.72
16106,45.72
16107,45.72
16108,45.72
16109,45.72
16110,45.72
16111,45.72
16112,45.72
16113,45.72
16114,45.72
16115,45.72
16116,45.72
16117,45.72
16118,45.72
16119,45.72
16120,45.72
16121,45.72
16122,45.72
16123,45.72
16124,45.72
16125,45.72
16126,45.72
16127,45.72
16128,45.72
16129,45.72
16130,45.72
16131,45.72
16132,45.72
16133,45.72
16134,45.72
16135,45.72
16136,45.72
16137,45.72
16138,45.72
16139,45.72
16140,45.72
16141,45.72
16142,45.72
16143,45.72
16144,45.72
16145,45.72
16146,45.72
16147,45.72
16148,45.72
16149,45.72
16150,45.72
16151,45.72
16152,45.72
16153,45.72
16154,45.72
16155,45.72
16156,45.72
16157,45.72
16158,45.72
16159,45.72
16160,45.72
16161,45.72
16162,45.72
16163,45.72
16164,45.72
16165,45.72
16166,45.72
16167,45.72
16168,45.72
16169,45.72
16170,45.72
16171,45.72
16172,45.72
16173,45.72
16174,45.72
16175,45.72
16176,45.72
16177,45.72
16178,45.72
16179,45.72
16180,45.72
16181,45.72
16182,45.72
16183,45.72
16184,45.72
16185,45.72
16186,45.72
16187,45.72
16188,45.72
16189,45.72
16190,45.72
16191,45.72
16192,45.72
16193,45.72
16194,45.72
16195,45.72
16196,45.72
16197,45.72
16198,45.72
16199,45.72
16200,45.72
16201,45.72
16202,45.72
16203,45.72
16204,45.72
16205,45.72
16206,45.72
16207,45.72
16208,45.72
16209,45.72
16210,45.72
16211,45.72
16212,45.72
16213,45.72
16214,45.72
16215,45.72
16216,45.72
16217,45.72
16218,45.72
16219,45.72
16220,45.72
16221,45.72
16222,45.72
16223,45.72
16224,45.72
16225,45.72
16226,45.72
16227,45.72
16228,45.72
16229,45.72
16230,45.72
16231,45.72
16232,45.72
16233,45.72
16234,45.72
16235,45.72
16236,45.72
16237,45.72
16238,45.72
16239,45.72
16240,45.72
16241,45.72
16242,45.72
16243,45.72
16244,45.72
16245,45.72
16246,45.72
16247,45.72
16248,45.72
16249,45.72
16250,45.72
16251,45.72
16252,45.72
16253,45.72
16254,45.72
16255,45.72
16256,45.72
16257,45.72
16258,45.72
16259,45.72
16260,45.72
16261,45.72
16262,45.72
16263,45.72
16264,45.72
16265,45.72
16266,45.72
16267,45.72
16268,45.72
16269,45.72
16270,45.72
16271,45.72
16272,45.72
16273,45.72
16274,45.72
16275,45.72
16276,45.72
16277,45.72
16278,45.72
16279,45.72
16280,45.72
16281,45.72
16282,45.72
16283,45.72
16284,45.72
16285,45.72
16286,45.72
16287,45.72
16288,45.72
16289,45.72
16290,45.72
16291,45.72
16292,45.72
16293,45.72
16294,45.72
16295,45.72
16296,45.72
16297,45.72
16298,45.72
16299,45.72
16300,45.72
16301,45.72
16302,45.72
16303,45.72
16304,45.72
16305,45.72
16306,45.72
16307,45.72
16308,45.72
16309,45.72
16310,45.72
16311,45.72
16312,45.72
16313,45.72
16314,45.72
16315,45.72
16316,45.72
16317,45.72
16318,45.72
16319,45.72
16320,45.72
16321,45.72
16322,45.72
16323,45.72
16324,45.72
16325,45.72
16326,45.72
16327,45.72
16328,45.72
16329,45.72
16330,45.72
16331,45.72
16332,45.72
16333,45.72
16334,45.72
16335,45.72
16336,45.72
16337,45.72
16338,45.72
16339,45.72
16340,45.72
16341,45.72
16342,45.72
16343,45.72
16344,45.72
16345,45.72
16346,45.72
16347,45.72
16348,45.72
16349,45.72
16350,45.72
16351,45.72
16352,45.72
16353,45.72
16354,45.72
16355,45.72
16356,45.72
16357,45.72
16358,45.72
16359,45.72
16360,45.72
16361,45.72
16362,45.72
16363,45.72
16364,45.72
16365,45.72
16366,45.72
16367,45.72
16368,45.72
16369,45.72
16370,45.72
16371,45.72
16372,45.72
16373,45.72
16374,45.72
16375,45.72
16376,45.72
16377,45.72
16378,45.72
16379,45.72
16380,45.72
16381,45.72
16382,45.72
16383,45.72
16384,45.72
16385,45.72
16386,45.72
16387,45.72
16388,45.72
16389,45.72
16390,45.72
16391,45.72
16392,45.72
16393,45.72
16394,45.72
16395,45.72
16396,45.72
16397,45.72
16398,45.72
16399,45.72
16400,45.72
16401,45.72
16402,45.72
16403,45.72
16404,45.72
16405,45.72
16406,45.72
16407,45.72
16408,45.72
16409,45.72
16410,45.72
16411,45.72
16412,45.72
16413,45.72
16414,45.72
16415,45.72
16416,45.72
16417,45.72
16418,45.72
16419,45.72
16420,45.72
16421,45.72
16422,45.72
16423,45.72
16424,45.72
16425,45.72
16426,45.72
16427,45.72
16428,45.72
16429,45.72
16430,45.72
16431,45.72
16432,45.72
16433,45.72
16434,45.72
16435,45.72
16436,45.72
16437,45.72
16438,45.72
16439,45.72
16440,45.72
16441,45.72
16442,45.72
16443,45.72
16444,45.72
16445,45.72
16446,45.72
16447,45.72
16448,45.72
16449,45.72
16450,45.72
16451,45.72
16452,45.72
16453,45.72
16454,45.72
16455,45.72
16456,45.72
16457,45.72
16458,45.72
16459,45.72
16460,45.72
16461,45.72
16462,45.72
16463,45.72
16464,45.72
16465,45.72
16466,45.72
16467,45.72
16468,45.72
16469,45.72
16470,45.72
16471,45.72
16472,45.72
16473,45.72
16474,45.72
16475,45.72
16476,45.72
16477,45.72
16478,45.72
16479,45.72
16480,45.72
16481,45.72
16482,45.72
16483,45.72
16484,45.72
16485,45.72
16486,45.72
16487,45.72
16488,45.72
16489,45.72
16490,45.72
16491,45.72
16492,45.72
16493,45.72
16494,45.72
16495,45.72
16496,45.72
16497,45.72
16498,45.72
16499,45.72
16500,45.72
16501,45.72
16502,45.72
16503,45.72
16504,45.72
16505,45.72
16506,45.72
16507,45.72
16508,45.72
16509,45.72
16510,45.72
16511,45.72
16512,45.72
16513,45.72
16514,45.72
16515,45.72
16516,45.72
16517,45.72
16518,45.72
16519,45.72
16520,45.72
16521,45.72
16522,45.72
16523,45.72
16524,45.72
16525,45.72
16526,45.72
16527,45.72
16528,45.72
16529,45.72
16530,45.72
16531,45.72
16532,45.72
16533,45.72
16534,45.72
16535,45.72
16536,45.72
16537,45.72
16538,45.72
16539,45.72
16540,45.72
16541,45.72
16542,45.72
16543,45.72
16544,45.72
16545,45.72
16546,45.72
16547,45.72
16548,45.72
16549,45.72
16550,45.72
16551,45.72
16552,45.72
16553,45.72
16554,45.72
16555,45.72
16556,45.72
16557,45.72
16558,45.72
16559,45.72
16560,45.72
16561,45.72
16562,45.72
16563,45.72
16564,45.72
16565,45.72
16566,45.72
16567,45.72
16568,45.72
16569,45.72
16570,45.72
16571,45.72
16572,45.72
16573,45.72
16574,45.72
16575,45.72
16576,45.72
16577,45.72
16578,45.72
16579,45.72
16580,45.72
16581,45.72
16582,45.72
16583,45.72
16584,45.72
16585,45.72
16586,45.72
16587,45.72
16588,45.72
16589,45.72
16590,45.72
16591,45.72
16592,45.72
16593,45.72
16594,45.72
16595,45.72
16596,45.72
16597,45.72
16598,45.72
16599,45.72
16600,45.72
16601,45.72
16602,45.72
16603,45.72
16604,45.72
16605,45.72
16606,45.72
16607,45.72
16608,45.72
16609,45.72
16610,45.72
16611,45.72
16612,45.72
16613,45.72
16614,45.72
16615,45.72
16616,45.72
16617,45.72
16618,45.72
16619,45.72
16620,45.72
16621,45.72
16622,45.72
16623,45.72
16624,45.72
16625,45.72
16626,45.72
16627,45.72
16628,45.72
16629,45.72
16630,45.72
16631,45.72
16632,45.72
16633,45.72
16634,45.72
16635,45.72
16636,45.72
16637,45.72
16638,45.72
16639,45.72
16640,45.72
16641,45.72
16642,45.72
16643,45.72
16644,45.72
16645,45.72
16646,45.72
16647,45.72
16648,45.72
16649,45.72
16650,45.72
16651,45.72
16652,45.72
16653,45.72
16654,45.72
16655,45.72
16656,45.72
16657,45.72
16658,45.72
16659,45.72
16660,45.72
16661,45.72
16662,45.72
16663,45.72
16664,45.72
16665,45.72
16666,45.72
16667,45.72
16668,45.72
16669,45.72
16670,45.72
16671,45.72
16672,45.72
16673,45.72
16674,45.72
16675,45.72
16676,45.72
16677,45.72
16678,45.72
16679,45.72
16680,45.72
16681,45.72
16682,45.72
16683,45.72
16684,45.72
16685,45.72
16686,45.72
16687,45.72
16688,45.72
16689,45.72
16690,45.72
16691,45.72
16692,45.72
16693,45.72
16694,45.72
16695,45.72
16696,45.72
16697,45.72
16698,45.72
16699,45.72
16700,45.72
16701,45.72
16702,45.72
16703,45.72
16704,45.72
16705,45.72
16706,45.72
16707,45.72
16708,45.72
16709,45.72
16710,45.72
16711,45.72
16712,45.72
16713,45.72
16714,45.72
16715,45.72
16716,45.72
16717,45.72
16718,45.72
16719,45.72
16720,45.72
16721,45.72
16722,45.72
16723,45.72
16724,45.72
16725,45.72
16726,45.72
16727,45.72
16728,45.72
16729,45.72
16730,45.72
16731,45.72
16732,45.72
16733,45.72
16734,45.72
16735,45.72
16736,45.72
16737,45.72
16738,45.72
16739,45.72
16740,45.72
16741,45.72
16742,45.72
16743,45.72
16744,45.72
16745,45.72
16746,45.72
16747,45.72
16748,45.72
16749,45.72
16750,45.72
16751,45.72
16752,45.72
16753,45.72
16754,45.72
16755,45.72
16756,45.72
16757,45.72
16758,45.72
16759,45.72
16760,45.72
16761,45.72
16762,45.72
16763,45.72
16764,45.72
16765,45.72
16766,45.72
16767,45.72
16768,45.72
16769,45.72
16770,45.72
16771,45.72
16772,45.72
16773,45.72
16774,45.72
16775,45.72
16776,45.72
16777,45.72
16778,45.72
16779,45.72
16780,45.72
16781,45.72
16782,45.72
16783,45.72
16784,45.72
16785,45.72
16786,45.72
16787,45.72
16788,45.72
16789,45.72
16790,45.72
16791,45.72
16792,45.72
16793,45.72
16794,45.72
16795,45.72
16796,45.72
16797,45.72
16798,45.72
16799,45.72
16800,45.72
16801,45.72
16802,45.72
16803,45.72
16804,45.72
16805,45.72
16806,45.72
16807,45.72
16808,45.72
16809,45.72
16810,45.72
16811,45.72
16812,45.72
16813,45.72
16814,45.72
16815,45.72
16816,45.72
16817,45.72
16818,45.72
16819,45.72
16820,45.72
16821,45.72
16822,45.72
16823,45.72
16824,45.72
16825,45.72
16826,45.72
16827,45.72
16828,45.72
16829,45.72
16830,45.72
16831,45.72
16832,45.72
16833,45.72
16834,45.72
16835,45.72
16836,45.72
16837,45.72
16838,45.72
16839,45.72
16840,45.72
16841,45.72
16842,45.72
16843,45.72
16844,45.72
16845,45.72
16846,45.72
16847,45.72
16848,45.72
16849,45.72
16850,45.72
16851,45.72
16852,45.72
16853,45.72
16854,45.72
16855,45.72
16856,45.72
16857,45.72
16858,45.72
16859,45.72
16860,45.72
16861,45.72
16862,45.72
16863,45.72
16864,45.72
16865,45.72
16866,45.72
16867,45.72
16868,45.72
16869,45.72
16870,45.72
16871,45.72
16872,45.72
16873,45.72
16874,45.72
16875,45.72
16876,45.72
16877,45.72
16878,45.72
16879,45.72
16880,45.72
16881,45.72
16882,45.72
16883,45.72
16884,45.72
16885,45.72
16886,45.72
16887,45.72
16888,45.72
16889,45.72
16890,45.72
16891,45.72
16892,45.72
16893,45.72
16894,45.72
16895,45.72
16896,45.72
16897,45.72
16898,45.72
16899,45.72
16900,45.72
16901,45.72
16902,45.72
16903,45.72
16904,45.72
16905,45.72
16906,45.72
16907,45.72
16908,45.72
16909,45.72
16910,45.72
16911,45.72
16912,45.72
16913,45.72
16914,45.72
16915,45.72
16916,45.72
16917,45.72
16918,45.72
16919,45.72
16920,45.72
16921,45.72
16922,45.72
16923,45.72
16924,45.72
16925,45.72
16926,45.72
16927,45.72
16928,45.72
16929,45.72
16930,45.72
16931,45.72
16932,45.72
16933,45.72
16934,45.72
16935,45.72
16936,45.72
16937,45.72
16938,45.72
16939,45.72
16940,45.72
16941,45.72
16942,45.72
16943,45.72
16944,45.72
16945,45.72
16946,45.72
16947,45.72
16948,45.72
16949,45.72
16950,45.72
16951,45.72
16952,45.72
16953,45.72
16954,45.72
16955,45.72
16956,45.72
16957,45.72
16958,45.72
16959,45.72
16960,45.72
16961,45.72
16962,45.72
16963,45.72
16964,45.72
16965,45.72
16966,45.72
16967,45.72
16968,45.72
16969,45.72
16970,45.72
16971,45.72
16972,45.72
16973,45.72
16974,45.72
16975,45.72
16976,45.72
16977,45.72
16978,45.72
16979,45.72
16980,45.72
16981,45.72
16982,45.72
16983,45.72
16984,45.72
16985,45.72
16986,45.72
16987,45.72
16988,45.72
16989,45.72
16990,45.72
16991,45.72
16992,45.72
16993,45.72
16994,45.72
16995,45.72
16996,45.72
16997,45.72
16998,45.72
16999,45.72
17000,45.72
17001,45.72
17002,45.72
17003,45.72
17004,45.72
17005,45.72
17006,45.72
17007,45.72
17008,45.72
17009,45.72
17010,45.72
17011,45.72
17012,45.72
17013,45.72
17014,45.72
17015,45.72
17016,45.72
17017,45.72
17018,45.72
17019,45.72
17020,45.72
17021,45.72
17022,45.72
17023,45.72
17024,45.72
17025,45.72
17026,45.72
17027,45.72
17028,45.72
17029,45.72
17030,45.72
17031,45.72
17032,45.72
17033,45.72
17034,45.72
17035,45.72
17036,45.72
17037,45.72
17038,45.72
17039,45.72
17040,45.72
17041,45.72
17042,45.72
17043,45.72
17044,45.72
17045,45.72
17046,45.72
17047,45.72
17048,45.72
17049,45.72
17050,45.72
17051,45.72
17052,45.72
17053,45.72
17054,45.72
17055,45.72
17056,45.72
17057,45.72
17058,45.72
17059,45.72
17060,45.72
17061,45.72
17062,45.72
17063,45.72
17064,45.72
17065,45.72
17066,45.72
17067,45.72
17068,45.72
17069,45.72
17070,45.72
17071,45.72
17072,45.72
17073,45.72
17074,45.72
17075,45.72
17076,45.72
17077,45.72
17078,45.72
17079,45.72
17080,45.72
17081,45.72
17082,45.72
17083,45.72
17084,45.72
17085,45.72
17086,45.72
17087,45.72
17088,45.72
17089,45.72
17090,45.72
17091,45.72
17092,45.72
17093,45.72
17094,45.72
17095,45.72
17096,45.72
17097,45.72
17098,45.72
17099,45.72
17100,45.72
17101,45.72
17102,45.72
17103,45.72
17104,45.72
17105,45.72
17106,45.72
17107,45.72
17108,45.72
17109,45.72
17110,45.72
17111,45.72
17112,45.72
17113,45.72
17114,45.72
17115,45.72
17116,45.72
17117,45.72
17118,45.72
17119,45.72
17120,45.72
17121,45.72
17122,45.72
17123,45.72
17124,45.72
17125,45.72
17126,45.72
17127,45.72
17128,45.72
17129,45.72
17130,45.72
17131,45.72
17132,45.72
17133,45.72
17134,45.72
17135,45.72
17136,45.72
17137,45.72
17138,45.72
17139,45.72
17140,45.72
17141,45.72
17142,45.72
17143,45.72
17144,45.72
17145,45.72
17146,45.72
17147,45.72
17148,45.72
17149,45.72
17150,45.72
17151,45.72
17152,45.72
17153,45.72
17154,45.72
17155,45.72
17156,45.72
17157,45.72
17158,45.72
17159,45.72
17160,45.72
17161,45.72
17162,45.72
17163,45.72
17164,45.72
17165,45.72
17166,45.72
17167,45.72
17168,45.72
17169,45.72
17170,45.72
17171,45.72
17172,45.72
17173,45.72
17174,45.72
17175,45.72
17176,45.72
17177,45.72
17178,45.72
17179,45.72
17180,45.72
17181,45.72
17182,45.72
17183,45.72
17184,45.72
17185,45.72
17186,45.72
17187,45.72
17188,45.72
17189,45.72
17190,45.72
17191,45.72
17192,45.72
17193,45.72
17194,45.72
17195,45.72
17196,45.72
17197,45.72
17198,45.72
17199,45.72
17200,45.72
17201,45.72
17202,45.72
17203,45.72
17204,45.72
17205,45.72
17206,45.72
17207,45.72
17208,45.72
17209,45.72
17210,45.72
17211,45.72
17212,45.72
17213,45.72
17214,45.72
17215,45.72
17216,45.72
17217,45.72
17218,45.72
17219,45.72
17220,45.72
17221,45.72
17222,45.72
17223,45.72
17224,45.72
17225,45.72
17226,45.72
17227,45.72
17228,45.72
17229,45.72
17230,45.72
17231,45.72
17232,45.72
17233,45.72
17234,45.72
17235,45.72
17236,45.72
17237,45.72
17238,45.72
17239,45.72
17240,45.72
17241,45.72
17242,45.72
17243,45.72
17244,45.72
17245,45.72
17246,45.72
17247,45.72
17248,45.72
17249,45.72
17250,45.72
17251,45.72
17252,45.72
17253,45.72
17254,45.72
17255,45.72
17256,45.72
17257,45.72
17258,45.72
17259,45.72
17260,45.72
17261,45.72
17262,45.72
17263,45.72
17264,45.72
17265,45.72
17266,45.72
17267,45.72
17268,45.72
17269,45.72
17270,45.72
17271,45.72
17272,45.72
17273,45.72
17274,45.72
17275,45.72
17276,45.72
17277,45.72
17278,45.72
17279,45.72
17280,45.72
17281,45.72
17282,45.72
17283,45.72
17284,45.72
17285,45.72
17286,45.72
17287,45.72
17288,45.72
17289,45.72
17290,45.72
17291,45.72
17292,45.72
17293,45.72
17294,45.72
17295,45.72
17296,45.72
17297,45.72
17298,45.72
17299,45.72
17300,45.72
17301,45.72
17302,45.72
17303,45.72
17304,45.72
17305,45.72
17306,45.72
17307,45.72
17308,45.72
17309,45.72
17310,45.72
17311,45.72
17312,45.72
17313,45.72
17314,45.72
17315,45.72
17316,45.72
17317,45.72
17318,45.72
17319,45.72
17320,45.72
17321,45.72
17322,45.72
17323,45.72
17324,45.72
17325,45.72
17326,45.72
17327,45.72
17328,45.72
17329,45.72
17330,45.72
17331,45.72
17332,45.72
17333,45.72
17334,45.72
17335,45.72
17336,45.72
17337,45.72
17338,45.72
17339,45.72
17340,45.72
17341,45.72
17342,45.72
17343,45.72
17344,45.72
17345,45.72
17346,45.72
17347,45.72
17348,45.72
17349,45.72
17350,45.72
17351,45.72
17352,45.72
17353,45.72
17354,45.72
17355,45.72
17356,45.72
17357,45.72
17358,45.72
17359,45.72
17360,45.72
17361,45.72
17362,45.72
17363,45.72
17364,45.72
17365,45.72
17366,45.72
17367,45.72
17368,45.72
17369,45.72
17370,45.72
17371,45.72
17372,45.72
17373,45.72
17374,45.72
17375,45.72
17376,45.72
17377,45.72
17378,45.72
17379,45.72
17380,45.72
17381,45.72
17382,45.72
17383,45.72
17384,45.72
17385,45.72
17386,45.72
17387,45.72
17388,45.72
17389,45.72
17390,45.72
17391,45.72
17392,45.72
17393,45.72
17394,45.72
17395,45.72
17396,45.72
17397,45.72
17398,45.72
17399,45.72
17400,45.72
17401,45.72
17402,45.72
17403,45.72
17404,45.72
17405,45.72
17406,45.72
17407,45.72
17408,45.72
17409,45.72
17410,45.72
17411,45.72
17412,45.72
17413,45.72
17414,45.72
17415,45.72
17416,45.72
17417,45.72
17418,45.72
17419,45.72
17420,45.72
17421,45.72
17422,45.72
17423,45.72
17424,45.72
17425,45.72
17426,45.72
17427,45.72
17428,45.72
17429,45.72
17430,45.72
17431,45.72
17432,45.72
17433,45.72
17434,45.72
17435,45.72
17436,45.72
17437,45.72
17438,45.72
17439,45.72
17440,45.72
17441,45.72
17442,45.72
17443,45.72
17444,45.72
17445,45.72
17446,45.72
17447,45.72
17448,45.72
17449,45.72
17450,45.72
17451,45.72
17452,45.72
17453,45.72
17454,45.72
17455,45.72
17456,45.72
17457,45.72
17458,45.72
17459,45.72
17460,45.72
17461,45.72
17462,45.72
17463,45.72
17464,45.72
17465,45.72
17466,45.72
17467,45.72
17468,45.72
17469,45.72
17470,45.72
17471,45.72
17472,45.72
17473,45.72
17474,45.72
17475,45.72
17476,45.72
17477,45.72
17478,45.72
17479,45.72
17480,45.72
17481,45.72
17482,45.72
17483,45.72
17484,45.72
17485,45.72
17486,45.72
17487,45.72
17488,45.72
17489,45.72
17490,45.72
17491,45.72
17492,45.72
17493,45.72
17494,45.72
17495,45.72
17496,45.72
17497,45.72
17498,45.72
17499,45.72
17500,45.72
17501,45.72
17502,45.72
17503,45.72
17504,45.72
17505,45.72
17506,45.72
17507,45.72
17508,45.72
17509,45.72
17510,45.72
17511,45.72
17512,45.72
17513,45.72
17514,45.72
17515,45.72
17516,45.72
17517,45.72
17518,45.72
17519,45.72
17520,45.72
