1,-406.8
2,-403.2
3,-399.6
4,-396.0
5,-392.4
6,-388.8
7,-385.2
8,-381.6
9,-378.0
10,-378.0
11,-374.4
12,-370.8
13,-370.8
14,-370.8
15,-237.6
16,-259.2
17,-277.2
18,-302.4
19,-306.0
20,-324.0
21,-331.2
22,-316.8
23,-320.4
24,-309.6
25,-295.2
26,-284.4
27,-270.0
28,-255.6
29,-241.2
30,-234.0
31,-223.2
32,-216.0
33,-226.8
34,-226.8
35,-226.8
36,-237.6
37,-252.0
38,-255.6
39,-262.8
40,-270.0
41,-277.2
42,-266.4
43,-259.2
44,-255.6
45,-252.0
46,-226.8
47,-201.6
48,-180.0
49,-158.4
50,-140.4
51,-129.6
52,-115.2
53,-104.4
54,-97.2
55,-97.2
56,-108.0
57,-118.8
58,-133.2
59,-147.6
60,-169.2
61,-194.4
62,-216.0
63,-234.0
64,-248.4
65,-270.0
66,-288.0
67,-298.8
68,-306.0
69,-302.4
70,-306.0
71,-298.8
72,-288.0
73,-291.6
74,-270.0
75,-262.8
76,-252.0
77,-244.8
78,-237.6
79,-234.0
80,-230.4
81,-230.4
82,-241.2
83,-244.8
84,-255.6
85,-252.0
86,-273.6
87,-273.6
88,-270.0
89,-280.8
90,-273.6
91,-270.0
92,-259.2
93,-237.6
94,-223.2
95,-201.6
96,-172.8
97,-162.0
98,-133.2
99,-122.4
100,-111.6
101,-97.2
102,-97.2
103,-100.8
104,-108.0
105,-118.8
106,-133.2
107,-154.8
108,-176.4
109,-198.0
110,-219.6
111,-241.2
112,-248.4
113,-270.0
114,-295.2
115,-306.0
116,-302.4
117,-295.2
118,-306.0
119,-306.0
120,-291.6
121,-291.6
122,-284.4
123,-270.0
124,-255.6
125,-262.8
126,-259.2
127,-248.4
128,-244.8
129,-241.2
130,-252.0
131,-252.0
132,-259.2
133,-270.0
134,-266.4
135,-266.4
136,-277.2
137,-270.0
138,-259.2
139,-255.6
140,-248.4
141,-241.2
142,-226.8
143,-205.2
144,-183.6
145,-162.0
146,-140.4
147,-126.0
148,-111.6
149,-100.8
150,-97.2
151,-97.2
152,-104.4
153,-118.8
154,-133.2
155,-154.8
156,-176.4
157,-198.0
158,-223.2
159,-244.8
160,-270.0
161,-280.8
162,-288.0
163,-295.2
164,-306.0
165,-295.2
166,-284.4
167,-298.8
168,-284.4
169,-277.2
170,-262.8
171,-262.8
172,-252.0
173,-252.0
174,-234.0
175,-241.2
176,-237.6
177,-244.8
178,-244.8
179,-248.4
180,-252.0
181,-259.2
182,-270.0
183,-270.0
184,-270.0
185,-266.4
186,-280.8
187,-255.6
188,-244.8
189,-237.6
190,-230.4
191,-208.8
192,-190.8
193,-162.0
194,-151.2
195,-133.2
196,-115.2
197,-104.4
198,-104.4
199,-104.4
200,-111.6
201,-122.4
202,-144.0
203,-162.0
204,-201.6
205,-219.6
206,-248.4
207,-273.6
208,-298.8
209,-309.6
210,-334.8
211,-342.0
212,-338.4
213,-352.8
214,-342.0
215,-345.6
216,-324.0
217,-306.0
218,-295.2
219,-284.4
220,-280.8
221,-273.6
222,-248.4
223,-248.4
224,-262.8
225,-259.2
226,-259.2
227,-259.2
228,-259.2
229,-262.8
230,-277.2
231,-273.6
232,-273.6
233,-270.0
234,-259.2
235,-259.2
236,-244.8
237,-237.6
238,-219.6
239,-205.2
240,-194.4
241,-176.4
242,-158.4
243,-147.6
244,-133.2
245,-126.0
246,-118.8
247,-111.6
248,-108.0
249,-111.6
250,-118.8
251,-129.6
252,-147.6
253,-162.0
254,-187.2
255,-205.2
256,-223.2
257,-248.4
258,-266.4
259,-270.0
260,-284.4
261,-288.0
262,-288.0
263,-291.6
264,-295.2
265,-277.2
266,-291.6
267,-270.0
268,-266.4
269,-259.2
270,-252.0
271,-262.8
272,-255.6
273,-255.6
274,-266.4
275,-259.2
276,-259.2
277,-259.2
278,-259.2
279,-255.6
280,-252.0
281,-248.4
282,-234.0
283,-230.4
284,-219.6
285,-205.2
286,-187.2
287,-183.6
288,-172.8
289,-158.4
290,-140.4
291,-133.2
292,-133.2
293,-122.4
294,-115.2
295,-108.0
296,-108.0
297,-108.0
298,-111.6
299,-118.8
300,-122.4
301,-136.8
302,-154.8
303,-169.2
304,-183.6
305,-205.2
306,-216.0
307,-230.4
308,-244.8
309,-255.6
310,-259.2
311,-270.0
312,-270.0
313,-270.0
314,-266.4
315,-259.2
316,-255.6
317,-252.0
318,-241.2
319,-234.0
320,-234.0
321,-234.0
322,-234.0
323,-237.6
324,-234.0
325,-244.8
326,-255.6
327,-252.0
328,-266.4
329,-252.0
330,-262.8
331,-248.4
332,-230.4
333,-223.2
334,-212.4
335,-187.2
336,-172.8
337,-151.2
338,-136.8
339,-122.4
340,-108.0
341,-100.8
342,-100.8
343,-97.2
344,-104.4
345,-115.2
346,-129.6
347,-144.0
348,-165.6
349,-190.8
350,-212.4
351,-237.6
352,-262.8
353,-288.0
354,-291.6
355,-324.0
356,-316.8
357,-338.4
358,-324.0
359,-327.6
360,-302.4
361,-306.0
362,-295.2
363,-273.6
364,-255.6
365,-252.0
366,-241.2
367,-230.4
368,-219.6
369,-219.6
370,-226.8
371,-230.4
372,-241.2
373,-248.4
374,-248.4
375,-270.0
376,-273.6
377,-280.8
378,-259.2
379,-262.8
380,-255.6
381,-248.4
382,-219.6
383,-205.2
384,-180.0
385,-165.6
386,-144.0
387,-133.2
388,-111.6
389,-104.4
390,-97.2
391,-100.8
392,-108.0
393,-118.8
394,-136.8
395,-154.8
396,-172.8
397,-187.2
398,-216.0
399,-234.0
400,-252.0
401,-273.6
402,-291.6
403,-298.8
404,-302.4
405,-306.0
406,-302.4
407,-309.6
408,-302.4
409,-288.0
410,-284.4
411,-262.8
412,-262.8
413,-248.4
414,-237.6
415,-234.0
416,-237.6
417,-237.6
418,-234.0
419,-244.8
420,-255.6
421,-262.8
422,-273.6
423,-284.4
424,-273.6
425,-277.2
426,-280.8
427,-280.8
428,-252.0
429,-248.4
430,-226.8
431,-201.6
432,-183.6
433,-162.0
434,-140.4
435,-122.4
436,-115.2
437,-100.8
438,-97.2
439,-100.8
440,-111.6
441,-118.8
442,-140.4
443,-154.8
444,-172.8
445,-190.8
446,-226.8
447,-237.6
448,-270.0
449,-277.2
450,-295.2
451,-302.4
452,-313.2
453,-309.6
454,-320.4
455,-309.6
456,-302.4
457,-295.2
458,-288.0
459,-277.2
460,-273.6
461,-262.8
462,-252.0
463,-248.4
464,-259.2
465,-244.8
466,-255.6
467,-244.8
468,-255.6
469,-266.4
470,-259.2
471,-291.6
472,-277.2
473,-270.0
474,-266.4
475,-262.8
476,-252.0
477,-241.2
478,-226.8
479,-201.6
480,-187.2
481,-162.0
482,-140.4
483,-129.6
484,-111.6
485,-104.4
486,-100.8
487,-97.2
488,-108.0
489,-115.2
490,-140.4
491,-151.2
492,-176.4
493,-205.2
494,-230.4
495,-252.0
496,-270.0
497,-277.2
498,-306.0
499,-291.6
500,-309.6
501,-306.0
502,-298.8
503,-291.6
504,-288.0
505,-284.4
506,-266.4
507,-273.6
508,-259.2
509,-248.4
510,-248.4
511,-237.6
512,-252.0
513,-241.2
514,-244.8
515,-262.8
516,-262.8
517,-259.2
518,-270.0
519,-273.6
520,-270.0
521,-273.6
522,-273.6
523,-262.8
524,-259.2
525,-252.0
526,-230.4
527,-208.8
528,-190.8
529,-169.2
530,-154.8
531,-136.8
532,-118.8
533,-108.0
534,-104.4
535,-111.6
536,-111.6
537,-126.0
538,-144.0
539,-172.8
540,-201.6
541,-223.2
542,-262.8
543,-277.2
544,-302.4
545,-324.0
546,-342.0
547,-352.8
548,-352.8
549,-352.8
550,-352.8
551,-334.8
552,-327.6
553,-324.0
554,-284.4
555,-288.0
556,-277.2
557,-270.0
558,-255.6
559,-266.4
560,-252.0
561,-266.4
562,-266.4
563,-270.0
564,-280.8
565,-262.8
566,-273.6
567,-277.2
568,-266.4
569,-273.6
570,-262.8
571,-262.8
572,-248.4
573,-241.2
574,-223.2
575,-208.8
576,-190.8
577,-172.8
578,-162.0
579,-147.6
580,-129.6
581,-122.4
582,-115.2
583,-115.2
584,-111.6
585,-115.2
586,-122.4
587,-129.6
588,-151.2
589,-162.0
590,-187.2
591,-208.8
592,-226.8
593,-248.4
594,-262.8
595,-273.6
596,-280.8
597,-291.6
598,-298.8
599,-298.8
600,-295.2
601,-284.4
602,-291.6
603,-277.2
604,-277.2
605,-270.0
606,-266.4
607,-259.2
608,-248.4
609,-262.8
610,-273.6
611,-262.8
612,-270.0
613,-266.4
614,-270.0
615,-262.8
616,-252.0
617,-259.2
618,-241.2
619,-230.4
620,-212.4
621,-212.4
622,-190.8
623,-183.6
624,-172.8
625,-165.6
626,-151.2
627,-136.8
628,-129.6
629,-122.4
630,-115.2
631,-108.0
632,-108.0
633,-111.6
634,-115.2
635,-118.8
636,-129.6
637,-136.8
638,-154.8
639,-169.2
640,-187.2
641,-208.8
642,-216.0
643,-237.6
644,-244.8
645,-262.8
646,-266.4
647,-273.6
648,-273.6
649,-277.2
650,-273.6
651,-270.0
652,-255.6
653,-244.8
654,-241.2
655,-237.6
656,-234.0
657,-230.4
658,-234.0
659,-237.6
660,-244.8
661,-241.2
662,-255.6
663,-259.2
664,-262.8
665,-259.2
666,-255.6
667,-252.0
668,-244.8
669,-230.4
670,-208.8
671,-190.8
672,-172.8
673,-154.8
674,-140.4
675,-126.0
676,-111.6
677,-100.8
678,-100.8
679,-100.8
680,-104.4
681,-111.6
682,-129.6
683,-151.2
684,-176.4
685,-198.0
686,-219.6
687,-244.8
688,-262.8
689,-284.4
690,-298.8
691,-327.6
692,-338.4
693,-331.2
694,-342.0
695,-331.2
696,-316.8
697,-309.6
698,-291.6
699,-280.8
700,-270.0
701,-252.0
702,-241.2
703,-230.4
704,-230.4
705,-230.4
706,-226.8
707,-241.2
708,-230.4
709,-255.6
710,-259.2
711,-277.2
712,-284.4
713,-273.6
714,-280.8
715,-270.0
716,-262.8
717,-252.0
718,-230.4
719,-212.4
720,-190.8
721,-172.8
722,-147.6
723,-133.2
724,-115.2
725,-108.0
726,-104.4
727,-104.4
728,-108.0
729,-115.2
730,-133.2
731,-154.8
732,-172.8
733,-194.4
734,-226.8
735,-234.0
736,-270.0
737,-280.8
738,-298.8
739,-298.8
740,-313.2
741,-316.8
742,-309.6
743,-320.4
744,-302.4
745,-302.4
746,-280.8
747,-270.0
748,-266.4
749,-244.8
750,-248.4
751,-237.6
752,-244.8
753,-237.6
754,-244.8
755,-248.4
756,-255.6
757,-273.6
758,-273.6
759,-280.8
760,-295.2
761,-291.6
762,-288.0
763,-280.8
764,-259.2
765,-252.0
766,-226.8
767,-208.8
768,-183.6
769,-162.0
770,-140.4
771,-122.4
772,-111.6
773,-104.4
774,-100.8
775,-100.8
776,-111.6
777,-122.4
778,-136.8
779,-154.8
780,-183.6
781,-198.0
782,-223.2
783,-241.2
784,-270.0
785,-280.8
786,-291.6
787,-302.4
788,-313.2
789,-324.0
790,-320.4
791,-309.6
792,-313.2
793,-302.4
794,-288.0
795,-284.4
796,-273.6
797,-266.4
798,-259.2
799,-259.2
800,-255.6
801,-244.8
802,-248.4
803,-259.2
804,-266.4
805,-259.2
806,-266.4
807,-280.8
808,-277.2
809,-273.6
810,-273.6
811,-262.8
812,-252.0
813,-252.0
814,-226.8
815,-208.8
816,-194.4
817,-169.2
818,-147.6
819,-122.4
820,-118.8
821,-108.0
822,-100.8
823,-100.8
824,-111.6
825,-118.8
826,-136.8
827,-151.2
828,-183.6
829,-205.2
830,-230.4
831,-244.8
832,-273.6
833,-284.4
834,-306.0
835,-316.8
836,-302.4
837,-309.6
838,-306.0
839,-298.8
840,-298.8
841,-288.0
842,-277.2
843,-270.0
844,-259.2
845,-248.4
846,-248.4
847,-241.2
848,-248.4
849,-252.0
850,-248.4
851,-266.4
852,-262.8
853,-277.2
854,-280.8
855,-284.4
856,-284.4
857,-280.8
858,-277.2
859,-266.4
860,-262.8
861,-244.8
862,-230.4
863,-216.0
864,-190.8
865,-172.8
866,-151.2
867,-133.2
868,-118.8
869,-111.6
870,-104.4
871,-111.6
872,-115.2
873,-133.2
874,-147.6
875,-183.6
876,-205.2
877,-230.4
878,-248.4
879,-280.8
880,-306.0
881,-324.0
882,-349.2
883,-345.6
884,-352.8
885,-360.0
886,-345.6
887,-349.2
888,-342.0
889,-313.2
890,-295.2
891,-295.2
892,-284.4
893,-277.2
894,-259.2
895,-259.2
896,-273.6
897,-270.0
898,-270.0
899,-273.6
900,-270.0
901,-273.6
902,-277.2
903,-277.2
904,-273.6
905,-277.2
906,-277.2
907,-262.8
908,-252.0
909,-244.8
910,-226.8
911,-216.0
912,-198.0
913,-176.4
914,-165.6
915,-147.6
916,-136.8
917,-129.6
918,-122.4
919,-118.8
920,-111.6
921,-115.2
922,-122.4
923,-136.8
924,-151.2
925,-169.2
926,-190.8
927,-208.8
928,-230.4
929,-244.8
930,-273.6
931,-280.8
932,-291.6
933,-298.8
934,-309.6
935,-291.6
936,-313.2
937,-291.6
938,-295.2
939,-288.0
940,-273.6
941,-277.2
942,-277.2
943,-266.4
944,-262.8
945,-266.4
946,-273.6
947,-280.8
948,-262.8
949,-277.2
950,-270.0
951,-259.2
952,-255.6
953,-255.6
954,-248.4
955,-237.6
956,-226.8
957,-212.4
958,-205.2
959,-190.8
960,-176.4
961,-165.6
962,-151.2
963,-136.8
964,-133.2
965,-122.4
966,-118.8
967,-111.6
968,-111.6
969,-111.6
970,-118.8
971,-122.4
972,-122.4
973,-140.4
974,-154.8
975,-169.2
976,-183.6
977,-201.6
978,-216.0
979,-237.6
980,-252.0
981,-266.4
982,-273.6
983,-273.6
984,-288.0
985,-277.2
986,-270.0
987,-266.4
988,-259.2
989,-259.2
990,-248.4
991,-237.6
992,-237.6
993,-244.8
994,-244.8
995,-248.4
996,-248.4
997,-252.0
998,-259.2
999,-266.4
1000,-259.2
1001,-266.4
1002,-255.6
1003,-255.6
1004,-241.2
1005,-226.8
1006,-212.4
1007,-190.8
1008,-172.8
1009,-162.0
1010,-136.8
1011,-129.6
1012,-111.6
1013,-104.4
1014,-100.8
1015,-97.2
1016,-104.4
1017,-122.4
1018,-133.2
1019,-151.2
1020,-172.8
1021,-198.0
1022,-223.2
1023,-248.4
1024,-273.6
1025,-291.6
1026,-306.0
1027,-320.4
1028,-334.8
1029,-342.0
1030,-342.0
1031,-334.8
1032,-324.0
1033,-309.6
1034,-295.2
1035,-284.4
1036,-270.0
1037,-252.0
1038,-252.0
1039,-234.0
1040,-234.0
1041,-230.4
1042,-252.0
1043,-248.4
1044,-248.4
1045,-255.6
1046,-273.6
1047,-270.0
1048,-270.0
1049,-288.0
1050,-288.0
1051,-277.2
1052,-266.4
1053,-255.6
1054,-230.4
1055,-219.6
1056,-194.4
1057,-176.4
1058,-154.8
1059,-129.6
1060,-118.8
1061,-111.6
1062,-104.4
1063,-108.0
1064,-111.6
1065,-122.4
1066,-129.6
1067,-158.4
1068,-176.4
1069,-201.6
1070,-223.2
1071,-255.6
1072,-270.0
1073,-291.6
1074,-306.0
1075,-309.6
1076,-316.8
1077,-324.0
1078,-327.6
1079,-316.8
1080,-309.6
1081,-291.6
1082,-284.4
1083,-270.0
1084,-270.0
1085,-252.0
1086,-252.0
1087,-252.0
1088,-241.2
1089,-248.4
1090,-255.6
1091,-255.6
1092,-273.6
1093,-280.8
1094,-284.4
1095,-291.6
1096,-280.8
1097,-306.0
1098,-288.0
1099,-277.2
1100,-266.4
1101,-248.4
1102,-234.0
1103,-216.0
1104,-187.2
1105,-158.4
1106,-147.6
1107,-133.2
1108,-115.2
1109,-108.0
1110,-100.8
1111,-100.8
1112,-111.6
1113,-126.0
1114,-144.0
1115,-162.0
1116,-180.0
1117,-205.2
1118,-234.0
1119,-252.0
1120,-270.0
1121,-298.8
1122,-309.6
1123,-316.8
1124,-327.6
1125,-324.0
1126,-327.6
1127,-320.4
1128,-313.2
1129,-313.2
1130,-298.8
1131,-288.0
1132,-280.8
1133,-273.6
1134,-259.2
1135,-259.2
1136,-252.0
1137,-259.2
1138,-259.2
1139,-262.8
1140,-266.4
1141,-266.4
1142,-280.8
1143,-284.4
1144,-280.8
1145,-288.0
1146,-277.2
1147,-280.8
1148,-255.6
1149,-248.4
1150,-241.2
1151,-216.0
1152,-194.4
1153,-169.2
1154,-154.8
1155,-129.6
1156,-118.8
1157,-111.6
1158,-104.4
1159,-104.4
1160,-111.6
1161,-122.4
1162,-140.4
1163,-165.6
1164,-190.8
1165,-212.4
1166,-230.4
1167,-255.6
1168,-277.2
1169,-288.0
1170,-306.0
1171,-313.2
1172,-327.6
1173,-324.0
1174,-320.4
1175,-320.4
1176,-298.8
1177,-288.0
1178,-280.8
1179,-280.8
1180,-270.0
1181,-248.4
1182,-259.2
1183,-252.0
1184,-252.0
1185,-255.6
1186,-259.2
1187,-262.8
1188,-259.2
1189,-270.0
1190,-277.2
1191,-284.4
1192,-291.6
1193,-288.0
1194,-284.4
1195,-277.2
1196,-266.4
1197,-259.2
1198,-241.2
1199,-219.6
1200,-198.0
1201,-172.8
1202,-158.4
1203,-140.4
1204,-126.0
1205,-111.6
1206,-111.6
1207,-108.0
1208,-122.4
1209,-136.8
1210,-154.8
1211,-180.0
1212,-201.6
1213,-241.2
1214,-259.2
1215,-295.2
1216,-320.4
1217,-338.4
1218,-360.0
1219,-356.4
1220,-360.0
1221,-360.0
1222,-360.0
1223,-349.2
1224,-345.6
1225,-324.0
1226,-313.2
1227,-306.0
1228,-288.0
1229,-280.8
1230,-270.0
1231,-259.2
1232,-262.8
1233,-273.6
1234,-270.0
1235,-277.2
1236,-284.4
1237,-280.8
1238,-288.0
1239,-302.4
1240,-284.4
1241,-280.8
1242,-277.2
1243,-273.6
1244,-248.4
1245,-237.6
1246,-237.6
1247,-212.4
1248,-208.8
1249,-187.2
1250,-165.6
1251,-147.6
1252,-140.4
1253,-129.6
1254,-118.8
1255,-118.8
1256,-118.8
1257,-118.8
1258,-129.6
1259,-136.8
1260,-151.2
1261,-169.2
1262,-194.4
1263,-216.0
1264,-237.6
1265,-255.6
1266,-266.4
1267,-291.6
1268,-291.6
1269,-316.8
1270,-309.6
1271,-313.2
1272,-306.0
1273,-298.8
1274,-298.8
1275,-291.6
1276,-284.4
1277,-277.2
1278,-270.0
1279,-270.0
1280,-280.8
1281,-273.6
1282,-277.2
1283,-284.4
1284,-291.6
1285,-284.4
1286,-273.6
1287,-277.2
1288,-270.0
1289,-266.4
1290,-252.0
1291,-244.8
1292,-230.4
1293,-219.6
1294,-205.2
1295,-190.8
1296,-172.8
1297,-165.6
1298,-154.8
1299,-144.0
1300,-133.2
1301,-126.0
1302,-118.8
1303,-111.6
1304,-115.2
1305,-115.2
1306,-118.8
1307,-122.4
1308,-136.8
1309,-140.4
1310,-158.4
1311,-176.4
1312,-194.4
1313,-208.8
1314,-219.6
1315,-244.8
1316,-266.4
1317,-277.2
1318,-277.2
1319,-295.2
1320,-288.0
1321,-288.0
1322,-277.2
1323,-273.6
1324,-270.0
1325,-266.4
1326,-252.0
1327,-259.2
1328,-244.8
1329,-244.8
1330,-248.4
1331,-244.8
1332,-252.0
1333,-248.4
1334,-259.2
1335,-266.4
1336,-266.4
1337,-270.0
1338,-266.4
1339,-262.8
1340,-252.0
1341,-230.4
1342,-216.0
1343,-201.6
1344,-183.6
1345,-165.6
1346,-147.6
1347,-129.6
1348,-111.6
1349,-108.0
1350,-100.8
1351,-100.8
1352,-108.0
1353,-118.8
1354,-136.8
1355,-151.2
1356,-176.4
1357,-201.6
1358,-230.4
1359,-255.6
1360,-280.8
1361,-306.0
1362,-316.8
1363,-327.6
1364,-342.0
1365,-349.2
1366,-352.8
1367,-345.6
1368,-334.8
1369,-324.0
1370,-306.0
1371,-284.4
1372,-277.2
1373,-262.8
1374,-248.4
1375,-241.2
1376,-234.0
1377,-241.2
1378,-244.8
1379,-248.4
1380,-259.2
1381,-262.8
1382,-270.0
1383,-273.6
1384,-295.2
1385,-306.0
1386,-298.8
1387,-284.4
1388,-266.4
1389,-252.0
1390,-244.8
1391,-219.6
1392,-205.2
1393,-169.2
1394,-154.8
1395,-133.2
1396,-118.8
1397,-115.2
1398,-108.0
1399,-108.0
1400,-111.6
1401,-122.4
1402,-140.4
1403,-158.4
1404,-176.4
1405,-205.2
1406,-226.8
1407,-248.4
1408,-270.0
1409,-288.0
1410,-302.4
1411,-320.4
1412,-327.6
1413,-327.6
1414,-331.2
1415,-327.6
1416,-324.0
1417,-309.6
1418,-295.2
1419,-280.8
1420,-270.0
1421,-262.8
1422,-248.4
1423,-241.2
1424,-241.2
1425,-244.8
1426,-248.4
1427,-262.8
1428,-266.4
1429,-270.0
1430,-284.4
1431,-295.2
1432,-298.8
1433,-306.0
1434,-295.2
1435,-288.0
1436,-270.0
1437,-259.2
1438,-248.4
1439,-212.4
1440,-187.2
1441,-172.8
1442,-144.0
1443,-129.6
1444,-115.2
1445,-108.0
1446,-104.4
1447,-104.4
1448,-115.2
1449,-129.6
1450,-147.6
1451,-162.0
1452,-194.4
1453,-208.8
1454,-241.2
1455,-255.6
1456,-273.6
1457,-298.8
1458,-302.4
1459,-327.6
1460,-320.4
1461,-338.4
1462,-331.2
1463,-331.2
1464,-324.0
1465,-313.2
1466,-298.8
1467,-291.6
1468,-291.6
1469,-280.8
1470,-270.0
1471,-266.4
1472,-262.8
1473,-262.8
1474,-266.4
1475,-266.4
1476,-273.6
1477,-277.2
1478,-288.0
1479,-291.6
1480,-280.8
1481,-288.0
1482,-295.2
1483,-284.4
1484,-270.0
1485,-262.8
1486,-244.8
1487,-219.6
1488,-198.0
1489,-180.0
1490,-154.8
1491,-136.8
1492,-115.2
1493,-108.0
1494,-100.8
1495,-104.4
1496,-115.2
1497,-129.6
1498,-144.0
1499,-165.6
1500,-187.2
1501,-219.6
1502,-252.0
1503,-259.2
1504,-284.4
1505,-295.2
1506,-320.4
1507,-327.6
1508,-331.2
1509,-334.8
1510,-334.8
1511,-324.0
1512,-309.6
1513,-302.4
1514,-280.8
1515,-277.2
1516,-280.8
1517,-270.0
1518,-259.2
1519,-259.2
1520,-255.6
1521,-270.0
1522,-277.2
1523,-266.4
1524,-266.4
1525,-280.8
1526,-280.8
1527,-298.8
1528,-288.0
1529,-291.6
1530,-302.4
1531,-295.2
1532,-262.8
1533,-259.2
1534,-241.2
1535,-223.2
1536,-201.6
1537,-187.2
1538,-158.4
1539,-140.4
1540,-129.6
1541,-115.2
1542,-111.6
1543,-115.2
1544,-122.4
1545,-140.4
1546,-158.4
1547,-180.0
1548,-212.4
1549,-237.6
1550,-270.0
1551,-295.2
1552,-324.0
1553,-345.6
1554,-370.8
1555,-370.8
1556,-367.2
1557,-367.2
1558,-360.0
1559,-352.8
1560,-349.2
1561,-342.0
1562,-316.8
1563,-302.4
1564,-298.8
1565,-284.4
1566,-277.2
1567,-288.0
1568,-277.2
1569,-266.4
1570,-280.8
1571,-284.4
1572,-284.4
1573,-288.0
1574,-291.6
1575,-288.0
1576,-288.0
1577,-291.6
1578,-273.6
1579,-270.0
1580,-262.8
1581,-255.6
1582,-237.6
1583,-226.8
1584,-208.8
1585,-190.8
1586,-169.2
1587,-158.4
1588,-144.0
1589,-133.2
1590,-126.0
1591,-118.8
1592,-118.8
1593,-122.4
1594,-129.6
1595,-140.4
1596,-158.4
1597,-176.4
1598,-194.4
1599,-216.0
1600,-237.6
1601,-259.2
1602,-270.0
1603,-298.8
1604,-298.8
1605,-316.8
1606,-313.2
1607,-313.2
1608,-316.8
1609,-309.6
1610,-295.2
1611,-288.0
1612,-295.2
1613,-288.0
1614,-295.2
1615,-284.4
1616,-277.2
1617,-280.8
1618,-280.8
1619,-266.4
1620,-280.8
1621,-288.0
1622,-280.8
1623,-280.8
1624,-277.2
1625,-270.0
1626,-255.6
1627,-248.4
1628,-237.6
1629,-216.0
1630,-212.4
1631,-190.8
1632,-183.6
1633,-176.4
1634,-158.4
1635,-140.4
1636,-133.2
1637,-129.6
1638,-118.8
1639,-122.4
1640,-115.2
1641,-118.8
1642,-122.4
1643,-133.2
1644,-136.8
1645,-147.6
1646,-158.4
1647,-180.0
1648,-194.4
1649,-208.8
1650,-226.8
1651,-237.6
1652,-266.4
1653,-273.6
1654,-280.8
1655,-291.6
1656,-295.2
1657,-291.6
1658,-284.4
1659,-284.4
1660,-280.8
1661,-262.8
1662,-255.6
1663,-255.6
1664,-248.4
1665,-244.8
1666,-252.0
1667,-259.2
1668,-262.8
1669,-262.8
1670,-270.0
1671,-277.2
1672,-270.0
1673,-284.4
1674,-273.6
1675,-259.2
1676,-262.8
1677,-241.2
1678,-216.0
1679,-208.8
1680,-187.2
1681,-165.6
1682,-147.6
1683,-129.6
1684,-115.2
1685,-111.6
1686,-100.8
1687,-104.4
1688,-111.6
1689,-126.0
1690,-140.4
1691,-158.4
1692,-180.0
1693,-208.8
1694,-226.8
1695,-259.2
1696,-280.8
1697,-313.2
1698,-327.6
1699,-342.0
1700,-349.2
1701,-356.4
1702,-360.0
1703,-352.8
1704,-338.4
1705,-331.2
1706,-313.2
1707,-302.4
1708,-273.6
1709,-266.4
1710,-252.0
1711,-248.4
1712,-248.4
1713,-241.2
1714,-248.4
1715,-244.8
1716,-255.6
1717,-277.2
1718,-284.4
1719,-284.4
1720,-291.6
1721,-291.6
1722,-298.8
1723,-284.4
1724,-280.8
1725,-262.8
1726,-244.8
1727,-219.6
1728,-198.0
1729,-183.6
1730,-154.8
1731,-136.8
1732,-122.4
1733,-111.6
1734,-104.4
1735,-108.0
1736,-111.6
1737,-126.0
1738,-140.4
1739,-162.0
1740,-180.0
1741,-205.2
1742,-230.4
1743,-259.2
1744,-280.8
1745,-288.0
1746,-306.0
1747,-320.4
1748,-334.8
1749,-342.0
1750,-331.2
1751,-331.2
1752,-324.0
1753,-313.2
1754,-291.6
1755,-280.8
1756,-277.2
1757,-255.6
1758,-255.6
1759,-255.6
1760,-266.4
1761,-252.0
1762,-259.2
1763,-273.6
1764,-273.6
1765,-288.0
1766,-306.0
1767,-291.6
1768,-313.2
1769,-298.8
1770,-298.8
1771,-288.0
1772,-280.8
1773,-266.4
1774,-241.2
1775,-216.0
1776,-198.0
1777,-169.2
1778,-154.8
1779,-133.2
1780,-122.4
1781,-108.0
1782,-104.4
1783,-108.0
1784,-122.4
1785,-129.6
1786,-147.6
1787,-172.8
1788,-187.2
1789,-216.0
1790,-241.2
1791,-262.8
1792,-284.4
1793,-298.8
1794,-324.0
1795,-309.6
1796,-338.4
1797,-334.8
1798,-338.4
1799,-334.8
1800,-320.4
1801,-316.8
1802,-324.0
1803,-295.2
1804,-284.4
1805,-284.4
1806,-280.8
1807,-277.2
1808,-280.8
1809,-273.6
1810,-277.2
1811,-266.4
1812,-277.2
1813,-284.4
1814,-291.6
1815,-298.8
1816,-298.8
1817,-295.2
1818,-288.0
1819,-302.4
1820,-280.8
1821,-266.4
1822,-244.8
1823,-230.4
1824,-201.6
1825,-172.8
1826,-158.4
1827,-140.4
1828,-122.4
1829,-108.0
1830,-108.0
1831,-108.0
1832,-115.2
1833,-129.6
1834,-147.6
1835,-172.8
1836,-194.4
1837,-219.6
1838,-244.8
1839,-277.2
1840,-284.4
1841,-316.8
1842,-320.4
1843,-320.4
1844,-327.6
1845,-338.4
1846,-334.8
1847,-334.8
1848,-316.8
1849,-313.2
1850,-295.2
1851,-288.0
1852,-280.8
1853,-262.8
1854,-266.4
1855,-270.0
1856,-270.0
1857,-266.4
1858,-270.0
1859,-280.8
1860,-277.2
1861,-291.6
1862,-288.0
1863,-302.4
1864,-298.8
1865,-302.4
1866,-298.8
1867,-295.2
1868,-273.6
1869,-262.8
1870,-252.0
1871,-226.8
1872,-212.4
1873,-183.6
1874,-165.6
1875,-144.0
1876,-133.2
1877,-126.0
1878,-111.6
1879,-115.2
1880,-126.0
1881,-140.4
1882,-154.8
1883,-187.2
1884,-212.4
1885,-237.6
1886,-280.8
1887,-298.8
1888,-334.8
1889,-352.8
1890,-370.8
1891,-370.8
1892,-378.0
1893,-378.0
1894,-378.0
1895,-360.0
1896,-349.2
1897,-349.2
1898,-316.8
1899,-313.2
1900,-306.0
1901,-302.4
1902,-295.2
1903,-280.8
1904,-280.8
1905,-280.8
1906,-284.4
1907,-298.8
1908,-291.6
1909,-291.6
1910,-291.6
1911,-288.0
1912,-298.8
1913,-291.6
1914,-284.4
1915,-277.2
1916,-270.0
1917,-255.6
1918,-241.2
1919,-226.8
1920,-216.0
1921,-194.4
1922,-172.8
1923,-165.6
1924,-144.0
1925,-133.2
1926,-126.0
1927,-118.8
1928,-118.8
1929,-126.0
1930,-133.2
1931,-140.4
1932,-162.0
1933,-180.0
1934,-201.6
1935,-216.0
1936,-244.8
1937,-266.4
1938,-280.8
1939,-295.2
1940,-320.4
1941,-324.0
1942,-324.0
1943,-320.4
1944,-313.2
1945,-313.2
1946,-320.4
1947,-298.8
1948,-295.2
1949,-298.8
1950,-291.6
1951,-280.8
1952,-291.6
1953,-288.0
1954,-291.6
1955,-280.8
1956,-277.2
1957,-284.4
1958,-291.6
1959,-284.4
1960,-280.8
1961,-273.6
1962,-266.4
1963,-255.6
1964,-241.2
1965,-234.0
1966,-212.4
1967,-194.4
1968,-190.8
1969,-176.4
1970,-162.0
1971,-147.6
1972,-136.8
1973,-129.6
1974,-129.6
1975,-122.4
1976,-118.8
1977,-118.8
1978,-122.4
1979,-129.6
1980,-136.8
1981,-151.2
1982,-165.6
1983,-180.0
1984,-198.0
1985,-212.4
1986,-230.4
1987,-255.6
1988,-273.6
1989,-277.2
1990,-280.8
1991,-295.2
1992,-302.4
1993,-302.4
1994,-291.6
1995,-288.0
1996,-277.2
1997,-270.0
1998,-270.0
1999,-270.0
2000,-252.0
2001,-262.8
2002,-255.6
2003,-252.0
2004,-266.4
2005,-266.4
2006,-273.6
2007,-288.0
2008,-291.6
2009,-277.2
2010,-277.2
2011,-273.6
2012,-266.4
2013,-244.8
2014,-234.0
2015,-205.2
2016,-190.8
2017,-169.2
2018,-144.0
2019,-136.8
2020,-118.8
2021,-111.6
2022,-104.4
2023,-108.0
2024,-115.2
2025,-126.0
2026,-140.4
2027,-162.0
2028,-187.2
2029,-208.8
2030,-244.8
2031,-266.4
2032,-288.0
2033,-320.4
2034,-334.8
2035,-349.2
2036,-378.0
2037,-356.4
2038,-356.4
2039,-363.6
2040,-331.2
2041,-345.6
2042,-313.2
2043,-298.8
2044,-291.6
2045,-270.0
2046,-262.8
2047,-252.0
2048,-248.4
2049,-237.6
2050,-255.6
2051,-255.6
2052,-273.6
2053,-277.2
2054,-291.6
2055,-298.8
2056,-302.4
2057,-295.2
2058,-309.6
2059,-295.2
2060,-280.8
2061,-266.4
2062,-252.0
2063,-226.8
2064,-201.6
2065,-183.6
2066,-165.6
2067,-144.0
2068,-126.0
2069,-115.2
2070,-111.6
2071,-111.6
2072,-122.4
2073,-133.2
2074,-147.6
2075,-169.2
2076,-190.8
2077,-205.2
2078,-237.6
2079,-255.6
2080,-280.8
2081,-298.8
2082,-316.8
2083,-342.0
2084,-338.4
2085,-338.4
2086,-331.2
2087,-331.2
2088,-334.8
2089,-327.6
2090,-306.0
2091,-291.6
2092,-284.4
2093,-273.6
2094,-266.4
2095,-255.6
2096,-255.6
2097,-273.6
2098,-259.2
2099,-273.6
2100,-277.2
2101,-291.6
2102,-302.4
2103,-306.0
2104,-309.6
2105,-316.8
2106,-316.8
2107,-302.4
2108,-284.4
2109,-273.6
2110,-255.6
2111,-219.6
2112,-205.2
2113,-176.4
2114,-158.4
2115,-140.4
2116,-118.8
2117,-111.6
2118,-108.0
2119,-111.6
2120,-115.2
2121,-133.2
2122,-151.2
2123,-165.6
2124,-194.4
2125,-212.4
2126,-237.6
2127,-277.2
2128,-288.0
2129,-306.0
2130,-334.8
2131,-334.8
2132,-338.4
2133,-352.8
2134,-342.0
2135,-345.6
2136,-324.0
2137,-313.2
2138,-313.2
2139,-306.0
2140,-298.8
2141,-295.2
2142,-280.8
2143,-273.6
2144,-277.2
2145,-270.0
2146,-270.0
2147,-277.2
2148,-284.4
2149,-291.6
2150,-291.6
2151,-316.8
2152,-302.4
2153,-306.0
2154,-302.4
2155,-291.6
2156,-291.6
2157,-270.0
2158,-244.8
2159,-230.4
2160,-201.6
2161,-180.0
2162,-165.6
2163,-144.0
2164,-126.0
2165,-115.2
2166,-108.0
2167,-111.6
2168,-118.8
2169,-129.6
2170,-147.6
2171,-172.8
2172,-198.0
2173,-223.2
2174,-244.8
2175,-277.2
2176,-295.2
2177,-316.8
2178,-316.8
2179,-331.2
2180,-342.0
2181,-338.4
2182,-334.8
2183,-345.6
2184,-324.0
2185,-302.4
2186,-302.4
2187,-288.0
2188,-277.2
2189,-280.8
2190,-273.6
2191,-270.0
2192,-270.0
2193,-277.2
2194,-280.8
2195,-280.8
2196,-288.0
2197,-288.0
2198,-291.6
2199,-302.4
2200,-306.0
2201,-302.4
2202,-309.6
2203,-295.2
2204,-288.0
2205,-266.4
2206,-248.4
2207,-226.8
2208,-216.0
2209,-187.2
2210,-165.6
2211,-147.6
2212,-129.6
2213,-122.4
2214,-111.6
2215,-122.4
2216,-129.6
2217,-144.0
2218,-165.6
2219,-190.8
2220,-219.6
2221,-248.4
2222,-284.4
2223,-313.2
2224,-338.4
2225,-352.8
2226,-378.0
2227,-378.0
2228,-378.0
2229,-378.0
2230,-378.0
2231,-378.0
2232,-378.0
2233,-378.0
2234,-374.4
2235,-324.0
2236,-313.2
2237,-302.4
2238,-302.4
2239,-291.6
2240,-295.2
2241,-284.4
2242,-288.0
2243,-288.0
2244,-302.4
2245,-302.4
2246,-298.8
2247,-298.8
2248,-306.0
2249,-295.2
2250,-291.6
2251,-284.4
2252,-270.0
2253,-270.0
2254,-244.8
2255,-237.6
2256,-212.4
2257,-198.0
2258,-176.4
2259,-165.6
2260,-151.2
2261,-136.8
2262,-129.6
2263,-118.8
2264,-122.4
2265,-129.6
2266,-140.4
2267,-147.6
2268,-162.0
2269,-183.6
2270,-201.6
2271,-230.4
2272,-248.4
2273,-266.4
2274,-288.0
2275,-306.0
2276,-313.2
2277,-331.2
2278,-316.8
2279,-324.0
2280,-327.6
2281,-313.2
2282,-309.6
2283,-309.6
2284,-309.6
2285,-306.0
2286,-291.6
2287,-295.2
2288,-298.8
2289,-291.6
2290,-295.2
2291,-298.8
2292,-295.2
2293,-302.4
2294,-295.2
2295,-295.2
2296,-280.8
2297,-288.0
2298,-277.2
2299,-270.0
2300,-241.2
2301,-241.2
2302,-212.4
2303,-205.2
2304,-190.8
2305,-176.4
2306,-162.0
2307,-151.2
2308,-140.4
2309,-136.8
2310,-126.0
2311,-122.4
2312,-118.8
2313,-122.4
2314,-122.4
2315,-133.2
2316,-136.8
2317,-147.6
2318,-172.8
2319,-180.0
2320,-205.2
2321,-219.6
2322,-244.8
2323,-259.2
2324,-266.4
2325,-280.8
2326,-298.8
2327,-302.4
2328,-306.0
2329,-298.8
2330,-291.6
2331,-295.2
2332,-284.4
2333,-288.0
2334,-277.2
2335,-270.0
2336,-266.4
2337,-270.0
2338,-259.2
2339,-262.8
2340,-277.2
2341,-273.6
2342,-288.0
2343,-288.0
2344,-298.8
2345,-291.6
2346,-284.4
2347,-273.6
2348,-262.8
2349,-248.4
2350,-226.8
2351,-216.0
2352,-187.2
2353,-172.8
2354,-151.2
2355,-136.8
2356,-118.8
2357,-111.6
2358,-111.6
2359,-111.6
2360,-115.2
2361,-126.0
2362,-140.4
2363,-165.6
2364,-187.2
2365,-216.0
2366,-248.4
2367,-259.2
2368,-291.6
2369,-320.4
2370,-342.0
2371,-352.8
2372,-363.6
2373,-370.8
2374,-367.2
2375,-356.4
2376,-356.4
2377,-331.2
2378,-338.4
2379,-309.6
2380,-302.4
2381,-284.4
2382,-262.8
2383,-262.8
2384,-255.6
2385,-259.2
2386,-259.2
2387,-262.8
2388,-273.6
2389,-284.4
2390,-284.4
2391,-298.8
2392,-306.0
2393,-309.6
2394,-309.6
2395,-309.6
2396,-291.6
2397,-273.6
2398,-259.2
2399,-234.0
2400,-208.8
2401,-183.6
2402,-165.6
2403,-140.4
2404,-133.2
2405,-118.8
2406,-115.2
2407,-111.6
2408,-126.0
2409,-133.2
2410,-151.2
2411,-169.2
2412,-190.8
2413,-216.0
2414,-244.8
2415,-270.0
2416,-291.6
2417,-309.6
2418,-331.2
2419,-334.8
2420,-352.8
2421,-356.4
2422,-356.4
2423,-342.0
2424,-338.4
2425,-334.8
2426,-316.8
2427,-295.2
2428,-288.0
2429,-277.2
2430,-270.0
2431,-262.8
2432,-259.2
2433,-259.2
2434,-277.2
2435,-270.0
2436,-280.8
2437,-313.2
2438,-313.2
2439,-298.8
2440,-320.4
2441,-331.2
2442,-320.4
2443,-302.4
2444,-284.4
2445,-270.0
2446,-252.0
2447,-230.4
2448,-201.6
2449,-176.4
2450,-158.4
2451,-144.0
2452,-122.4
2453,-115.2
2454,-111.6
2455,-111.6
2456,-122.4
2457,-129.6
2458,-154.8
2459,-172.8
2460,-201.6
2461,-234.0
2462,-248.4
2463,-280.8
2464,-298.8
2465,-320.4
2466,-334.8
2467,-338.4
2468,-349.2
2469,-338.4
2470,-342.0
2471,-352.8
2472,-338.4
2473,-327.6
2474,-316.8
2475,-313.2
2476,-298.8
2477,-298.8
2478,-288.0
2479,-284.4
2480,-280.8
2481,-288.0
2482,-280.8
2483,-295.2
2484,-309.6
2485,-291.6
2486,-302.4
2487,-306.0
2488,-309.6
2489,-298.8
2490,-302.4
2491,-306.0
2492,-298.8
2493,-288.0
2494,-248.4
2495,-237.6
2496,-212.4
2497,-187.2
2498,-162.0
2499,-147.6
2500,-126.0
2501,-118.8
2502,-115.2
2503,-111.6
2504,-122.4
2505,-133.2
2506,-154.8
2507,-176.4
2508,-205.2
2509,-223.2
2510,-252.0
2511,-280.8
2512,-298.8
2513,-324.0
2514,-331.2
2515,-345.6
2516,-342.0
2517,-349.2
2518,-349.2
2519,-349.2
2520,-320.4
2521,-331.2
2522,-313.2
2523,-306.0
2524,-288.0
2525,-284.4
2526,-280.8
2527,-277.2
2528,-273.6
2529,-280.8
2530,-273.6
2531,-295.2
2532,-280.8
2533,-298.8
2534,-302.4
2535,-306.0
2536,-316.8
2537,-316.8
2538,-309.6
2539,-298.8
2540,-295.2
2541,-270.0
2542,-252.0
2543,-237.6
2544,-212.4
2545,-190.8
2546,-172.8
2547,-151.2
2548,-136.8
2549,-126.0
2550,-118.8
2551,-118.8
2552,-129.6
2553,-147.6
2554,-162.0
2555,-187.2
2556,-219.6
2557,-252.0
2558,-288.0
2559,-324.0
2560,-342.0
2561,-363.6
2562,-378.0
2563,-378.0
2564,-378.0
2565,-378.0
2566,-378.0
2567,-378.0
2568,-378.0
2569,-374.4
2570,-338.4
2571,-306.0
2572,-309.6
2573,-306.0
2574,-298.8
2575,-288.0
2576,-295.2
2577,-280.8
2578,-298.8
2579,-295.2
2580,-309.6
2581,-306.0
2582,-298.8
2583,-309.6
2584,-309.6
2585,-309.6
2586,-302.4
2587,-291.6
2588,-273.6
2589,-266.4
2590,-248.4
2591,-241.2
2592,-226.8
2593,-201.6
2594,-183.6
2595,-162.0
2596,-151.2
2597,-144.0
2598,-129.6
2599,-122.4
2600,-126.0
2601,-133.2
2602,-133.2
2603,-151.2
2604,-169.2
2605,-187.2
2606,-208.8
2607,-234.0
2608,-252.0
2609,-270.0
2610,-295.2
2611,-306.0
2612,-324.0
2613,-320.4
2614,-324.0
2615,-338.4
2616,-327.6
2617,-313.2
2618,-324.0
2619,-302.4
2620,-313.2
2621,-306.0
2622,-298.8
2623,-302.4
2624,-309.6
2625,-306.0
2626,-309.6
2627,-306.0
2628,-302.4
2629,-306.0
2630,-288.0
2631,-295.2
2632,-277.2
2633,-288.0
2634,-270.0
2635,-273.6
2636,-252.0
2637,-226.8
2638,-216.0
2639,-205.2
2640,-198.0
2641,-180.0
2642,-169.2
2643,-154.8
2644,-151.2
2645,-136.8
2646,-133.2
2647,-126.0
2648,-118.8
2649,-126.0
2650,-129.6
2651,-129.6
2652,-140.4
2653,-158.4
2654,-169.2
2655,-187.2
2656,-208.8
2657,-219.6
2658,-244.8
2659,-255.6
2660,-273.6
2661,-298.8
2662,-295.2
2663,-306.0
2664,-316.8
2665,-298.8
2666,-302.4
2667,-306.0
2668,-291.6
2669,-280.8
2670,-273.6
2671,-273.6
2672,-259.2
2673,-262.8
2674,-262.8
2675,-262.8
2676,-277.2
2677,-280.8
2678,-291.6
2679,-284.4
2680,-288.0
2681,-284.4
2682,-291.6
2683,-280.8
2684,-266.4
2685,-255.6
2686,-234.0
2687,-219.6
2688,-194.4
2689,-176.4
2690,-154.8
2691,-140.4
2692,-122.4
2693,-115.2
2694,-111.6
2695,-108.0
2696,-118.8
2697,-133.2
2698,-147.6
2699,-165.6
2700,-190.8
2701,-219.6
2702,-241.2
2703,-277.2
2704,-288.0
2705,-324.0
2706,-338.4
2707,-360.0
2708,-367.2
2709,-370.8
2710,-378.0
2711,-367.2
2712,-367.2
2713,-352.8
2714,-327.6
2715,-313.2
2716,-302.4
2717,-280.8
2718,-280.8
2719,-262.8
2720,-259.2
2721,-259.2
2722,-262.8
2723,-266.4
2724,-270.0
2725,-284.4
2726,-295.2
2727,-295.2
2728,-316.8
2729,-306.0
2730,-313.2
2731,-309.6
2732,-298.8
2733,-284.4
2734,-266.4
2735,-237.6
2736,-212.4
2737,-187.2
2738,-169.2
2739,-147.6
2740,-133.2
2741,-115.2
2742,-118.8
2743,-111.6
2744,-122.4
2745,-129.6
2746,-158.4
2747,-169.2
2748,-187.2
2749,-223.2
2750,-244.8
2751,-266.4
2752,-295.2
2753,-313.2
2754,-334.8
2755,-345.6
2756,-342.0
2757,-363.6
2758,-345.6
2759,-349.2
2760,-338.4
2761,-338.4
2762,-320.4
2763,-306.0
2764,-284.4
2765,-288.0
2766,-273.6
2767,-262.8
2768,-277.2
2769,-266.4
2770,-280.8
2771,-284.4
2772,-295.2
2773,-298.8
2774,-302.4
2775,-320.4
2776,-324.0
2777,-331.2
2778,-316.8
2779,-309.6
2780,-291.6
2781,-284.4
2782,-259.2
2783,-230.4
2784,-212.4
2785,-187.2
2786,-162.0
2787,-140.4
2788,-126.0
2789,-115.2
2790,-115.2
2791,-118.8
2792,-122.4
2793,-136.8
2794,-154.8
2795,-180.0
2796,-201.6
2797,-230.4
2798,-255.6
2799,-273.6
2800,-306.0
2801,-324.0
2802,-338.4
2803,-345.6
2804,-342.0
2805,-356.4
2806,-352.8
2807,-345.6
2808,-349.2
2809,-345.6
2810,-331.2
2811,-316.8
2812,-309.6
2813,-295.2
2814,-291.6
2815,-295.2
2816,-277.2
2817,-288.0
2818,-280.8
2819,-291.6
2820,-291.6
2821,-298.8
2822,-306.0
2823,-320.4
2824,-316.8
2825,-309.6
2826,-316.8
2827,-309.6
2828,-291.6
2829,-277.2
2830,-259.2
2831,-234.0
2832,-212.4
2833,-183.6
2834,-165.6
2835,-151.2
2836,-129.6
2837,-118.8
2838,-115.2
2839,-115.2
2840,-122.4
2841,-136.8
2842,-154.8
2843,-180.0
2844,-198.0
2845,-223.2
2846,-259.2
2847,-284.4
2848,-306.0
2849,-316.8
2850,-342.0
2851,-349.2
2852,-352.8
2853,-363.6
2854,-342.0
2855,-345.6
2856,-334.8
2857,-320.4
2858,-313.2
2859,-306.0
2860,-298.8
2861,-288.0
2862,-280.8
2863,-288.0
2864,-280.8
2865,-280.8
2866,-291.6
2867,-288.0
2868,-295.2
2869,-306.0
2870,-309.6
2871,-316.8
2872,-327.6
2873,-316.8
2874,-313.2
2875,-313.2
2876,-302.4
2877,-277.2
2878,-259.2
2879,-234.0
2880,-212.4
2881,-194.4
2882,-165.6
2883,-151.2
2884,-136.8
2885,-122.4
2886,-118.8
2887,-126.0
2888,-133.2
2889,-144.0
2890,-169.2
2891,-194.4
2892,-230.4
2893,-266.4
2894,-291.6
2895,-320.4
2896,-363.6
2897,-356.4
2898,-378.0
2899,-378.0
2900,-378.0
2901,-378.0
2902,-378.0
2903,-378.0
2904,-378.0
2905,-378.0
2906,-378.0
2907,-374.4
2908,-324.0
2909,-302.4
2910,-313.2
2911,-302.4
2912,-288.0
2913,-298.8
2914,-302.4
2915,-309.6
2916,-309.6
2917,-313.2
2918,-313.2
2919,-306.0
2920,-316.8
2921,-313.2
2922,-302.4
2923,-295.2
2924,-277.2
2925,-270.0
2926,-255.6
2927,-237.6
2928,-223.2
2929,-201.6
2930,-187.2
2931,-172.8
2932,-154.8
2933,-144.0
2934,-133.2
2935,-129.6
2936,-122.4
2937,-129.6
2938,-140.4
2939,-151.2
2940,-169.2
2941,-187.2
2942,-212.4
2943,-241.2
2944,-259.2
2945,-277.2
2946,-295.2
2947,-316.8
2948,-324.0
2949,-338.4
2950,-334.8
2951,-334.8
2952,-327.6
2953,-327.6
2954,-338.4
2955,-324.0
2956,-320.4
2957,-313.2
2958,-298.8
2959,-302.4
2960,-291.6
2961,-298.8
2962,-288.0
2963,-313.2
2964,-302.4
2965,-302.4
2966,-306.0
2967,-306.0
2968,-309.6
2969,-291.6
2970,-273.6
2971,-259.2
2972,-252.0
2973,-226.8
2974,-212.4
2975,-212.4
2976,-198.0
2977,-176.4
2978,-169.2
2979,-162.0
2980,-147.6
2981,-140.4
2982,-129.6
2983,-126.0
2984,-126.0
2985,-126.0
2986,-129.6
2987,-133.2
2988,-147.6
2989,-162.0
2990,-172.8
2991,-187.2
2992,-212.4
2993,-230.4
2994,-241.2
2995,-270.0
2996,-284.4
2997,-288.0
2998,-298.8
2999,-313.2
3000,-320.4
3001,-316.8
3002,-306.0
3003,-295.2
3004,-288.0
3005,-284.4
3006,-280.8
3007,-280.8
3008,-273.6
3009,-270.0
3010,-273.6
3011,-284.4
3012,-284.4
3013,-291.6
3014,-288.0
3015,-302.4
3016,-298.8
3017,-291.6
3018,-280.8
3019,-277.2
3020,-277.2
3021,-255.6
3022,-234.0
3023,-216.0
3024,-201.6
3025,-180.0
3026,-151.2
3027,-136.8
3028,-126.0
3029,-118.8
3030,-111.6
3031,-111.6
3032,-115.2
3033,-133.2
3034,-147.6
3035,-169.2
3036,-190.8
3037,-226.8
3038,-244.8
3039,-273.6
3040,-295.2
3041,-331.2
3042,-352.8
3043,-360.0
3044,-378.0
3045,-378.0
3046,-378.0
3047,-378.0
3048,-378.0
3049,-349.2
3050,-327.6
3051,-313.2
3052,-298.8
3053,-284.4
3054,-273.6
3055,-270.0
3056,-255.6
3057,-255.6
3058,-255.6
3059,-262.8
3060,-280.8
3061,-280.8
3062,-302.4
3063,-313.2
3064,-313.2
3065,-320.4
3066,-313.2
3067,-309.6
3068,-295.2
3069,-284.4
3070,-255.6
3071,-237.6
3072,-208.8
3073,-187.2
3074,-172.8
3075,-151.2
3076,-133.2
3077,-122.4
3078,-118.8
3079,-111.6
3080,-126.0
3081,-133.2
3082,-151.2
3083,-169.2
3084,-198.0
3085,-216.0
3086,-248.4
3087,-277.2
3088,-298.8
3089,-327.6
3090,-334.8
3091,-356.4
3092,-352.8
3093,-360.0
3094,-363.6
3095,-363.6
3096,-352.8
3097,-342.0
3098,-316.8
3099,-320.4
3100,-298.8
3101,-291.6
3102,-266.4
3103,-266.4
3104,-266.4
3105,-280.8
3106,-273.6
3107,-277.2
3108,-295.2
3109,-306.0
3110,-313.2
3111,-313.2
3112,-324.0
3113,-320.4
3114,-334.8
3115,-316.8
3116,-291.6
3117,-280.8
3118,-259.2
3119,-237.6
3120,-205.2
3121,-187.2
3122,-162.0
3123,-140.4
3124,-129.6
3125,-118.8
3126,-115.2
3127,-115.2
3128,-126.0
3129,-144.0
3130,-162.0
3131,-180.0
3132,-208.8
3133,-230.4
3134,-244.8
3135,-277.2
3136,-295.2
3137,-324.0
3138,-331.2
3139,-352.8
3140,-370.8
3141,-370.8
3142,-356.4
3143,-363.6
3144,-342.0
3145,-334.8
3146,-324.0
3147,-327.6
3148,-316.8
3149,-298.8
3150,-291.6
3151,-284.4
3152,-288.0
3153,-288.0
3154,-280.8
3155,-288.0
3156,-298.8
3157,-295.2
3158,-306.0
3159,-313.2
3160,-320.4
3161,-309.6
3162,-306.0
3163,-306.0
3164,-295.2
3165,-277.2
3166,-262.8
3167,-244.8
3168,-216.0
3169,-190.8
3170,-165.6
3171,-144.0
3172,-133.2
3173,-115.2
3174,-118.8
3175,-118.8
3176,-126.0
3177,-140.4
3178,-154.8
3179,-172.8
3180,-205.2
3181,-230.4
3182,-255.6
3183,-277.2
3184,-313.2
3185,-331.2
3186,-345.6
3187,-352.8
3188,-345.6
3189,-352.8
3190,-352.8
3191,-349.2
3192,-327.6
3193,-327.6
3194,-313.2
3195,-298.8
3196,-291.6
3197,-291.6
3198,-280.8
3199,-273.6
3200,-288.0
3201,-291.6
3202,-295.2
3203,-298.8
3204,-302.4
3205,-309.6
3206,-306.0
3207,-316.8
3208,-324.0
3209,-320.4
3210,-320.4
3211,-320.4
3212,-302.4
3213,-291.6
3214,-259.2
3215,-241.2
3216,-219.6
3217,-194.4
3218,-172.8
3219,-151.2
3220,-136.8
3221,-126.0
3222,-122.4
3223,-122.4
3224,-133.2
3225,-144.0
3226,-169.2
3227,-198.0
3228,-219.6
3229,-262.8
3230,-291.6
3231,-309.6
3232,-352.8
3233,-374.4
3234,-378.0
3235,-378.0
3236,-378.0
3237,-378.0
3238,-378.0
3239,-378.0
3240,-378.0
3241,-378.0
3242,-378.0
3243,-378.0
3244,-374.4
3245,-320.4
3246,-295.2
3247,-306.0
3248,-309.6
3249,-302.4
3250,-298.8
3251,-306.0
3252,-313.2
3253,-316.8
3254,-324.0
3255,-316.8
3256,-324.0
3257,-309.6
3258,-298.8
3259,-298.8
3260,-280.8
3261,-270.0
3262,-252.0
3263,-234.0
3264,-219.6
3265,-208.8
3266,-187.2
3267,-172.8
3268,-151.2
3269,-147.6
3270,-133.2
3271,-129.6
3272,-129.6
3273,-129.6
3274,-144.0
3275,-154.8
3276,-169.2
3277,-190.8
3278,-208.8
3279,-241.2
3280,-255.6
3281,-277.2
3282,-302.4
3283,-302.4
3284,-320.4
3285,-327.6
3286,-338.4
3287,-327.6
3288,-342.0
3289,-338.4
3290,-327.6
3291,-313.2
3292,-320.4
3293,-306.0
3294,-313.2
3295,-302.4
3296,-309.6
3297,-291.6
3298,-309.6
3299,-298.8
3300,-309.6
3301,-316.8
3302,-309.6
3303,-309.6
3304,-295.2
3305,-298.8
3306,-277.2
3307,-259.2
3308,-248.4
3309,-244.8
3310,-226.8
3311,-212.4
3312,-194.4
3313,-180.0
3314,-172.8
3315,-162.0
3316,-151.2
3317,-144.0
3318,-136.8
3319,-129.6
3320,-129.6
3321,-129.6
3322,-129.6
3323,-133.2
3324,-147.6
3325,-158.4
3326,-176.4
3327,-194.4
3328,-205.2
3329,-230.4
3330,-259.2
3331,-277.2
3332,-284.4
3333,-298.8
3334,-298.8
3335,-316.8
3336,-324.0
3337,-309.6
3338,-306.0
3339,-306.0
3340,-298.8
3341,-284.4
3342,-280.8
3343,-277.2
3344,-270.0
3345,-270.0
3346,-277.2
3347,-273.6
3348,-270.0
3349,-291.6
3350,-288.0
3351,-298.8
3352,-302.4
3353,-298.8
3354,-291.6
3355,-284.4
3356,-277.2
3357,-259.2
3358,-241.2
3359,-223.2
3360,-194.4
3361,-180.0
3362,-154.8
3363,-144.0
3364,-126.0
3365,-115.2
3366,-111.6
3367,-111.6
3368,-118.8
3369,-133.2
3370,-147.6
3371,-172.8
3372,-198.0
3373,-226.8
3374,-241.2
3375,-273.6
3376,-302.4
3377,-334.8
3378,-352.8
3379,-363.6
3380,-378.0
3381,-378.0
3382,-378.0
3383,-378.0
3384,-378.0
3385,-378.0
3386,-374.4
3387,-324.0
3388,-306.0
3389,-284.4
3390,-280.8
3391,-262.8
3392,-262.8
3393,-262.8
3394,-277.2
3395,-284.4
3396,-277.2
3397,-306.0
3398,-306.0
3399,-302.4
3400,-313.2
3401,-320.4
3402,-316.8
3403,-316.8
3404,-309.6
3405,-277.2
3406,-270.0
3407,-237.6
3408,-216.0
3409,-190.8
3410,-172.8
3411,-151.2
3412,-136.8
3413,-118.8
3414,-115.2
3415,-122.4
3416,-122.4
3417,-133.2
3418,-151.2
3419,-169.2
3420,-201.6
3421,-223.2
3422,-255.6
3423,-273.6
3424,-295.2
3425,-324.0
3426,-334.8
3427,-349.2
3428,-367.2
3429,-356.4
3430,-370.8
3431,-349.2
3432,-342.0
3433,-342.0
3434,-316.8
3435,-306.0
3436,-298.8
3437,-288.0
3438,-273.6
3439,-270.0
3440,-266.4
3441,-273.6
3442,-277.2
3443,-284.4
3444,-298.8
3445,-309.6
3446,-313.2
3447,-320.4
3448,-327.6
3449,-316.8
3450,-327.6
3451,-327.6
3452,-295.2
3453,-284.4
3454,-259.2
3455,-244.8
3456,-208.8
3457,-190.8
3458,-165.6
3459,-136.8
3460,-126.0
3461,-118.8
3462,-115.2
3463,-115.2
3464,-122.4
3465,-136.8
3466,-154.8
3467,-180.0
3468,-208.8
3469,-234.0
3470,-255.6
3471,-284.4
3472,-309.6
3473,-324.0
3474,-345.6
3475,-345.6
3476,-360.0
3477,-360.0
3478,-360.0
3479,-356.4
3480,-349.2
3481,-349.2
3482,-327.6
3483,-324.0
3484,-313.2
3485,-291.6
3486,-284.4
3487,-291.6
3488,-280.8
3489,-288.0
3490,-284.4
3491,-295.2
3492,-295.2
3493,-316.8
3494,-313.2
3495,-320.4
3496,-313.2
3497,-316.8
3498,-309.6
3499,-309.6
3500,-306.0
3501,-277.2
3502,-270.0
3503,-234.0
3504,-216.0
3505,-194.4
3506,-176.4
3507,-147.6
3508,-133.2
3509,-118.8
3510,-115.2
3511,-115.2
3512,-126.0
3513,-140.4
3514,-162.0
3515,-183.6
3516,-212.4
3517,-237.6
3518,-259.2
3519,-291.6
3520,-306.0
3521,-324.0
3522,-342.0
3523,-345.6
3524,-367.2
3525,-352.8
3526,-352.8
3527,-342.0
3528,-342.0
3529,-327.6
3530,-320.4
3531,-298.8
3532,-295.2
3533,-288.0
3534,-291.6
3535,-288.0
3536,-277.2
3537,-288.0
3538,-284.4
3539,-291.6
3540,-291.6
3541,-302.4
3542,-316.8
3543,-316.8
3544,-313.2
3545,-313.2
3546,-327.6
3547,-306.0
3548,-302.4
3549,-288.0
3550,-262.8
3551,-241.2
3552,-223.2
3553,-201.6
3554,-172.8
3555,-158.4
3556,-133.2
3557,-122.4
3558,-122.4
3559,-122.4
3560,-133.2
3561,-147.6
3562,-169.2
3563,-198.0
3564,-226.8
3565,-266.4
3566,-291.6
3567,-327.6
3568,-352.8
3569,-370.8
3570,-378.0
3571,-378.0
3572,-378.0
3573,-381.6
3574,-381.6
3575,-378.0
3576,-378.0
3577,-378.0
3578,-378.0
3579,-378.0
3580,-374.4
3581,-374.4
3582,-306.0
3583,-298.8
3584,-295.2
3585,-306.0
3586,-309.6
3587,-298.8
3588,-313.2
3589,-309.6
3590,-320.4
3591,-309.6
3592,-309.6
3593,-313.2
3594,-302.4
3595,-288.0
3596,-295.2
3597,-270.0
3598,-255.6
3599,-244.8
3600,-230.4
3601,-205.2
3602,-183.6
3603,-176.4
3604,-154.8
3605,-147.6
3606,-136.8
3607,-129.6
3608,-129.6
3609,-133.2
3610,-136.8
3611,-158.4
3612,-165.6
3613,-190.8
3614,-216.0
3615,-244.8
3616,-259.2
3617,-291.6
3618,-295.2
3619,-324.0
3620,-338.4
3621,-342.0
3622,-342.0
3623,-345.6
3624,-342.0
3625,-342.0
3626,-334.8
3627,-327.6
3628,-327.6
3629,-302.4
3630,-313.2
3631,-306.0
3632,-306.0
3633,-306.0
3634,-324.0
3635,-306.0
3636,-306.0
3637,-302.4
3638,-306.0
3639,-309.6
3640,-306.0
3641,-288.0
3642,-284.4
3643,-259.2
3644,-255.6
3645,-241.2
3646,-223.2
3647,-212.4
3648,-198.0
3649,-187.2
3650,-169.2
3651,-154.8
3652,-151.2
3653,-140.4
3654,-133.2
3655,-133.2
3656,-126.0
3657,-126.0
3658,-133.2
3659,-140.4
3660,-147.6
3661,-165.6
3662,-176.4
3663,-201.6
3664,-212.4
3665,-230.4
3666,-255.6
3667,-266.4
3668,-280.8
3669,-309.6
3670,-306.0
3671,-313.2
3672,-320.4
3673,-324.0
3674,-306.0
3675,-302.4
3676,-288.0
3677,-291.6
3678,-288.0
3679,-273.6
3680,-277.2
3681,-266.4
3682,-277.2
3683,-277.2
3684,-273.6
3685,-291.6
3686,-295.2
3687,-298.8
3688,-295.2
3689,-298.8
3690,-295.2
3691,-298.8
3692,-273.6
3693,-255.6
3694,-244.8
3695,-216.0
3696,-201.6
3697,-183.6
3698,-158.4
3699,-144.0
3700,-126.0
3701,-115.2
3702,-111.6
3703,-111.6
3704,-118.8
3705,-136.8
3706,-151.2
3707,-172.8
3708,-190.8
3709,-226.8
3710,-241.2
3711,-270.0
3712,-291.6
3713,-331.2
3714,-349.2
3715,-378.0
3716,-378.0
3717,-378.0
3718,-378.0
3719,-378.0
3720,-378.0
3721,-378.0
3722,-338.4
3723,-327.6
3724,-306.0
3725,-284.4
3726,-288.0
3727,-266.4
3728,-255.6
3729,-259.2
3730,-266.4
3731,-266.4
3732,-277.2
3733,-295.2
3734,-306.0
3735,-313.2
3736,-320.4
3737,-320.4
3738,-320.4
3739,-324.0
3740,-291.6
3741,-291.6
3742,-262.8
3743,-241.2
3744,-205.2
3745,-187.2
3746,-165.6
3747,-151.2
3748,-129.6
3749,-118.8
3750,-115.2
3751,-118.8
3752,-122.4
3753,-133.2
3754,-154.8
3755,-176.4
3756,-198.0
3757,-226.8
3758,-255.6
3759,-273.6
3760,-298.8
3761,-324.0
3762,-331.2
3763,-352.8
3764,-349.2
3765,-363.6
3766,-363.6
3767,-363.6
3768,-349.2
3769,-345.6
3770,-327.6
3771,-306.0
3772,-295.2
3773,-284.4
3774,-277.2
3775,-284.4
3776,-273.6
3777,-273.6
3778,-277.2
3779,-284.4
3780,-295.2
3781,-309.6
3782,-309.6
3783,-331.2
3784,-327.6
3785,-327.6
3786,-316.8
3787,-320.4
3788,-302.4
3789,-284.4
3790,-252.0
3791,-248.4
3792,-216.0
3793,-183.6
3794,-162.0
3795,-144.0
3796,-126.0
3797,-118.8
3798,-115.2
3799,-118.8
3800,-122.4
3801,-140.4
3802,-158.4
3803,-187.2
3804,-201.6
3805,-234.0
3806,-255.6
3807,-288.0
3808,-302.4
3809,-324.0
3810,-334.8
3811,-356.4
3812,-367.2
3813,-363.6
3814,-356.4
3815,-352.8
3816,-356.4
3817,-338.4
3818,-334.8
3819,-331.2
3820,-302.4
3821,-298.8
3822,-298.8
3823,-291.6
3824,-291.6
3825,-291.6
3826,-291.6
3827,-291.6
3828,-302.4
3829,-313.2
3830,-302.4
3831,-313.2
3832,-316.8
3833,-309.6
3834,-324.0
3835,-306.0
3836,-298.8
3837,-277.2
3838,-262.8
3839,-237.6
3840,-208.8
3841,-190.8
3842,-165.6
3843,-147.6
3844,-133.2
3845,-118.8
3846,-115.2
3847,-115.2
3848,-126.0
3849,-140.4
3850,-154.8
3851,-180.0
3852,-205.2
3853,-234.0
3854,-262.8
3855,-280.8
3856,-302.4
3857,-331.2
3858,-342.0
3859,-356.4
3860,-360.0
3861,-360.0
3862,-360.0
3863,-342.0
3864,-338.4
3865,-324.0
3866,-316.8
3867,-309.6
3868,-298.8
3869,-288.0
3870,-284.4
3871,-277.2
3872,-277.2
3873,-291.6
3874,-280.8
3875,-298.8
3876,-306.0
3877,-302.4
3878,-313.2
3879,-316.8
3880,-324.0
3881,-324.0
3882,-313.2
3883,-306.0
3884,-295.2
3885,-284.4
3886,-273.6
3887,-244.8
3888,-219.6
3889,-194.4
3890,-172.8
3891,-154.8
3892,-140.4
3893,-129.6
3894,-122.4
3895,-122.4
3896,-126.0
3897,-147.6
3898,-176.4
3899,-198.0
3900,-230.4
3901,-262.8
3902,-280.8
3903,-320.4
3904,-356.4
3905,-367.2
3906,-378.0
3907,-378.0
3908,-378.0
3909,-378.0
3910,-378.0
3911,-378.0
3912,-378.0
3913,-378.0
3914,-378.0
3915,-378.0
3916,-374.4
3917,-309.6
3918,-309.6
3919,-295.2
3920,-302.4
3921,-316.8
3922,-306.0
3923,-309.6
3924,-324.0
3925,-309.6
3926,-316.8
3927,-316.8
3928,-313.2
3929,-302.4
3930,-298.8
3931,-298.8
3932,-288.0
3933,-273.6
3934,-255.6
3935,-234.0
3936,-223.2
3937,-208.8
3938,-187.2
3939,-169.2
3940,-158.4
3941,-144.0
3942,-133.2
3943,-129.6
3944,-126.0
3945,-136.8
3946,-144.0
3947,-154.8
3948,-172.8
3949,-190.8
3950,-212.4
3951,-241.2
3952,-266.4
3953,-273.6
3954,-291.6
3955,-324.0
3956,-338.4
3957,-338.4
3958,-342.0
3959,-342.0
3960,-331.2
3961,-327.6
3962,-324.0
3963,-320.4
3964,-320.4
3965,-309.6
3966,-309.6
3967,-302.4
3968,-298.8
3969,-309.6
3970,-306.0
3971,-306.0
3972,-306.0
3973,-309.6
3974,-302.4
3975,-313.2
3976,-291.6
3977,-298.8
3978,-284.4
3979,-262.8
3980,-252.0
3981,-230.4
3982,-234.0
3983,-212.4
3984,-198.0
3985,-180.0
3986,-172.8
3987,-162.0
3988,-151.2
3989,-136.8
3990,-133.2
3991,-129.6
3992,-126.0
3993,-126.0
3994,-129.6
3995,-136.8
3996,-151.2
3997,-162.0
3998,-176.4
3999,-194.4
4000,-208.8
4001,-226.8
4002,-248.4
4003,-262.8
4004,-291.6
4005,-298.8
4006,-313.2
4007,-309.6
4008,-313.2
4009,-306.0
4010,-309.6
4011,-306.0
4012,-298.8
4013,-288.0
4014,-291.6
4015,-284.4
4016,-270.0
4017,-273.6
4018,-273.6
4019,-277.2
4020,-277.2
4021,-284.4
4022,-298.8
4023,-291.6
4024,-306.0
4025,-288.0
4026,-298.8
4027,-291.6
4028,-270.0
4029,-255.6
4030,-234.0
4031,-219.6
4032,-194.4
4033,-176.4
4034,-162.0
4035,-144.0
4036,-126.0
4037,-115.2
4038,-111.6
4039,-111.6
4040,-118.8
4041,-133.2
4042,-151.2
4043,-169.2
4044,-190.8
4045,-223.2
4046,-244.8
4047,-288.0
4048,-298.8
4049,-327.6
4050,-349.2
4051,-370.8
4052,-378.0
4053,-378.0
4054,-378.0
4055,-378.0
4056,-378.0
4057,-356.4
4058,-334.8
4059,-327.6
4060,-306.0
4061,-288.0
4062,-277.2
4063,-266.4
4064,-255.6
4065,-262.8
4066,-266.4
4067,-270.0
4068,-280.8
4069,-291.6
4070,-298.8
4071,-306.0
4072,-313.2
4073,-313.2
4074,-313.2
4075,-306.0
4076,-313.2
4077,-273.6
4078,-262.8
4079,-244.8
4080,-212.4
4081,-194.4
4082,-165.6
4083,-147.6
4084,-133.2
4085,-118.8
4086,-118.8
4087,-118.8
4088,-122.4
4089,-140.4
4090,-154.8
4091,-172.8
4092,-198.0
4093,-226.8
4094,-248.4
4095,-273.6
4096,-298.8
4097,-316.8
4098,-331.2
4099,-345.6
4100,-363.6
4101,-360.0
4102,-363.6
4103,-342.0
4104,-352.8
4105,-327.6
4106,-324.0
4107,-313.2
4108,-295.2
4109,-288.0
4110,-277.2
4111,-277.2
4112,-273.6
4113,-277.2
4114,-277.2
4115,-270.0
4116,-295.2
4117,-306.0
4118,-313.2
4119,-316.8
4120,-327.6
4121,-320.4
4122,-320.4
4123,-309.6
4124,-306.0
4125,-280.8
4126,-262.8
4127,-234.0
4128,-212.4
4129,-190.8
4130,-165.6
4131,-144.0
4132,-129.6
4133,-118.8
4134,-111.6
4135,-118.8
4136,-126.0
4137,-136.8
4138,-158.4
4139,-183.6
4140,-205.2
4141,-230.4
4142,-262.8
4143,-280.8
4144,-306.0
4145,-316.8
4146,-352.8
4147,-345.6
4148,-363.6
4149,-360.0
4150,-367.2
4151,-352.8
4152,-338.4
4153,-345.6
4154,-334.8
4155,-320.4
4156,-324.0
4157,-302.4
4158,-298.8
4159,-295.2
4160,-291.6
4161,-284.4
4162,-291.6
4163,-302.4
4164,-306.0
4165,-306.0
4166,-306.0
4167,-316.8
4168,-313.2
4169,-313.2
4170,-320.4
4171,-302.4
4172,-298.8
4173,-288.0
4174,-266.4
4175,-237.6
4176,-212.4
4177,-187.2
4178,-169.2
4179,-147.6
4180,-133.2
4181,-118.8
4182,-115.2
4183,-118.8
4184,-126.0
4185,-136.8
4186,-154.8
4187,-180.0
4188,-208.8
4189,-234.0
4190,-262.8
4191,-291.6
4192,-313.2
4193,-331.2
4194,-342.0
4195,-349.2
4196,-360.0
4197,-363.6
4198,-360.0
4199,-342.0
4200,-345.6
4201,-324.0
4202,-316.8
4203,-298.8
4204,-298.8
4205,-291.6
4206,-284.4
4207,-273.6
4208,-280.8
4209,-284.4
4210,-288.0
4211,-298.8
4212,-295.2
4213,-298.8
4214,-313.2
4215,-327.6
4216,-316.8
4217,-313.2
4218,-316.8
4219,-306.0
4220,-291.6
4221,-280.8
4222,-266.4
4223,-244.8
4224,-219.6
4225,-198.0
4226,-176.4
4227,-158.4
4228,-136.8
4229,-126.0
4230,-126.0
4231,-122.4
4232,-133.2
4233,-147.6
4234,-165.6
4235,-201.6
4236,-226.8
4237,-259.2
4238,-295.2
4239,-324.0
4240,-342.0
4241,-363.6
4242,-378.0
4243,-378.0
4244,-381.6
4245,-381.6
4246,-378.0
4247,-381.6
4248,-378.0
4249,-378.0
4250,-378.0
4251,-378.0
4252,-374.4
4253,-313.2
4254,-306.0
4255,-295.2
4256,-291.6
4257,-306.0
4258,-306.0
4259,-298.8
4260,-313.2
4261,-313.2
4262,-309.6
4263,-316.8
4264,-309.6
4265,-309.6
4266,-298.8
4267,-302.4
4268,-288.0
4269,-266.4
4270,-255.6
4271,-244.8
4272,-219.6
4273,-201.6
4274,-187.2
4275,-176.4
4276,-154.8
4277,-144.0
4278,-136.8
4279,-126.0
4280,-122.4
4281,-129.6
4282,-140.4
4283,-162.0
4284,-169.2
4285,-190.8
4286,-208.8
4287,-241.2
4288,-248.4
4289,-277.2
4290,-298.8
4291,-316.8
4292,-331.2
4293,-338.4
4294,-334.8
4295,-338.4
4296,-345.6
4297,-327.6
4298,-324.0
4299,-324.0
4300,-313.2
4301,-306.0
4302,-298.8
4303,-302.4
4304,-302.4
4305,-316.8
4306,-306.0
4307,-313.2
4308,-306.0
4309,-306.0
4310,-309.6
4311,-302.4
4312,-302.4
4313,-288.0
4314,-280.8
4315,-259.2
4316,-248.4
4317,-237.6
4318,-230.4
4319,-208.8
4320,-198.0
4321,-187.2
4322,-169.2
4323,-154.8
4324,-144.0
4325,-136.8
4326,-133.2
4327,-129.6
4328,-126.0
4329,-129.6
4330,-129.6
4331,-136.8
4332,-144.0
4333,-158.4
4334,-176.4
4335,-190.8
4336,-216.0
4337,-226.8
4338,-248.4
4339,-266.4
4340,-284.4
4341,-288.0
4342,-298.8
4343,-309.6
4344,-309.6
4345,-306.0
4346,-302.4
4347,-298.8
4348,-291.6
4349,-295.2
4350,-280.8
4351,-273.6
4352,-270.0
4353,-273.6
4354,-270.0
4355,-273.6
4356,-284.4
4357,-291.6
4358,-295.2
4359,-284.4
4360,-291.6
4361,-295.2
4362,-284.4
4363,-291.6
4364,-273.6
4365,-262.8
4366,-241.2
4367,-223.2
4368,-194.4
4369,-176.4
4370,-158.4
4371,-140.4
4372,-126.0
4373,-115.2
4374,-111.6
4375,-111.6
4376,-115.2
4377,-129.6
4378,-147.6
4379,-172.8
4380,-190.8
4381,-219.6
4382,-248.4
4383,-273.6
4384,-302.4
4385,-320.4
4386,-356.4
4387,-370.8
4388,-378.0
4389,-378.0
4390,-378.0
4391,-378.0
4392,-378.0
4393,-378.0
4394,-342.0
4395,-324.0
4396,-298.8
4397,-284.4
4398,-273.6
4399,-259.2
4400,-266.4
4401,-270.0
4402,-266.4
4403,-273.6
4404,-284.4
4405,-295.2
4406,-298.8
4407,-313.2
4408,-316.8
4409,-320.4
4410,-320.4
4411,-313.2
4412,-298.8
4413,-280.8
4414,-262.8
4415,-234.0
4416,-219.6
4417,-183.6
4418,-165.6
4419,-151.2
4420,-133.2
4421,-122.4
4422,-115.2
4423,-115.2
4424,-122.4
4425,-136.8
4426,-144.0
4427,-172.8
4428,-198.0
4429,-223.2
4430,-244.8
4431,-277.2
4432,-280.8
4433,-309.6
4434,-334.8
4435,-334.8
4436,-345.6
4437,-367.2
4438,-367.2
4439,-345.6
4440,-352.8
4441,-331.2
4442,-309.6
4443,-302.4
4444,-295.2
4445,-291.6
4446,-273.6
4447,-277.2
4448,-270.0
4449,-273.6
4450,-270.0
4451,-288.0
4452,-291.6
4453,-302.4
4454,-306.0
4455,-320.4
4456,-327.6
4457,-327.6
4458,-320.4
4459,-309.6
4460,-298.8
4461,-270.0
4462,-262.8
4463,-226.8
4464,-212.4
4465,-183.6
4466,-162.0
4467,-144.0
4468,-126.0
4469,-118.8
4470,-115.2
4471,-118.8
4472,-122.4
4473,-140.4
4474,-162.0
4475,-183.6
4476,-205.2
4477,-230.4
4478,-252.0
4479,-280.8
4480,-298.8
4481,-313.2
4482,-334.8
4483,-352.8
4484,-352.8
4485,-352.8
4486,-334.8
4487,-342.0
4488,-345.6
4489,-345.6
4490,-320.4
4491,-324.0
4492,-313.2
4493,-306.0
4494,-291.6
4495,-291.6
4496,-273.6
4497,-280.8
4498,-280.8
4499,-288.0
4500,-288.0
4501,-302.4
4502,-295.2
4503,-313.2
4504,-309.6
4505,-313.2
4506,-320.4
4507,-309.6
4508,-284.4
4509,-280.8
4510,-259.2
4511,-237.6
4512,-216.0
4513,-198.0
4514,-162.0
4515,-147.6
4516,-129.6
4517,-118.8
4518,-111.6
4519,-111.6
4520,-118.8
4521,-136.8
4522,-151.2
4523,-176.4
4524,-208.8
4525,-230.4
4526,-262.8
4527,-284.4
4528,-320.4
4529,-327.6
4530,-338.4
4531,-352.8
4532,-352.8
4533,-352.8
4534,-349.2
4535,-349.2
4536,-338.4
4537,-327.6
4538,-313.2
4539,-295.2
4540,-302.4
4541,-280.8
4542,-288.0
4543,-270.0
4544,-284.4
4545,-291.6
4546,-273.6
4547,-284.4
4548,-302.4
4549,-302.4
4550,-313.2
4551,-313.2
4552,-306.0
4553,-313.2
4554,-306.0
4555,-316.8
4556,-291.6
4557,-280.8
4558,-255.6
4559,-241.2
4560,-219.6
4561,-198.0
4562,-172.8
4563,-154.8
4564,-136.8
4565,-126.0
4566,-118.8
4567,-122.4
4568,-136.8
4569,-147.6
4570,-172.8
4571,-194.4
4572,-223.2
4573,-259.2
4574,-284.4
4575,-327.6
4576,-345.6
4577,-360.0
4578,-378.0
4579,-378.0
4580,-378.0
4581,-378.0
4582,-378.0
4583,-378.0
4584,-378.0
4585,-378.0
4586,-378.0
4587,-374.4
4588,-331.2
4589,-313.2
4590,-302.4
4591,-295.2
4592,-295.2
4593,-288.0
4594,-298.8
4595,-306.0
4596,-313.2
4597,-316.8
4598,-313.2
4599,-306.0
4600,-309.6
4601,-295.2
4602,-302.4
4603,-284.4
4604,-277.2
4605,-259.2
4606,-259.2
4607,-237.6
4608,-212.4
4609,-201.6
4610,-187.2
4611,-169.2
4612,-151.2
4613,-147.6
4614,-133.2
4615,-126.0
4616,-122.4
4617,-133.2
4618,-136.8
4619,-158.4
4620,-172.8
4621,-183.6
4622,-212.4
4623,-230.4
4624,-255.6
4625,-273.6
4626,-291.6
4627,-309.6
4628,-327.6
4629,-334.8
4630,-342.0
4631,-334.8
4632,-331.2
4633,-327.6
4634,-327.6
4635,-309.6
4636,-320.4
4637,-306.0
4638,-309.6
4639,-298.8
4640,-291.6
4641,-295.2
4642,-302.4
4643,-298.8
4644,-298.8
4645,-309.6
4646,-309.6
4647,-302.4
4648,-291.6
4649,-277.2
4650,-284.4
4651,-259.2
4652,-255.6
4653,-237.6
4654,-230.4
4655,-212.4
4656,-190.8
4657,-180.0
4658,-165.6
4659,-162.0
4660,-144.0
4661,-136.8
4662,-133.2
4663,-129.6
4664,-122.4
4665,-126.0
4666,-126.0
4667,-140.4
4668,-140.4
4669,-158.4
4670,-176.4
4671,-190.8
4672,-216.0
4673,-230.4
4674,-244.8
4675,-266.4
4676,-273.6
4677,-288.0
4678,-298.8
4679,-309.6
4680,-309.6
4681,-306.0
4682,-313.2
4683,-306.0
4684,-291.6
4685,-280.8
4686,-280.8
4687,-280.8
4688,-270.0
4689,-270.0
4690,-273.6
4691,-280.8
4692,-277.2
4693,-291.6
4694,-288.0
4695,-288.0
4696,-291.6
4697,-288.0
4698,-291.6
4699,-284.4
4700,-270.0
4701,-259.2
4702,-241.2
4703,-216.0
4704,-201.6
4705,-176.4
4706,-154.8
4707,-144.0
4708,-126.0
4709,-118.8
4710,-115.2
4711,-111.6
4712,-118.8
4713,-133.2
4714,-151.2
4715,-169.2
4716,-194.4
4717,-223.2
4718,-248.4
4719,-284.4
4720,-302.4
4721,-324.0
4722,-338.4
4723,-360.0
4724,-374.4
4725,-378.0
4726,-378.0
4727,-378.0
4728,-378.0
4729,-349.2
4730,-327.6
4731,-316.8
4732,-298.8
4733,-288.0
4734,-270.0
4735,-262.8
4736,-262.8
4737,-259.2
4738,-266.4
4739,-266.4
4740,-270.0
4741,-291.6
4742,-295.2
4743,-302.4
4744,-320.4
4745,-316.8
4746,-320.4
4747,-309.6
4748,-298.8
4749,-266.4
4750,-262.8
4751,-244.8
4752,-212.4
4753,-190.8
4754,-165.6
4755,-147.6
4756,-136.8
4757,-118.8
4758,-115.2
4759,-118.8
4760,-118.8
4761,-129.6
4762,-154.8
4763,-176.4
4764,-198.0
4765,-219.6
4766,-241.2
4767,-262.8
4768,-295.2
4769,-320.4
4770,-331.2
4771,-352.8
4772,-342.0
4773,-352.8
4774,-363.6
4775,-338.4
4776,-349.2
4777,-334.8
4778,-316.8
4779,-302.4
4780,-291.6
4781,-284.4
4782,-270.0
4783,-259.2
4784,-266.4
4785,-270.0
4786,-273.6
4787,-288.0
4788,-295.2
4789,-295.2
4790,-306.0
4791,-324.0
4792,-320.4
4793,-320.4
4794,-324.0
4795,-320.4
4796,-298.8
4797,-284.4
4798,-262.8
4799,-223.2
4800,-212.4
4801,-183.6
4802,-162.0
4803,-140.4
4804,-126.0
4805,-118.8
4806,-111.6
4807,-115.2
4808,-118.8
4809,-133.2
4810,-158.4
4811,-183.6
4812,-198.0
4813,-234.0
4814,-248.4
4815,-273.6
4816,-295.2
4817,-324.0
4818,-327.6
4819,-352.8
4820,-345.6
4821,-356.4
4822,-349.2
4823,-349.2
4824,-345.6
4825,-331.2
4826,-345.6
4827,-320.4
4828,-309.6
4829,-302.4
4830,-288.0
4831,-284.4
4832,-280.8
4833,-277.2
4834,-280.8
4835,-288.0
4836,-295.2
4837,-298.8
4838,-306.0
4839,-309.6
4840,-313.2
4841,-313.2
4842,-309.6
4843,-302.4
4844,-280.8
4845,-273.6
4846,-252.0
4847,-234.0
4848,-216.0
4849,-190.8
4850,-169.2
4851,-144.0
4852,-129.6
4853,-118.8
4854,-111.6
4855,-111.6
4856,-118.8
4857,-133.2
4858,-147.6
4859,-172.8
4860,-198.0
4861,-237.6
4862,-259.2
4863,-284.4
4864,-302.4
4865,-306.0
4866,-331.2
4867,-331.2
4868,-349.2
4869,-349.2
4870,-352.8
4871,-338.4
4872,-334.8
4873,-334.8
4874,-320.4
4875,-291.6
4876,-291.6
4877,-284.4
4878,-284.4
4879,-277.2
4880,-280.8
4881,-288.0
4882,-288.0
4883,-288.0
4884,-302.4
4885,-295.2
4886,-309.6
4887,-306.0
4888,-306.0
4889,-316.8
4890,-316.8
4891,-291.6
4892,-288.0
4893,-273.6
4894,-259.2
4895,-241.2
4896,-212.4
4897,-187.2
4898,-169.2
4899,-147.6
4900,-133.2
4901,-122.4
4902,-118.8
4903,-118.8
4904,-129.6
4905,-144.0
4906,-172.8
4907,-194.4
4908,-219.6
4909,-259.2
4910,-288.0
4911,-320.4
4912,-334.8
4913,-363.6
4914,-378.0
4915,-378.0
4916,-378.0
4917,-381.6
4918,-378.0
4919,-378.0
4920,-378.0
4921,-378.0
4922,-374.4
4923,-374.4
4924,-313.2
4925,-306.0
4926,-306.0
4927,-291.6
4928,-291.6
4929,-295.2
4930,-295.2
4931,-298.8
4932,-302.4
4933,-302.4
4934,-302.4
4935,-306.0
4936,-309.6
4937,-306.0
4938,-306.0
4939,-295.2
4940,-266.4
4941,-266.4
4942,-244.8
4943,-237.6
4944,-219.6
4945,-205.2
4946,-194.4
4947,-162.0
4948,-151.2
4949,-136.8
4950,-129.6
4951,-126.0
4952,-126.0
4953,-133.2
4954,-136.8
4955,-151.2
4956,-165.6
4957,-183.6
4958,-205.2
4959,-234.0
4960,-255.6
4961,-284.4
4962,-298.8
4963,-320.4
4964,-316.8
4965,-327.6
4966,-338.4
4967,-331.2
4968,-320.4
4969,-320.4
4970,-320.4
4971,-313.2
4972,-309.6
4973,-298.8
4974,-302.4
4975,-298.8
4976,-302.4
4977,-295.2
4978,-291.6
4979,-298.8
4980,-298.8
4981,-295.2
4982,-291.6
4983,-302.4
4984,-295.2
4985,-280.8
4986,-273.6
4987,-266.4
4988,-244.8
4989,-241.2
4990,-219.6
4991,-208.8
4992,-190.8
4993,-180.0
4994,-169.2
4995,-151.2
4996,-144.0
4997,-140.4
4998,-133.2
4999,-129.6
5000,-118.8
5001,-122.4
5002,-126.0
5003,-133.2
5004,-147.6
5005,-158.4
5006,-165.6
5007,-187.2
5008,-205.2
5009,-226.8
5010,-241.2
5011,-273.6
5012,-273.6
5013,-280.8
5014,-298.8
5015,-298.8
5016,-316.8
5017,-306.0
5018,-313.2
5019,-298.8
5020,-295.2
5021,-284.4
5022,-280.8
5023,-266.4
5024,-262.8
5025,-266.4
5026,-259.2
5027,-273.6
5028,-277.2
5029,-280.8
5030,-273.6
5031,-295.2
5032,-291.6
5033,-291.6
5034,-288.0
5035,-288.0
5036,-262.8
5037,-248.4
5038,-234.0
5039,-216.0
5040,-194.4
5041,-176.4
5042,-154.8
5043,-133.2
5044,-126.0
5045,-111.6
5046,-108.0
5047,-111.6
5048,-118.8
5049,-129.6
5050,-144.0
5051,-165.6
5052,-190.8
5053,-219.6
5054,-244.8
5055,-273.6
5056,-302.4
5057,-327.6
5058,-331.2
5059,-363.6
5060,-367.2
5061,-378.0
5062,-378.0
5063,-378.0
5064,-360.0
5065,-345.6
5066,-327.6
5067,-316.8
5068,-288.0
5069,-280.8
5070,-262.8
5071,-270.0
5072,-266.4
5073,-252.0
5074,-255.6
5075,-266.4
5076,-273.6
5077,-291.6
5078,-298.8
5079,-302.4
5080,-309.6
5081,-306.0
5082,-309.6
5083,-306.0
5084,-298.8
5085,-273.6
5086,-266.4
5087,-234.0
5088,-212.4
5089,-190.8
5090,-165.6
5091,-144.0
5092,-129.6
5093,-118.8
5094,-118.8
5095,-115.2
5096,-122.4
5097,-133.2
5098,-151.2
5099,-169.2
5100,-194.4
5101,-219.6
5102,-244.8
5103,-270.0
5104,-291.6
5105,-309.6
5106,-338.4
5107,-338.4
5108,-349.2
5109,-342.0
5110,-349.2
5111,-352.8
5112,-334.8
5113,-334.8
5114,-313.2
5115,-288.0
5116,-284.4
5117,-273.6
5118,-273.6
5119,-270.0
5120,-259.2
5121,-273.6
5122,-273.6
5123,-270.0
5124,-284.4
5125,-302.4
5126,-316.8
5127,-302.4
5128,-324.0
5129,-320.4
5130,-320.4
5131,-302.4
5132,-288.0
5133,-273.6
5134,-255.6
5135,-230.4
5136,-216.0
5137,-176.4
5138,-162.0
5139,-140.4
5140,-129.6
5141,-118.8
5142,-115.2
5143,-118.8
5144,-122.4
5145,-136.8
5146,-151.2
5147,-180.0
5148,-201.6
5149,-230.4
5150,-252.0
5151,-259.2
5152,-298.8
5153,-320.4
5154,-331.2
5155,-349.2
5156,-338.4
5157,-356.4
5158,-352.8
5159,-345.6
5160,-342.0
5161,-331.2
5162,-316.8
5163,-306.0
5164,-302.4
5165,-288.0
5166,-284.4
5167,-284.4
5168,-280.8
5169,-280.8
5170,-284.4
5171,-280.8
5172,-288.0
5173,-291.6
5174,-306.0
5175,-302.4
5176,-316.8
5177,-316.8
5178,-298.8
5179,-385.2
5180,-392.4
5181,-399.6
5182,-396.0
5183,-392.4
5184,-388.8
5185,-388.8
5186,-381.6
5187,-381.6
5188,-378.0
5189,-374.4
5190,-370.8
5191,-374.4
5192,-381.6
5193,-388.8
5194,-396.0
5195,-403.2
5196,-410.4
5197,-417.6
5198,-424.8
5199,-432.0
5200,-439.2
5201,-439.2
5202,-446.4
5203,-630.0
5204,-439.2
5205,-446.4
5206,-630.0
5207,-626.4
5208,-626.4
5209,-626.4
5210,-622.8
5211,-622.8
5212,-435.6
5213,-435.6
5214,-439.2
5215,-619.2
5216,-435.6
5217,-435.6
5218,-439.2
5219,-435.6
5220,-442.8
5221,-622.8
5222,-439.2
5223,-435.6
5224,-435.6
5225,-435.6
5226,-432.0
5227,-432.0
5228,-428.4
5229,-424.8
5230,-424.8
5231,-421.2
5232,-424.8
5233,-428.4
5234,-432.0
5235,-590.4
5236,-586.8
5237,-428.4
5238,-424.8
5239,-428.4
5240,-432.0
5241,-590.4
5242,-432.0
5243,-428.4
5244,-428.4
5245,-428.4
5246,-428.4
5247,-424.8
5248,-424.8
5249,-424.8
5250,-428.4
5251,-424.8
5252,-428.4
5253,-428.4
5254,-435.6
5255,-442.8
5256,-439.2
5257,-435.6
5258,-435.6
5259,-435.6
5260,-439.2
5261,-622.8
5262,-435.6
5263,-435.6
5264,-432.0
5265,-439.2
5266,-435.6
5267,-435.6
5268,-432.0
5269,-432.0
5270,-432.0
5271,-432.0
5272,-428.4
5273,-435.6
5274,-439.2
5275,-619.2
5276,-435.6
5277,-432.0
5278,-432.0
5279,-428.4
5280,-424.8
5281,-428.4
5282,-432.0
5283,-594.0
5284,-590.4
5285,-586.8
5286,-586.8
5287,-583.2
5288,-583.2
5289,-583.2
5290,-586.8
5291,-590.4
5292,-594.0
5293,-597.6
5294,-604.8
5295,-608.4
5296,-615.6
5297,-619.2
5298,-622.8
5299,-622.8
5300,-626.4
5301,-626.4
5302,-626.4
5303,-626.4
5304,-626.4
5305,-626.4
5306,-622.8
5307,-626.4
5308,-622.8
5309,-619.2
5310,-622.8
5311,-622.8
5312,-435.6
5313,-435.6
5314,-432.0
5315,-432.0
5316,-432.0
5317,-428.4
5318,-428.4
5319,-428.4
5320,-424.8
5321,-421.2
5322,-428.4
5323,-432.0
5324,-439.2
5325,-608.4
5326,-608.4
5327,-604.8
5328,-597.6
5329,-597.6
5330,-594.0
5331,-594.0
5332,-590.4
5333,-586.8
5334,-586.8
5335,-583.2
5336,-583.2
5337,-583.2
5338,-583.2
5339,-583.2
5340,-590.4
5341,-590.4
5342,-594.0
5343,-597.6
5344,-604.8
5345,-608.4
5346,-612.0
5347,-615.6
5348,-615.6
5349,-619.2
5350,-622.8
5351,-622.8
5352,-622.8
5353,-622.8
5354,-622.8
5355,-622.8
5356,-622.8
5357,-622.8
5358,-615.6
5359,-615.6
5360,-615.6
5361,-615.6
5362,-615.6
5363,-615.6
5364,-619.2
5365,-619.2
5366,-619.2
5367,-619.2
5368,-619.2
5369,-435.6
5370,-435.6
5371,-439.2
5372,-615.6
5373,-615.6
5374,-612.0
5375,-604.8
5376,-601.2
5377,-597.6
5378,-590.4
5379,-586.8
5380,-583.2
5381,-583.2
5382,-579.6
5383,-579.6
5384,-583.2
5385,-583.2
5386,-590.4
5387,-594.0
5388,-601.2
5389,-604.8
5390,-612.0
5391,-615.6
5392,-622.8
5393,-626.4
5394,-626.4
5395,-630.0
5396,-630.0
5397,-633.6
5398,-630.0
5399,-630.0
5400,-630.0
5401,-626.4
5402,-439.2
5403,-435.6
5404,-435.6
5405,-432.0
5406,-432.0
5407,-428.4
5408,-424.8
5409,-424.8
5410,-421.2
5411,-428.4
5412,-435.6
5413,-442.8
5414,-619.2
5415,-622.8
5416,-622.8
5417,-622.8
5418,-622.8
5419,-622.8
5420,-619.2
5421,-619.2
5422,-615.6
5423,-608.4
5424,-601.2
5425,-597.6
5426,-594.0
5427,-586.8
5428,-583.2
5429,-583.2
5430,-579.6
5431,-579.6
5432,-583.2
5433,-586.8
5434,-590.4
5435,-594.0
5436,-601.2
5437,-604.8
5438,-612.0
5439,-615.6
5440,-619.2
5441,-622.8
5442,-626.4
5443,-630.0
5444,-630.0
5445,-630.0
5446,-630.0
5447,-630.0
5448,-626.4
5449,-439.2
5450,-435.6
5451,-435.6
5452,-432.0
5453,-432.0
5454,-428.4
5455,-424.8
5456,-424.8
5457,-424.8
5458,-421.2
5459,-421.2
5460,-417.6
5461,-417.6
5462,-417.6
5463,-417.6
5464,-414.0
5465,-414.0
5466,-414.0
5467,-410.4
5468,-410.4
5469,-406.8
5470,-406.8
5471,-403.2
5472,-399.6
5473,-396.0
5474,-392.4
5475,-388.8
5476,-385.2
5477,-381.6
5478,-378.0
5479,-374.4
5480,-381.6
5481,-381.6
5482,-378.0
5483,-378.0
5484,-374.4
5485,-374.4
5486,-374.4
5487,-370.8
5488,-298.8
5489,-309.6
5490,-324.0
5491,-342.0
5492,-342.0
5493,-342.0
5494,-360.0
5495,-352.8
5496,-345.6
5497,-331.2
5498,-320.4
5499,-313.2
5500,-295.2
5501,-381.6
5502,-381.6
5503,-381.6
5504,-378.0
5505,-378.0
5506,-378.0
5507,-374.4
5508,-374.4
5509,-374.4
5510,-288.0
5511,-306.0
5512,-385.2
5513,-392.4
5514,-399.6
5515,-406.8
5516,-414.0
5517,-417.6
5518,-424.8
5519,-428.4
5520,-432.0
5521,-432.0
5522,-428.4
5523,-424.8
5524,-424.8
5525,-428.4
5526,-428.4
5527,-424.8
5528,-421.2
5529,-421.2
5530,-424.8
5531,-428.4
5532,-428.4
5533,-428.4
5534,-428.4
5535,-428.4
5536,-435.6
5537,-442.8
5538,-439.2
5539,-435.6
5540,-446.4
5541,-439.2
5542,-439.2
5543,-435.6
5544,-435.6
5545,-435.6
5546,-432.0
5547,-428.4
5548,-428.4
5549,-424.8
5550,-424.8
5551,-421.2
5552,-421.2
5553,-417.6
5554,-417.6
5555,-417.6
5556,-414.0
5557,-414.0
5558,-414.0
5559,-410.4
5560,-410.4
5561,-417.6
5562,-424.8
5563,-432.0
5564,-439.2
5565,-442.8
5566,-615.6
5567,-608.4
5568,-604.8
5569,-601.2
5570,-594.0
5571,-590.4
5572,-586.8
5573,-583.2
5574,-583.2
5575,-583.2
5576,-583.2
5577,-590.4
5578,-594.0
5579,-601.2
5580,-604.8
5581,-435.6
5582,-435.6
5583,-435.6
5584,-432.0
5585,-432.0
5586,-432.0
5587,-435.6
5588,-435.6
5589,-432.0
5590,-432.0
5591,-439.2
5592,-439.2
5593,-435.6
5594,-435.6
5595,-432.0
5596,-439.2
5597,-622.8
5598,-622.8
5599,-435.6
5600,-435.6
5601,-432.0
5602,-432.0
5603,-439.2
5604,-622.8
5605,-622.8
5606,-622.8
5607,-622.8
5608,-622.8
5609,-622.8
5610,-619.2
5611,-435.6
5612,-435.6
5613,-432.0
5614,-428.4
5615,-428.4
5616,-424.8
5617,-421.2
5618,-417.6
5619,-414.0
5620,-410.4
5621,-414.0
5622,-417.6
5623,-417.6
5624,-421.2
5625,-424.8
5626,-432.0
5627,-590.4
5628,-594.0
5629,-601.2
5630,-604.8
5631,-608.4
5632,-612.0
5633,-619.2
5634,-619.2
5635,-622.8
5636,-439.2
5637,-442.8
5638,-626.4
5639,-626.4
5640,-626.4
5641,-622.8
5642,-439.2
5643,-435.6
5644,-435.6
5645,-432.0
5646,-432.0
5647,-428.4
5648,-428.4
5649,-428.4
5650,-424.8
5651,-424.8
5652,-421.2
5653,-421.2
5654,-421.2
5655,-417.6
5656,-417.6
5657,-414.0
5658,-414.0
5659,-410.4
5660,-406.8
5661,-406.8
5662,-410.4
5663,-417.6
5664,-414.0
5665,-410.4
5666,-410.4
5667,-406.8
5668,-403.2
5669,-399.6
5670,-403.2
5671,-406.8
5672,-406.8
5673,-403.2
5674,-399.6
5675,-399.6
5676,-396.0
5677,-392.4
5678,-392.4
5679,-388.8
5680,-388.8
5681,-385.2
5682,-396.0
5683,-403.2
5684,-410.4
5685,-417.6
5686,-424.8
5687,-432.0
5688,-439.2
5689,-442.8
5690,-622.8
5691,-622.8
5692,-619.2
5693,-619.2
5694,-615.6
5695,-615.6
5696,-615.6
5697,-615.6
5698,-612.0
5699,-615.6
5700,-615.6
5701,-619.2
5702,-435.6
5703,-435.6
5704,-442.8
5705,-622.8
5706,-619.2
5707,-619.2
5708,-615.6
5709,-612.0
5710,-612.0
5711,-604.8
5712,-601.2
5713,-597.6
5714,-590.4
5715,-586.8
5716,-583.2
5717,-579.6
5718,-579.6
5719,-579.6
5720,-579.6
5721,-428.4
5722,-428.4
5723,-424.8
5724,-424.8
5725,-421.2
5726,-421.2
5727,-421.2
5728,-417.6
5729,-417.6
5730,-417.6
5731,-428.4
5732,-435.6
5733,-432.0
5734,-432.0
5735,-432.0
5736,-432.0
5737,-428.4
5738,-428.4
5739,-432.0
5740,-439.2
5741,-619.2
5742,-615.6
5743,-612.0
5744,-615.6
5745,-615.6
5746,-615.6
5747,-615.6
5748,-619.2
5749,-619.2
5750,-619.2
5751,-622.8
5752,-622.8
5753,-622.8
5754,-622.8
5755,-435.6
5756,-442.8
5757,-619.2
5758,-435.6
5759,-432.0
5760,-435.6
5761,-601.2
5762,-594.0
5763,-586.8
5764,-583.2
5765,-583.2
5766,-579.6
5767,-579.6
5768,-579.6
5769,-583.2
5770,-590.4
5771,-594.0
5772,-597.6
5773,-604.8
5774,-608.4
5775,-615.6
5776,-619.2
5777,-622.8
5778,-626.4
5779,-626.4
5780,-630.0
5781,-630.0
5782,-630.0
5783,-626.4
5784,-626.4
5785,-622.8
5786,-622.8
5787,-622.8
5788,-619.2
5789,-619.2
5790,-615.6
5791,-615.6
5792,-435.6
5793,-432.0
5794,-432.0
5795,-432.0
5796,-428.4
5797,-428.4
5798,-428.4
5799,-424.8
5800,-424.8
5801,-424.8
5802,-421.2
5803,-421.2
5804,-421.2
5805,-417.6
5806,-414.0
5807,-410.4
5808,-410.4
5809,-406.8
5810,-403.2
5811,-399.6
5812,-396.0
5813,-392.4
5814,-388.8
5815,-385.2
5816,-381.6
5817,-378.0
5818,-378.0
5819,-374.4
5820,-374.4
5821,-374.4
5822,-370.8
5823,-280.8
5824,-306.0
5825,-306.0
5826,-327.6
5827,-338.4
5828,-349.2
5829,-345.6
5830,-356.4
5831,-356.4
5832,-342.0
5833,-324.0
5834,-316.8
5835,-320.4
5836,-291.6
5837,-284.4
5838,-280.8
5839,-277.2
5840,-277.2
5841,-284.4
5842,-284.4
5843,-280.8
5844,-291.6
5845,-291.6
5846,-298.8
5847,-306.0
5848,-302.4
5849,-295.2
5850,-306.0
5851,-298.8
5852,-280.8
5853,-266.4
5854,-244.8
5855,-237.6
5856,-208.8
5857,-180.0
5858,-158.4
5859,-147.6
5860,-126.0
5861,-115.2
5862,-370.8
5863,-378.0
5864,-378.0
5865,-374.4
5866,-374.4
5867,-374.4
5868,-370.8
5869,-223.2
5870,-381.6
5871,-381.6
5872,-381.6
5873,-381.6
5874,-388.8
5875,-399.6
5876,-399.6
5877,-396.0
5878,-396.0
5879,-396.0
5880,-392.4
5881,-403.2
5882,-399.6
5883,-399.6
5884,-406.8
5885,-414.0
5886,-410.4
5887,-410.4
5888,-406.8
5889,-406.8
5890,-414.0
5891,-421.2
5892,-417.6
5893,-417.6
5894,-417.6
5895,-414.0
5896,-414.0
5897,-414.0
5898,-414.0
5899,-410.4
5900,-417.6
5901,-414.0
5902,-421.2
5903,-424.8
5904,-424.8
5905,-421.2
5906,-417.6
5907,-414.0
5908,-410.4
5909,-406.8
5910,-406.8
5911,-414.0
5912,-414.0
5913,-410.4
5914,-410.4
5915,-406.8
5916,-406.8
5917,-406.8
5918,-406.8
5919,-406.8
5920,-403.2
5921,-403.2
5922,-406.8
5923,-406.8
5924,-406.8
5925,-406.8
5926,-406.8
5927,-403.2
5928,-406.8
5929,-403.2
5930,-403.2
5931,-399.6
5932,-399.6
5933,-406.8
5934,-403.2
5935,-403.2
5936,-399.6
5937,-399.6
5938,-399.6
5939,-399.6
5940,-396.0
5941,-406.8
5942,-414.0
5943,-421.2
5944,-428.4
5945,-432.0
5946,-439.2
5947,-619.2
5948,-435.6
5949,-439.2
5950,-435.6
5951,-439.2
5952,-604.8
5953,-601.2
5954,-597.6
5955,-594.0
5956,-590.4
5957,-586.8
5958,-583.2
5959,-583.2
5960,-583.2
5961,-583.2
5962,-586.8
5963,-590.4
5964,-594.0
5965,-597.6
5966,-604.8
5967,-608.4
5968,-612.0
5969,-619.2
5970,-619.2
5971,-622.8
5972,-622.8
5973,-626.4
5974,-626.4
5975,-626.4
5976,-626.4
5977,-622.8
5978,-622.8
5979,-622.8
5980,-622.8
5981,-622.8
5982,-619.2
5983,-619.2
5984,-619.2
5985,-622.8
5986,-619.2
5987,-619.2
5988,-622.8
5989,-622.8
5990,-622.8
5991,-435.6
5992,-442.8
5993,-619.2
5994,-615.6
5995,-615.6
5996,-612.0
5997,-608.4
5998,-604.8
5999,-604.8
6000,-601.2
6001,-597.6
6002,-594.0
6003,-590.4
6004,-590.4
6005,-583.2
6006,-583.2
6007,-583.2
6008,-583.2
6009,-583.2
6010,-583.2
6011,-586.8
6012,-586.8
6013,-590.4
6014,-594.0
6015,-597.6
6016,-601.2
6017,-608.4
6018,-612.0
6019,-615.6
6020,-615.6
6021,-619.2
6022,-622.8
6023,-622.8
6024,-439.2
6025,-442.8
6026,-435.6
6027,-442.8
6028,-619.2
6029,-619.2
6030,-615.6
6031,-619.2
6032,-615.6
6033,-612.0
6034,-615.6
6035,-615.6
6036,-615.6
6037,-619.2
6038,-619.2
6039,-619.2
6040,-619.2
6041,-619.2
6042,-619.2
6043,-619.2
6044,-615.6
6045,-435.6
6046,-439.2
6047,-604.8
6048,-601.2
6049,-597.6
6050,-590.4
6051,-586.8
6052,-583.2
6053,-579.6
6054,-579.6
6055,-579.6
6056,-579.6
6057,-583.2
6058,-586.8
6059,-594.0
6060,-597.6
6061,-604.8
6062,-612.0
6063,-615.6
6064,-619.2
6065,-626.4
6066,-630.0
6067,-630.0
6068,-630.0
6069,-633.6
6070,-630.0
6071,-630.0
6072,-630.0
6073,-626.4
6074,-626.4
6075,-626.4
6076,-622.8
6077,-615.6
6078,-619.2
6079,-615.6
6080,-615.6
6081,-612.0
6082,-615.6
6083,-615.6
6084,-435.6
6085,-442.8
6086,-622.8
6087,-622.8
6088,-622.8
6089,-622.8
6090,-435.6
6091,-442.8
6092,-619.2
6093,-615.6
6094,-612.0
6095,-608.4
6096,-604.8
6097,-597.6
6098,-594.0
6099,-586.8
6100,-583.2
6101,-428.4
6102,-432.0
6103,-579.6
6104,-583.2
6105,-586.8
6106,-590.4
6107,-432.0
6108,-435.6
6109,-604.8
6110,-612.0
6111,-435.6
6112,-435.6
6113,-432.0
6114,-435.6
6115,-432.0
6116,-439.2
6117,-439.2
6118,-446.4
6119,-439.2
6120,-435.6
6121,-442.8
6122,-622.8
6123,-622.8
6124,-619.2
6125,-619.2
6126,-619.2
6127,-615.6
6128,-612.0
6129,-615.6
6130,-615.6
6131,-435.6
6132,-442.8
6133,-622.8
6134,-622.8
6135,-622.8
6136,-622.8
6137,-622.8
6138,-435.6
6139,-442.8
6140,-622.8
6141,-435.6
6142,-432.0
6143,-428.4
6144,-428.4
6145,-424.8
6146,-421.2
6147,-417.6
6148,-414.0
6149,-410.4
6150,-406.8
6151,-406.8
6152,-414.0
6153,-421.2
6154,-421.2
6155,-424.8
6156,-432.0
6157,-439.2
6158,-612.0
6159,-619.2
6160,-435.6
6161,-435.6
6162,-435.6
6163,-435.6
6164,-435.6
6165,-435.6
6166,-432.0
6167,-432.0
6168,-432.0
6169,-428.4
6170,-428.4
6171,-424.8
6172,-424.8
6173,-421.2
6174,-421.2
6175,-417.6
6176,-417.6
6177,-414.0
6178,-414.0
6179,-414.0
6180,-410.4
6181,-410.4
6182,-417.6
6183,-424.8
6184,-432.0
6185,-439.2
6186,-442.8
6187,-619.2
6188,-619.2
6189,-615.6
6190,-435.6
6191,-432.0
6192,-428.4
6193,-424.8
6194,-421.2
6195,-417.6
6196,-414.0
6197,-410.4
6198,-406.8
6199,-403.2
6200,-399.6
6201,-399.6
6202,-396.0
6203,-396.0
6204,-399.6
6205,-399.6
6206,-399.6
6207,-399.6
6208,-399.6
6209,-399.6
6210,-399.6
6211,-396.0
6212,-396.0
6213,-396.0
6214,-396.0
6215,-396.0
6216,-396.0
6217,-392.4
6218,-392.4
6219,-388.8
6220,-388.8
6221,-388.8
6222,-385.2
6223,-385.2
6224,-381.6
6225,-381.6
6226,-381.6
6227,-381.6
6228,-378.0
6229,-378.0
6230,-378.0
6231,-378.0
6232,-374.4
6233,-374.4
6234,-374.4
6235,-291.6
6236,-291.6
6237,-381.6
6238,-381.6
6239,-378.0
6240,-374.4
6241,-370.8
6242,-378.0
6243,-381.6
6244,-388.8
6245,-392.4
6246,-399.6
6247,-403.2
6248,-410.4
6249,-417.6
6250,-421.2
6251,-428.4
6252,-435.6
6253,-612.0
6254,-619.2
6255,-622.8
6256,-630.0
6257,-630.0
6258,-630.0
6259,-633.6
6260,-633.6
6261,-633.6
6262,-633.6
6263,-633.6
6264,-630.0
6265,-630.0
6266,-626.4
6267,-626.4
6268,-622.8
6269,-622.8
6270,-622.8
6271,-619.2
6272,-622.8
6273,-619.2
6274,-619.2
6275,-622.8
6276,-622.8
6277,-622.8
6278,-622.8
6279,-622.8
6280,-622.8
6281,-622.8
6282,-619.2
6283,-435.6
6284,-435.6
6285,-432.0
6286,-428.4
6287,-428.4
6288,-424.8
6289,-421.2
6290,-417.6
6291,-414.0
6292,-410.4
6293,-406.8
6294,-403.2
6295,-403.2
6296,-399.6
6297,-396.0
6298,-392.4
6299,-388.8
6300,-388.8
6301,-392.4
6302,-399.6
6303,-410.4
6304,-417.6
6305,-424.8
6306,-424.8
6307,-432.0
6308,-439.2
6309,-446.4
6310,-439.2
6311,-446.4
6312,-626.4
6313,-626.4
6314,-626.4
6315,-622.8
6316,-622.8
6317,-622.8
6318,-622.8
6319,-619.2
6320,-622.8
6321,-622.8
6322,-619.2
6323,-619.2
6324,-622.8
6325,-622.8
6326,-619.2
6327,-619.2
6328,-619.2
6329,-619.2
6330,-615.6
6331,-615.6
6332,-612.0
6333,-608.4
6334,-435.6
6335,-435.6
6336,-601.2
6337,-597.6
6338,-432.0
6339,-432.0
6340,-428.4
6341,-432.0
6342,-428.4
6343,-424.8
6344,-421.2
6345,-417.6
6346,-417.6
6347,-414.0
6348,-410.4
6349,-406.8
6350,-406.8
6351,-403.2
6352,-403.2
6353,-399.6
6354,-399.6
6355,-399.6
6356,-399.6
6357,-399.6
6358,-396.0
6359,-396.0
6360,-396.0
6361,-392.4
6362,-392.4
6363,-392.4
6364,-388.8
6365,-388.8
6366,-388.8
6367,-396.0
6368,-392.4
6369,-388.8
6370,-388.8
6371,-396.0
6372,-403.2
6373,-414.0
6374,-410.4
6375,-417.6
6376,-424.8
6377,-432.0
6378,-435.6
6379,-442.8
6380,-619.2
6381,-435.6
6382,-432.0
6383,-428.4
6384,-424.8
6385,-421.2
6386,-417.6
6387,-414.0
6388,-410.4
6389,-406.8
6390,-403.2
6391,-406.8
6392,-414.0
6393,-417.6
6394,-424.8
6395,-432.0
6396,-439.2
6397,-604.8
6398,-612.0
6399,-615.6
6400,-619.2
6401,-439.2
6402,-446.4
6403,-439.2
6404,-446.4
6405,-439.2
6406,-446.4
6407,-633.6
6408,-439.2
6409,-446.4
6410,-626.4
6411,-439.2
6412,-435.6
6413,-432.0
6414,-432.0
6415,-428.4
6416,-428.4
6417,-424.8
6418,-424.8
6419,-421.2
6420,-421.2
6421,-428.4
6422,-432.0
6423,-439.2
6424,-622.8
6425,-622.8
6426,-439.2
6427,-442.8
6428,-619.2
6429,-615.6
6430,-615.6
6431,-612.0
6432,-432.0
6433,-428.4
6434,-432.0
6435,-590.4
6436,-586.8
6437,-583.2
6438,-579.6
6439,-428.4
6440,-432.0
6441,-428.4
6442,-428.4
6443,-424.8
6444,-428.4
6445,-428.4
6446,-428.4
6447,-428.4
6448,-435.6
6449,-442.8
6450,-626.4
6451,-626.4
6452,-630.0
6453,-630.0
6454,-630.0
6455,-630.0
6456,-630.0
6457,-626.4
6458,-439.2
6459,-435.6
6460,-432.0
6461,-432.0
6462,-435.6
6463,-442.8
6464,-615.6
6465,-615.6
6466,-615.6
6467,-615.6
6468,-619.2
6469,-619.2
6470,-622.8
6471,-622.8
6472,-622.8
6473,-622.8
6474,-622.8
6475,-622.8
6476,-619.2
6477,-619.2
6478,-615.6
6479,-608.4
6480,-604.8
6481,-597.6
6482,-590.4
6483,-586.8
6484,-583.2
6485,-579.6
6486,-579.6
6487,-579.6
6488,-583.2
6489,-586.8
6490,-590.4
6491,-597.6
6492,-432.0
6493,-432.0
6494,-428.4
6495,-428.4
6496,-428.4
6497,-428.4
6498,-428.4
6499,-428.4
6500,-435.6
6501,-442.8
6502,-439.2
6503,-439.2
6504,-442.8
6505,-439.2
6506,-435.6
6507,-435.6
6508,-435.6
6509,-432.0
6510,-432.0
6511,-428.4
6512,-424.8
6513,-424.8
6514,-421.2
6515,-421.2
6516,-421.2
6517,-421.2
6518,-417.6
6519,-417.6
6520,-417.6
6521,-414.0
6522,-421.2
6523,-421.2
6524,-428.4
6525,-424.8
6526,-428.4
6527,-435.6
6528,-439.2
6529,-432.0
6530,-428.4
6531,-424.8
6532,-421.2
6533,-417.6
6534,-414.0
6535,-410.4
6536,-406.8
6537,-406.8
6538,-403.2
6539,-399.6
6540,-399.6
6541,-406.8
6542,-414.0
6543,-414.0
6544,-424.8
6545,-428.4
6546,-439.2
6547,-442.8
6548,-630.0
6549,-626.4
6550,-626.4
6551,-439.2
6552,-446.4
6553,-435.6
6554,-435.6
6555,-442.8
6556,-619.2
6557,-435.6
6558,-435.6
6559,-432.0
6560,-428.4
6561,-435.6
6562,-442.8
6563,-435.6
6564,-435.6
6565,-432.0
6566,-432.0
6567,-432.0
6568,-428.4
6569,-428.4
6570,-428.4
6571,-432.0
6572,-432.0
6573,-428.4
6574,-424.8
6575,-424.8
6576,-421.2
6577,-417.6
6578,-414.0
6579,-410.4
6580,-406.8
6581,-403.2
6582,-406.8
6583,-410.4
6584,-417.6
6585,-424.8
6586,-424.8
6587,-421.2
6588,-428.4
6589,-428.4
6590,-428.4
6591,-435.6
6592,-442.8
6593,-630.0
6594,-633.6
6595,-637.2
6596,-633.6
6597,-633.6
6598,-633.6
6599,-633.6
6600,-633.6
6601,-630.0
6602,-626.4
6603,-626.4
6604,-622.8
6605,-622.8
6606,-619.2
6607,-619.2
6608,-619.2
6609,-619.2
6610,-619.2
6611,-435.6
6612,-435.6
6613,-439.2
6614,-435.6
6615,-435.6
6616,-435.6
6617,-432.0
6618,-439.2
6619,-435.6
6620,-435.6
6621,-439.2
6622,-435.6
6623,-432.0
6624,-435.6
6625,-432.0
6626,-428.4
6627,-424.8
6628,-428.4
6629,-428.4
6630,-424.8
6631,-424.8
6632,-428.4
6633,-428.4
6634,-424.8
6635,-424.8
6636,-421.2
6637,-421.2
6638,-417.6
6639,-424.8
6640,-432.0
6641,-432.0
6642,-439.2
6643,-442.8
6644,-622.8
6645,-622.8
6646,-439.2
6647,-446.4
6648,-439.2
6649,-435.6
6650,-442.8
6651,-622.8
6652,-439.2
6653,-435.6
6654,-435.6
6655,-432.0
6656,-432.0
6657,-428.4
6658,-435.6
6659,-435.6
6660,-442.8
6661,-622.8
6662,-622.8
6663,-619.2
6664,-619.2
6665,-619.2
6666,-615.6
6667,-615.6
6668,-612.0
6669,-608.4
6670,-608.4
6671,-432.0
6672,-435.6
6673,-597.6
6674,-594.0
6675,-432.0
6676,-432.0
6677,-428.4
6678,-432.0
6679,-583.2
6680,-583.2
6681,-428.4
6682,-424.8
6683,-424.8
6684,-421.2
6685,-417.6
6686,-414.0
6687,-414.0
6688,-410.4
6689,-410.4
6690,-410.4
6691,-406.8
6692,-417.6
6693,-421.2
6694,-428.4
6695,-428.4
6696,-428.4
6697,-435.6
6698,-439.2
6699,-622.8
6700,-435.6
6701,-435.6
6702,-432.0
6703,-432.0
6704,-428.4
6705,-428.4
6706,-424.8
6707,-424.8
6708,-421.2
6709,-428.4
6710,-428.4
6711,-432.0
6712,-439.2
6713,-619.2
6714,-619.2
6715,-619.2
6716,-615.6
6717,-612.0
6718,-608.4
6719,-604.8
6720,-601.2
6721,-432.0
6722,-428.4
6723,-424.8
6724,-421.2
6725,-417.6
6726,-417.6
6727,-424.8
6728,-424.8
6729,-424.8
6730,-424.8
6731,-432.0
6732,-435.6
6733,-432.0
6734,-432.0
6735,-439.2
6736,-622.8
6737,-622.8
6738,-630.0
6739,-630.0
6740,-630.0
6741,-439.2
6742,-446.4
6743,-630.0
6744,-630.0
6745,-626.4
6746,-626.4
6747,-439.2
6748,-442.8
6749,-619.2
6750,-435.6
6751,-432.0
6752,-432.0
6753,-428.4
6754,-428.4
6755,-424.8
6756,-424.8
6757,-424.8
6758,-424.8
6759,-421.2
6760,-421.2
6761,-421.2
6762,-417.6
6763,-417.6
6764,-414.0
6765,-414.0
6766,-410.4
6767,-406.8
6768,-406.8
6769,-403.2
6770,-399.6
6771,-396.0
6772,-392.4
6773,-388.8
6774,-385.2
6775,-381.6
6776,-378.0
6777,-378.0
6778,-374.4
6779,-370.8
6780,-370.8
6781,-370.8
6782,-378.0
6783,-388.8
6784,-396.0
6785,-406.8
6786,-414.0
6787,-421.2
6788,-428.4
6789,-435.6
6790,-442.8
6791,-630.0
6792,-626.4
6793,-626.4
6794,-626.4
6795,-622.8
6796,-435.6
6797,-435.6
6798,-439.2
6799,-615.6
6800,-615.6
6801,-615.6
6802,-619.2
6803,-619.2
6804,-619.2
6805,-619.2
6806,-622.8
6807,-622.8
6808,-622.8
6809,-439.2
6810,-442.8
6811,-622.8
6812,-622.8
6813,-619.2
6814,-615.6
6815,-608.4
6816,-604.8
6817,-597.6
6818,-594.0
6819,-586.8
6820,-583.2
6821,-579.6
6822,-428.4
6823,-424.8
6824,-421.2
6825,-421.2
6826,-417.6
6827,-414.0
6828,-414.0
6829,-414.0
6830,-414.0
6831,-410.4
6832,-410.4
6833,-410.4
6834,-410.4
6835,-410.4
6836,-410.4
6837,-410.4
6838,-410.4
6839,-406.8
6840,-406.8
6841,-414.0
6842,-421.2
6843,-428.4
6844,-432.0
6845,-439.2
6846,-619.2
6847,-435.6
6848,-435.6
6849,-432.0
6850,-439.2
6851,-435.6
6852,-435.6
6853,-439.2
6854,-435.6
6855,-442.8
6856,-622.8
6857,-622.8
6858,-622.8
6859,-622.8
6860,-619.2
6861,-615.6
6862,-435.6
6863,-432.0
6864,-435.6
6865,-432.0
6866,-435.6
6867,-590.4
6868,-428.4
6869,-432.0
6870,-579.6
6871,-579.6
6872,-579.6
6873,-586.8
6874,-590.4
6875,-597.6
6876,-604.8
6877,-612.0
6878,-612.0
6879,-619.2
6880,-622.8
6881,-622.8
6882,-626.4
6883,-626.4
6884,-439.2
6885,-435.6
6886,-435.6
6887,-435.6
6888,-435.6
6889,-439.2
6890,-622.8
6891,-435.6
6892,-442.8
6893,-622.8
6894,-435.6
6895,-432.0
6896,-432.0
6897,-432.0
6898,-428.4
6899,-428.4
6900,-428.4
6901,-424.8
6902,-432.0
6903,-439.2
6904,-626.4
6905,-626.4
6906,-622.8
6907,-622.8
6908,-622.8
6909,-619.2
6910,-615.6
6911,-612.0
6912,-432.0
6913,-428.4
6914,-432.0
6915,-428.4
6916,-424.8
6917,-421.2
6918,-421.2
6919,-417.6
6920,-414.0
6921,-417.6
6922,-424.8
6923,-432.0
6924,-439.2
6925,-435.6
6926,-442.8
6927,-439.2
6928,-446.4
6929,-630.0
6930,-633.6
6931,-439.2
6932,-439.2
6933,-439.2
6934,-439.2
6935,-439.2
6936,-439.2
6937,-442.8
6938,-439.2
6939,-446.4
6940,-622.8
6941,-622.8
6942,-622.8
6943,-622.8
6944,-622.8
6945,-622.8
6946,-622.8
6947,-622.8
6948,-439.2
6949,-442.8
6950,-622.8
6951,-435.6
6952,-435.6
6953,-442.8
6954,-619.2
6955,-619.2
6956,-619.2
6957,-615.6
6958,-612.0
6959,-435.6
6960,-439.2
6961,-432.0
6962,-428.4
6963,-424.8
6964,-421.2
6965,-417.6
6966,-417.6
6967,-414.0
6968,-410.4
6969,-406.8
6970,-403.2
6971,-406.8
6972,-414.0
6973,-421.2
6974,-428.4
6975,-435.6
6976,-442.8
6977,-619.2
6978,-622.8
6979,-622.8
6980,-626.4
6981,-439.2
6982,-442.8
6983,-626.4
6984,-626.4
6985,-626.4
6986,-626.4
6987,-622.8
6988,-622.8
6989,-622.8
6990,-439.2
6991,-435.6
6992,-432.0
6993,-432.0
6994,-432.0
6995,-428.4
6996,-428.4
6997,-428.4
6998,-424.8
6999,-424.8
7000,-421.2
7001,-421.2
7002,-417.6
7003,-424.8
7004,-421.2
7005,-421.2
7006,-417.6
7007,-414.0
7008,-417.6
7009,-417.6
7010,-414.0
7011,-417.6
7012,-414.0
7013,-417.6
7014,-417.6
7015,-414.0
7016,-417.6
7017,-414.0
7018,-414.0
7019,-410.4
7020,-406.8
7021,-406.8
7022,-403.2
7023,-403.2
7024,-406.8
7025,-406.8
7026,-406.8
7027,-403.2
7028,-403.2
7029,-403.2
7030,-403.2
7031,-403.2
7032,-399.6
7033,-399.6
7034,-396.0
7035,-396.0
7036,-396.0
7037,-392.4
7038,-392.4
7039,-392.4
7040,-388.8
7041,-396.0
7042,-403.2
7043,-410.4
7044,-417.6
7045,-424.8
7046,-432.0
7047,-435.6
7048,-442.8
7049,-622.8
7050,-619.2
7051,-619.2
7052,-615.6
7053,-615.6
7054,-612.0
7055,-604.8
7056,-601.2
7057,-597.6
7058,-590.4
7059,-586.8
7060,-583.2
7061,-583.2
7062,-428.4
7063,-424.8
7064,-428.4
7065,-432.0
7066,-428.4
7067,-428.4
7068,-432.0
7069,-432.0
7070,-432.0
7071,-432.0
7072,-439.2
7073,-626.4
7074,-630.0
7075,-630.0
7076,-633.6
7077,-633.6
7078,-633.6
7079,-442.8
7080,-446.4
7081,-626.4
7082,-439.2
7083,-442.8
7084,-622.8
7085,-619.2
7086,-435.6
7087,-439.2
7088,-435.6
7089,-439.2
7090,-435.6
7091,-432.0
7092,-432.0
7093,-432.0
7094,-428.4
7095,-428.4
7096,-435.6
7097,-435.6
7098,-432.0
7099,-432.0
7100,-428.4
7101,-435.6
7102,-432.0
7103,-428.4
7104,-424.8
7105,-424.8
7106,-421.2
7107,-417.6
7108,-414.0
7109,-410.4
7110,-406.8
7111,-403.2
7112,-406.8
7113,-406.8
7114,-403.2
7115,-403.2
7116,-399.6
7117,-399.6
7118,-399.6
7119,-396.0
7120,-406.8
7121,-414.0
7122,-421.2
7123,-428.4
7124,-435.6
7125,-446.4
7126,-630.0
7127,-630.0
7128,-626.4
7129,-626.4
7130,-439.2
7131,-442.8
7132,-622.8
7133,-619.2
7134,-435.6
7135,-435.6
7136,-432.0
7137,-439.2
7138,-435.6
7139,-442.8
7140,-435.6
7141,-442.8
7142,-626.4
7143,-622.8
7144,-439.2
7145,-446.4
7146,-439.2
7147,-442.8
7148,-622.8
7149,-619.2
7150,-615.6
7151,-608.4
7152,-604.8
7153,-432.0
7154,-432.0
7155,-586.8
7156,-583.2
7157,-583.2
7158,-579.6
7159,-583.2
7160,-583.2
7161,-586.8
7162,-432.0
7163,-428.4
7164,-428.4
7165,-424.8
7166,-424.8
7167,-424.8
7168,-424.8
7169,-424.8
7170,-424.8
7171,-421.2
7172,-421.2
7173,-421.2
7174,-421.2
7175,-428.4
7176,-428.4
7177,-424.8
7178,-424.8
7179,-421.2
7180,-421.2
7181,-428.4
7182,-424.8
7183,-424.8
7184,-421.2
7185,-421.2
7186,-421.2
7187,-417.6
7188,-417.6
7189,-417.6
7190,-414.0
7191,-414.0
7192,-414.0
7193,-410.4
7194,-410.4
7195,-410.4
7196,-406.8
7197,-406.8
7198,-403.2
7199,-399.6
7200,-399.6
7201,-396.0
7202,-392.4
7203,-396.0
7204,-399.6
7205,-406.8
7206,-410.4
7207,-410.4
7208,-414.0
7209,-414.0
7210,-410.4
7211,-414.0
7212,-421.2
7213,-428.4
7214,-435.6
7215,-435.6
7216,-435.6
7217,-435.6
7218,-442.8
7219,-439.2
7220,-446.4
7221,-630.0
7222,-630.0
7223,-630.0
7224,-626.4
7225,-626.4
7226,-622.8
7227,-622.8
7228,-622.8
7229,-619.2
7230,-619.2
7231,-619.2
7232,-619.2
7233,-619.2
7234,-619.2
7235,-622.8
7236,-622.8
7237,-435.6
7238,-435.6
7239,-435.6
7240,-432.0
7241,-432.0
7242,-432.0
7243,-428.4
7244,-428.4
7245,-424.8
7246,-424.8
7247,-421.2
7248,-417.6
7249,-414.0
7250,-410.4
7251,-406.8
7252,-410.4
7253,-414.0
7254,-421.2
7255,-424.8
7256,-428.4
7257,-435.6
7258,-597.6
7259,-601.2
7260,-608.4
7261,-615.6
7262,-619.2
7263,-622.8
7264,-626.4
7265,-633.6
7266,-633.6
7267,-633.6
7268,-637.2
7269,-637.2
7270,-633.6
7271,-633.6
7272,-630.0
7273,-630.0
7274,-630.0
7275,-439.2
7276,-435.6
7277,-442.8
7278,-622.8
7279,-619.2
7280,-622.8
7281,-622.8
7282,-622.8
7283,-622.8
7284,-622.8
7285,-626.4
7286,-622.8
7287,-622.8
7288,-622.8
7289,-622.8
7290,-622.8
7291,-619.2
7292,-435.6
7293,-435.6
7294,-432.0
7295,-428.4
7296,-424.8
7297,-424.8
7298,-421.2
7299,-417.6
7300,-414.0
7301,-410.4
7302,-406.8
7303,-403.2
7304,-399.6
7305,-399.6
7306,-396.0
7307,-392.4
7308,-392.4
7309,-388.8
7310,-388.8
7311,-388.8
7312,-388.8
7313,-385.2
7314,-385.2
7315,-385.2
7316,-385.2
7317,-385.2
7318,-385.2
7319,-385.2
7320,-381.6
7321,-381.6
7322,-381.6
7323,-381.6
7324,-381.6
7325,-378.0
7326,-378.0
7327,-378.0
7328,-374.4
7329,-374.4
7330,-374.4
7331,-306.0
7332,-306.0
7333,-313.2
7334,-309.6
7335,-306.0
7336,-295.2
7337,-277.2
7338,-273.6
7339,-266.4
7340,-248.4
7341,-234.0
7342,-230.4
7343,-212.4
7344,-198.0
7345,-176.4
7346,-165.6
7347,-158.4
7348,-147.6
7349,-140.4
7350,-129.6
7351,-129.6
7352,-126.0
7353,-126.0
7354,-129.6
7355,-136.8
7356,-144.0
7357,-158.4
7358,-169.2
7359,-187.2
7360,-205.2
7361,-230.4
7362,-244.8
7363,-270.0
7364,-291.6
7365,-288.0
7366,-298.8
7367,-316.8
7368,-309.6
7369,-316.8
7370,-316.8
7371,-298.8
7372,-288.0
7373,-291.6
7374,-291.6
7375,-277.2
7376,-273.6
7377,-270.0
7378,-277.2
7379,-277.2
7380,-277.2
7381,-284.4
7382,-284.4
7383,-295.2
7384,-291.6
7385,-295.2
7386,-288.0
7387,-291.6
7388,-270.0
7389,-266.4
7390,-237.6
7391,-219.6
7392,-201.6
7393,-183.6
7394,-158.4
7395,-140.4
7396,-126.0
7397,-118.8
7398,-111.6
7399,-118.8
7400,-129.6
7401,-133.2
7402,-151.2
7403,-169.2
7404,-194.4
7405,-219.6
7406,-252.0
7407,-277.2
7408,-313.2
7409,-324.0
7410,-360.0
7411,-360.0
7412,-378.0
7413,-378.0
7414,-378.0
7415,-378.0
7416,-378.0
7417,-374.4
7418,-345.6
7419,-327.6
7420,-298.8
7421,-280.8
7422,-277.2
7423,-270.0
7424,-262.8
7425,-266.4
7426,-273.6
7427,-273.6
7428,-273.6
7429,-291.6
7430,-302.4
7431,-309.6
7432,-320.4
7433,-327.6
7434,-324.0
7435,-313.2
7436,-302.4
7437,-284.4
7438,-273.6
7439,-241.2
7440,-223.2
7441,-187.2
7442,-169.2
7443,-151.2
7444,-133.2
7445,-122.4
7446,-122.4
7447,-122.4
7448,-122.4
7449,-133.2
7450,-151.2
7451,-176.4
7452,-201.6
7453,-226.8
7454,-244.8
7455,-277.2
7456,-298.8
7457,-320.4
7458,-327.6
7459,-360.0
7460,-360.0
7461,-370.8
7462,-360.0
7463,-342.0
7464,-345.6
7465,-338.4
7466,-334.8
7467,-309.6
7468,-302.4
7469,-284.4
7470,-277.2
7471,-270.0
7472,-259.2
7473,-270.0
7474,-277.2
7475,-295.2
7476,-306.0
7477,-309.6
7478,-320.4
7479,-320.4
7480,-320.4
7481,-327.6
7482,-313.2
7483,-316.8
7484,-302.4
7485,-288.0
7486,-259.2
7487,-244.8
7488,-212.4
7489,-190.8
7490,-165.6
7491,-140.4
7492,-129.6
7493,-115.2
7494,-115.2
7495,-122.4
7496,-126.0
7497,-147.6
7498,-154.8
7499,-180.0
7500,-208.8
7501,-230.4
7502,-259.2
7503,-288.0
7504,-302.4
7505,-320.4
7506,-338.4
7507,-356.4
7508,-363.6
7509,-370.8
7510,-370.8
7511,-360.0
7512,-349.2
7513,-345.6
7514,-349.2
7515,-324.0
7516,-316.8
7517,-306.0
7518,-298.8
7519,-291.6
7520,-284.4
7521,-288.0
7522,-284.4
7523,-284.4
7524,-309.6
7525,-313.2
7526,-309.6
7527,-327.6
7528,-320.4
7529,-324.0
7530,-320.4
7531,-309.6
7532,-302.4
7533,-284.4
7534,-259.2
7535,-241.2
7536,-219.6
7537,-194.4
7538,-172.8
7539,-151.2
7540,-133.2
7541,-115.2
7542,-115.2
7543,-118.8
7544,-126.0
7545,-136.8
7546,-158.4
7547,-176.4
7548,-205.2
7549,-237.6
7550,-262.8
7551,-291.6
7552,-313.2
7553,-327.6
7554,-363.6
7555,-356.4
7556,-360.0
7557,-367.2
7558,-342.0
7559,-352.8
7560,-331.2
7561,-331.2
7562,-320.4
7563,-306.0
7564,-298.8
7565,-295.2
7566,-280.8
7567,-288.0
7568,-280.8
7569,-291.6
7570,-295.2
7571,-298.8
7572,-313.2
7573,-316.8
7574,-313.2
7575,-324.0
7576,-327.6
7577,-324.0
7578,-331.2
7579,-320.4
7580,-306.0
7581,-295.2
7582,-273.6
7583,-252.0
7584,-223.2
7585,-205.2
7586,-172.8
7587,-158.4
7588,-144.0
7589,-126.0
7590,-122.4
7591,-126.0
7592,-133.2
7593,-158.4
7594,-172.8
7595,-201.6
7596,-230.4
7597,-270.0
7598,-295.2
7599,-331.2
7600,-356.4
7601,-378.0
7602,-378.0
7603,-378.0
7604,-381.6
7605,-378.0
7606,-381.6
7607,-381.6
7608,-378.0
7609,-378.0
7610,-378.0
7611,-378.0
7612,-374.4
7613,-374.4
7614,-298.8
7615,-306.0
7616,-309.6
7617,-298.8
7618,-309.6
7619,-316.8
7620,-316.8
7621,-316.8
7622,-316.8
7623,-324.0
7624,-313.2
7625,-316.8
7626,-313.2
7627,-302.4
7628,-284.4
7629,-288.0
7630,-270.0
7631,-241.2
7632,-230.4
7633,-205.2
7634,-190.8
7635,-165.6
7636,-158.4
7637,-144.0
7638,-140.4
7639,-133.2
7640,-126.0
7641,-133.2
7642,-144.0
7643,-151.2
7644,-172.8
7645,-194.4
7646,-216.0
7647,-234.0
7648,-266.4
7649,-280.8
7650,-309.6
7651,-324.0
7652,-331.2
7653,-349.2
7654,-349.2
7655,-345.6
7656,-342.0
7657,-334.8
7658,-331.2
7659,-331.2
7660,-327.6
7661,-324.0
7662,-313.2
7663,-302.4
7664,-316.8
7665,-313.2
7666,-313.2
7667,-316.8
7668,-316.8
7669,-306.0
7670,-313.2
7671,-313.2
7672,-306.0
7673,-298.8
7674,-284.4
7675,-277.2
7676,-252.0
7677,-244.8
7678,-226.8
7679,-212.4
7680,-201.6
7681,-180.0
7682,-172.8
7683,-158.4
7684,-154.8
7685,-144.0
7686,-140.4
7687,-129.6
7688,-126.0
7689,-126.0
7690,-136.8
7691,-144.0
7692,-151.2
7693,-162.0
7694,-183.6
7695,-194.4
7696,-212.4
7697,-237.6
7698,-252.0
7699,-270.0
7700,-288.0
7701,-309.6
7702,-306.0
7703,-316.8
7704,-313.2
7705,-320.4
7706,-309.6
7707,-316.8
7708,-309.6
7709,-291.6
7710,-284.4
7711,-273.6
7712,-273.6
7713,-280.8
7714,-280.8
7715,-284.4
7716,-298.8
7717,-291.6
7718,-298.8
7719,-295.2
7720,-291.6
7721,-309.6
7722,-295.2
7723,-291.6
7724,-280.8
7725,-266.4
7726,-241.2
7727,-223.2
7728,-208.8
7729,-183.6
7730,-165.6
7731,-144.0
7732,-133.2
7733,-115.2
7734,-115.2
7735,-115.2
7736,-122.4
7737,-136.8
7738,-158.4
7739,-176.4
7740,-205.2
7741,-223.2
7742,-252.0
7743,-291.6
7744,-313.2
7745,-327.6
7746,-352.8
7747,-378.0
7748,-378.0
7749,-378.0
7750,-378.0
7751,-378.0
7752,-378.0
7753,-378.0
7754,-374.4
7755,-327.6
7756,-309.6
7757,-298.8
7758,-288.0
7759,-277.2
7760,-266.4
7761,-262.8
7762,-270.0
7763,-277.2
7764,-280.8
7765,-306.0
7766,-313.2
7767,-324.0
7768,-324.0
7769,-324.0
7770,-327.6
7771,-320.4
7772,-298.8
7773,-280.8
7774,-273.6
7775,-252.0
7776,-216.0
7777,-201.6
7778,-172.8
7779,-158.4
7780,-140.4
7781,-126.0
7782,-122.4
7783,-126.0
7784,-126.0
7785,-136.8
7786,-154.8
7787,-180.0
7788,-208.8
7789,-223.2
7790,-252.0
7791,-284.4
7792,-306.0
7793,-324.0
7794,-342.0
7795,-363.6
7796,-367.2
7797,-378.0
7798,-378.0
7799,-363.6
7800,-345.6
7801,-352.8
7802,-320.4
7803,-324.0
7804,-309.6
7805,-288.0
7806,-291.6
7807,-280.8
7808,-284.4
7809,-284.4
7810,-284.4
7811,-295.2
7812,-291.6
7813,-309.6
7814,-327.6
7815,-324.0
7816,-331.2
7817,-327.6
7818,-320.4
7819,-327.6
7820,-298.8
7821,-291.6
7822,-270.0
7823,-244.8
7824,-219.6
7825,-190.8
7826,-169.2
7827,-147.6
7828,-133.2
7829,-118.8
7830,-115.2
7831,-122.4
7832,-129.6
7833,-140.4
7834,-158.4
7835,-194.4
7836,-208.8
7837,-230.4
7838,-262.8
7839,-295.2
7840,-313.2
7841,-327.6
7842,-356.4
7843,-356.4
7844,-367.2
7845,-378.0
7846,-378.0
7847,-374.4
7848,-356.4
7849,-367.2
7850,-352.8
7851,-338.4
7852,-331.2
7853,-313.2
7854,-309.6
7855,-306.0
7856,-295.2
7857,-295.2
7858,-298.8
7859,-291.6
7860,-313.2
7861,-306.0
7862,-309.6
7863,-327.6
7864,-334.8
7865,-331.2
7866,-334.8
7867,-320.4
7868,-309.6
7869,-288.0
7870,-273.6
7871,-241.2
7872,-223.2
7873,-198.0
7874,-180.0
7875,-151.2
7876,-136.8
7877,-129.6
7878,-118.8
7879,-122.4
7880,-126.0
7881,-144.0
7882,-158.4
7883,-176.4
7884,-205.2
7885,-237.6
7886,-270.0
7887,-295.2
7888,-313.2
7889,-327.6
7890,-349.2
7891,-360.0
7892,-370.8
7893,-363.6
7894,-367.2
7895,-356.4
7896,-345.6
7897,-334.8
7898,-327.6
7899,-316.8
7900,-313.2
7901,-302.4
7902,-291.6
7903,-302.4
7904,-291.6
7905,-295.2
7906,-291.6
7907,-298.8
7908,-316.8
7909,-316.8
7910,-324.0
7911,-324.0
7912,-334.8
7913,-338.4
7914,-320.4
7915,-316.8
7916,-309.6
7917,-295.2
7918,-270.0
7919,-248.4
7920,-219.6
7921,-205.2
7922,-180.0
7923,-158.4
7924,-144.0
7925,-126.0
7926,-126.0
7927,-129.6
7928,-140.4
7929,-151.2
7930,-176.4
7931,-208.8
7932,-237.6
7933,-266.4
7934,-302.4
7935,-331.2
7936,-363.6
7937,-378.0
7938,-378.0
7939,-381.6
7940,-381.6
7941,-381.6
7942,-381.6
7943,-381.6
7944,-381.6
7945,-381.6
7946,-378.0
7947,-378.0
7948,-378.0
7949,-374.4
7950,-374.4
7951,-374.4
7952,-306.0
7953,-320.4
7954,-313.2
7955,-320.4
7956,-316.8
7957,-327.6
7958,-331.2
7959,-338.4
7960,-320.4
7961,-327.6
7962,-316.8
7963,-306.0
7964,-291.6
7965,-284.4
7966,-262.8
7967,-266.4
7968,-234.0
7969,-216.0
7970,-201.6
7971,-180.0
7972,-162.0
7973,-144.0
7974,-136.8
7975,-133.2
7976,-133.2
7977,-133.2
7978,-147.6
7979,-158.4
7980,-176.4
7981,-198.0
7982,-219.6
7983,-237.6
7984,-262.8
7985,-291.6
7986,-320.4
7987,-327.6
7988,-338.4
7989,-338.4
7990,-360.0
7991,-345.6
7992,-352.8
7993,-349.2
7994,-342.0
7995,-331.2
7996,-327.6
7997,-320.4
7998,-324.0
7999,-320.4
8000,-316.8
8001,-313.2
8002,-309.6
8003,-316.8
8004,-320.4
8005,-313.2
8006,-316.8
8007,-313.2
8008,-309.6
8009,-298.8
8010,-298.8
8011,-288.0
8012,-262.8
8013,-248.4
8014,-230.4
8015,-219.6
8016,-201.6
8017,-190.8
8018,-176.4
8019,-169.2
8020,-154.8
8021,-147.6
8022,-140.4
8023,-129.6
8024,-136.8
8025,-133.2
8026,-133.2
8027,-144.0
8028,-154.8
8029,-169.2
8030,-176.4
8031,-194.4
8032,-219.6
8033,-241.2
8034,-259.2
8035,-280.8
8036,-284.4
8037,-313.2
8038,-327.6
8039,-334.8
8040,-334.8
8041,-331.2
8042,-320.4
8043,-313.2
8044,-313.2
8045,-306.0
8046,-295.2
8047,-284.4
8048,-280.8
8049,-288.0
8050,-284.4
8051,-288.0
8052,-295.2
8053,-291.6
8054,-298.8
8055,-320.4
8056,-306.0
8057,-309.6
8058,-309.6
8059,-288.0
8060,-288.0
8061,-266.4
8062,-244.8
8063,-226.8
8064,-208.8
8065,-187.2
8066,-165.6
8067,-144.0
8068,-133.2
8069,-126.0
8070,-115.2
8071,-118.8
8072,-129.6
8073,-136.8
8074,-154.8
8075,-180.0
8076,-208.8
8077,-230.4
8078,-259.2
8079,-280.8
8080,-324.0
8081,-345.6
8082,-356.4
8083,-378.0
8084,-378.0
8085,-378.0
8086,-378.0
8087,-378.0
8088,-378.0
8089,-378.0
8090,-378.0
8091,-378.0
8092,-374.4
8093,-313.2
8094,-284.4
8095,-280.8
8096,-288.0
8097,-273.6
8098,-280.8
8099,-288.0
8100,-306.0
8101,-309.6
8102,-320.4
8103,-331.2
8104,-334.8
8105,-331.2
8106,-342.0
8107,-334.8
8108,-316.8
8109,-295.2
8110,-273.6
8111,-248.4
8112,-226.8
8113,-205.2
8114,-180.0
8115,-154.8
8116,-144.0
8117,-133.2
8118,-122.4
8119,-126.0
8120,-129.6
8121,-140.4
8122,-165.6
8123,-187.2
8124,-208.8
8125,-241.2
8126,-270.0
8127,-284.4
8128,-324.0
8129,-349.2
8130,-356.4
8131,-367.2
8132,-374.4
8133,-378.0
8134,-378.0
8135,-378.0
8136,-356.4
8137,-360.0
8138,-338.4
8139,-331.2
8140,-306.0
8141,-298.8
8142,-306.0
8143,-280.8
8144,-291.6
8145,-291.6
8146,-291.6
8147,-306.0
8148,-306.0
8149,-316.8
8150,-327.6
8151,-327.6
8152,-338.4
8153,-349.2
8154,-349.2
8155,-331.2
8156,-316.8
8157,-298.8
8158,-270.0
8159,-244.8
8160,-226.8
8161,-190.8
8162,-172.8
8163,-154.8
8164,-140.4
8165,-122.4
8166,-118.8
8167,-126.0
8168,-136.8
8169,-147.6
8170,-169.2
8171,-190.8
8172,-216.0
8173,-244.8
8174,-270.0
8175,-298.8
8176,-316.8
8177,-331.2
8178,-345.6
8179,-363.6
8180,-378.0
8181,-378.0
8182,-378.0
8183,-378.0
8184,-367.2
8185,-360.0
8186,-352.8
8187,-334.8
8188,-338.4
8189,-320.4
8190,-320.4
8191,-309.6
8192,-306.0
8193,-295.2
8194,-298.8
8195,-298.8
8196,-313.2
8197,-324.0
8198,-324.0
8199,-324.0
8200,-345.6
8201,-334.8
8202,-338.4
8203,-324.0
8204,-313.2
8205,-284.4
8206,-284.4
8207,-255.6
8208,-223.2
8209,-205.2
8210,-172.8
8211,-154.8
8212,-140.4
8213,-129.6
8214,-126.0
8215,-122.4
8216,-129.6
8217,-144.0
8218,-158.4
8219,-198.0
8220,-216.0
8221,-252.0
8222,-280.8
8223,-291.6
8224,-320.4
8225,-342.0
8226,-360.0
8227,-367.2
8228,-370.8
8229,-367.2
8230,-363.6
8231,-378.0
8232,-378.0
8233,-345.6
8234,-324.0
8235,-327.6
8236,-313.2
8237,-302.4
8238,-306.0
8239,-298.8
8240,-302.4
8241,-295.2
8242,-306.0
8243,-313.2
8244,-313.2
8245,-327.6
8246,-334.8
8247,-342.0
8248,-334.8
8249,-345.6
8250,-334.8
8251,-331.2
8252,-309.6
8253,-298.8
8254,-270.0
8255,-252.0
8256,-234.0
8257,-216.0
8258,-187.2
8259,-165.6
8260,-144.0
8261,-133.2
8262,-129.6
8263,-129.6
8264,-140.4
8265,-158.4
8266,-187.2
8267,-208.8
8268,-244.8
8269,-273.6
8270,-306.0
8271,-345.6
8272,-378.0
8273,-378.0
8274,-381.6
8275,-378.0
8276,-381.6
8277,-381.6
8278,-381.6
8279,-381.6
8280,-381.6
8281,-381.6
8282,-378.0
8283,-378.0
8284,-378.0
8285,-378.0
8286,-374.4
8287,-374.4
8288,-374.4
8289,-316.8
8290,-320.4
8291,-324.0
8292,-338.4
8293,-331.2
8294,-338.4
8295,-324.0
8296,-327.6
8297,-331.2
8298,-316.8
8299,-309.6
8300,-306.0
8301,-291.6
8302,-280.8
8303,-255.6
8304,-237.6
8305,-216.0
8306,-201.6
8307,-187.2
8308,-165.6
8309,-151.2
8310,-144.0
8311,-136.8
8312,-133.2
8313,-136.8
8314,-147.6
8315,-162.0
8316,-183.6
8317,-198.0
8318,-226.8
8319,-248.4
8320,-270.0
8321,-306.0
8322,-331.2
8323,-331.2
8324,-349.2
8325,-360.0
8326,-363.6
8327,-370.8
8328,-352.8
8329,-349.2
8330,-356.4
8331,-345.6
8332,-331.2
8333,-338.4
8334,-316.8
8335,-327.6
8336,-334.8
8337,-316.8
8338,-309.6
8339,-327.6
8340,-324.0
8341,-324.0
8342,-324.0
8343,-316.8
8344,-320.4
8345,-306.0
8346,-302.4
8347,-284.4
8348,-266.4
8349,-252.0
8350,-237.6
8351,-226.8
8352,-208.8
8353,-194.4
8354,-183.6
8355,-165.6
8356,-158.4
8357,-144.0
8358,-140.4
8359,-136.8
8360,-133.2
8361,-140.4
8362,-140.4
8363,-144.0
8364,-154.8
8365,-172.8
8366,-187.2
8367,-205.2
8368,-226.8
8369,-241.2
8370,-273.6
8371,-288.0
8372,-295.2
8373,-320.4
8374,-331.2
8375,-334.8
8376,-334.8
8377,-324.0
8378,-338.4
8379,-331.2
8380,-309.6
8381,-302.4
8382,-295.2
8383,-291.6
8384,-288.0
8385,-288.0
8386,-284.4
8387,-288.0
8388,-295.2
8389,-309.6
8390,-302.4
8391,-316.8
8392,-327.6
8393,-313.2
8394,-313.2
8395,-298.8
8396,-288.0
8397,-277.2
8398,-266.4
8399,-230.4
8400,-216.0
8401,-194.4
8402,-172.8
8403,-151.2
8404,-136.8
8405,-126.0
8406,-118.8
8407,-122.4
8408,-126.0
8409,-147.6
8410,-151.2
8411,-190.8
8412,-205.2
8413,-237.6
8414,-262.8
8415,-302.4
8416,-331.2
8417,-360.0
8418,-367.2
8419,-378.0
8420,-378.0
8421,-378.0
8422,-378.0
8423,-378.0
8424,-378.0
8425,-378.0
8426,-378.0
8427,-378.0
8428,-374.4
8429,-374.4
8430,-295.2
8431,-288.0
8432,-280.8
8433,-280.8
8434,-284.4
8435,-291.6
8436,-298.8
8437,-316.8
8438,-320.4
8439,-331.2
8440,-342.0
8441,-334.8
8442,-338.4
8443,-338.4
8444,-316.8
8445,-298.8
8446,-273.6
8447,-255.6
8448,-234.0
8449,-205.2
8450,-176.4
8451,-165.6
8452,-144.0
8453,-133.2
8454,-126.0
8455,-129.6
8456,-133.2
8457,-144.0
8458,-162.0
8459,-176.4
8460,-205.2
8461,-244.8
8462,-266.4
8463,-291.6
8464,-316.8
8465,-338.4
8466,-360.0
8467,-378.0
8468,-378.0
8469,-378.0
8470,-378.0
8471,-378.0
8472,-378.0
8473,-374.4
8474,-374.4
8475,-338.4
8476,-320.4
8477,-309.6
8478,-306.0
8479,-284.4
8480,-288.0
8481,-298.8
8482,-302.4
8483,-306.0
8484,-324.0
8485,-320.4
8486,-342.0
8487,-349.2
8488,-352.8
8489,-349.2
8490,-345.6
8491,-349.2
8492,-327.6
8493,-302.4
8494,-277.2
8495,-262.8
8496,-223.2
8497,-198.0
8498,-172.8
8499,-151.2
8500,-133.2
8501,-129.6
8502,-122.4
8503,-122.4
8504,-136.8
8505,-151.2
8506,-176.4
8507,-194.4
8508,-226.8
8509,-248.4
8510,-280.8
8511,-306.0
8512,-320.4
8513,-356.4
8514,-356.4
8515,-378.0
8516,-378.0
8517,-378.0
8518,-378.0
8519,-378.0
8520,-378.0
8521,-378.0
8522,-374.4
8523,-345.6
8524,-331.2
8525,-331.2
8526,-313.2
8527,-320.4
8528,-306.0
8529,-309.6
8530,-306.0
8531,-302.4
8532,-320.4
8533,-327.6
8534,-331.2
8535,-345.6
8536,-342.0
8537,-342.0
8538,-334.8
8539,-331.2
8540,-316.8
8541,-302.4
8542,-277.2
8543,-259.2
8544,-234.0
8545,-212.4
8546,-180.0
8547,-158.4
8548,-144.0
8549,-129.6
8550,-122.4
8551,-122.4
8552,-133.2
8553,-154.8
8554,-172.8
8555,-183.6
8556,-219.6
8557,-255.6
8558,-291.6
8559,-302.4
8560,-342.0
8561,-352.8
8562,-360.0
8563,-374.4
8564,-378.0
8565,-378.0
8566,-378.0
8567,-378.0
8568,-378.0
8569,-349.2
8570,-342.0
8571,-324.0
8572,-316.8
8573,-316.8
8574,-316.8
8575,-295.2
8576,-302.4
8577,-302.4
8578,-313.2
8579,-327.6
8580,-327.6
8581,-334.8
8582,-327.6
8583,-345.6
8584,-352.8
8585,-356.4
8586,-342.0
8587,-338.4
8588,-316.8
8589,-295.2
8590,-298.8
8591,-259.2
8592,-237.6
8593,-212.4
8594,-183.6
8595,-158.4
8596,-147.6
8597,-136.8
8598,-126.0
8599,-133.2
8600,-147.6
8601,-158.4
8602,-187.2
8603,-212.4
8604,-237.6
8605,-284.4
8606,-316.8
8607,-349.2
8608,-378.0
8609,-378.0
8610,-381.6
8611,-381.6
8612,-381.6
8613,-381.6
8614,-381.6
8615,-381.6
8616,-381.6
8617,-381.6
8618,-381.6
8619,-381.6
8620,-381.6
8621,-378.0
8622,-378.0
8623,-378.0
8624,-378.0
8625,-374.4
8626,-374.4
8627,-374.4
8628,-331.2
8629,-345.6
8630,-345.6
8631,-352.8
8632,-338.4
8633,-338.4
8634,-324.0
8635,-327.6
8636,-316.8
8637,-295.2
8638,-277.2
8639,-259.2
8640,-241.2
8641,-219.6
8642,-201.6
8643,-187.2
8644,-169.2
8645,-151.2
8646,-144.0
8647,-144.0
8648,-140.4
8649,-144.0
8650,-154.8
8651,-169.2
8652,-187.2
8653,-208.8
8654,-237.6
8655,-255.6
8656,-288.0
8657,-298.8
8658,-313.2
8659,-342.0
8660,-352.8
8661,-363.6
8662,-363.6
8663,-360.0
8664,-370.8
8665,-352.8
8666,-352.8
8667,-352.8
8668,-338.4
8669,-338.4
8670,-327.6
8671,-331.2
8672,-327.6
8673,-331.2
8674,-334.8
8675,-331.2
8676,-331.2
8677,-331.2
8678,-338.4
8679,-334.8
8680,-331.2
8681,-313.2
8682,-298.8
8683,-306.0
8684,-273.6
8685,-259.2
8686,-237.6
8687,-230.4
8688,-208.8
8689,-198.0
8690,-194.4
8691,-180.0
8692,-162.0
8693,-154.8
8694,-144.0
8695,-144.0
8696,-133.2
8697,-136.8
8698,-136.8
8699,-151.2
8700,-162.0
8701,-172.8
8702,-187.2
8703,-212.4
8704,-237.6
8705,-244.8
8706,-273.6
8707,-288.0
8708,-306.0
8709,-316.8
8710,-331.2
8711,-345.6
8712,-345.6
8713,-345.6
8714,-349.2
8715,-324.0
8716,-313.2
8717,-302.4
8718,-298.8
8719,-306.0
8720,-291.6
8721,-302.4
8722,-295.2
8723,-298.8
8724,-302.4
8725,-313.2
8726,-309.6
8727,-313.2
8728,-324.0
8729,-324.0
8730,-324.0
8731,-313.2
8732,-295.2
8733,-284.4
8734,-262.8
8735,-244.8
8736,-219.6
8737,-198.0
8738,-172.8
8739,-154.8
8740,-140.4
8741,-126.0
8742,-126.0
8743,-122.4
8744,-133.2
8745,-144.0
8746,-162.0
8747,-176.4
8748,-212.4
8749,-252.0
8750,-270.0
8751,-295.2
8752,-324.0
8753,-356.4
8754,-378.0
8755,-378.0
8756,-378.0
8757,-378.0
8758,-381.6
8759,-381.6
8760,-378.0
8761,-381.6
8762,-378.0
8763,-378.0
8764,-378.0
8765,-374.4
8766,-374.4
8767,-291.6
8768,-288.0
8769,-284.4
8770,-284.4
8771,-298.8
8772,-309.6
8773,-324.0
8774,-327.6
8775,-338.4
8776,-352.8
8777,-356.4
8778,-345.6
8779,-338.4
8780,-327.6
8781,-302.4
8782,-280.8
8783,-266.4
8784,-230.4
8785,-205.2
8786,-183.6
8787,-162.0
8788,-140.4
8789,-133.2
8790,-126.0
8791,-129.6
8792,-133.2
8793,-144.0
8794,-165.6
8795,-190.8
8796,-212.4
8797,-237.6
8798,-266.4
8799,-295.2
8800,-338.4
8801,-352.8
8802,-367.2
8803,-374.4
8804,-378.0
8805,-378.0
8806,-378.0
8807,-378.0
8808,-378.0
8809,-378.0
8810,-378.0
8811,-338.4
8812,-331.2
8813,-313.2
8814,-302.4
8815,-295.2
8816,-291.6
8817,-306.0
8818,-291.6
8819,-313.2
8820,-320.4
8821,-331.2
8822,-342.0
8823,-345.6
8824,-356.4
8825,-370.8
8826,-352.8
8827,-338.4
8828,-327.6
8829,-309.6
8830,-280.8
8831,-262.8
8832,-234.0
8833,-201.6
8834,-180.0
8835,-154.8
8836,-144.0
8837,-129.6
8838,-126.0
8839,-133.2
8840,-133.2
8841,-151.2
8842,-176.4
8843,-194.4
8844,-234.0
8845,-255.6
8846,-284.4
8847,-309.6
8848,-342.0
8849,-349.2
8850,-378.0
8851,-378.0
8852,-378.0
8853,-378.0
8854,-378.0
8855,-378.0
8856,-378.0
8857,-378.0
8858,-378.0
8859,-378.0
8860,-374.4
8861,-327.6
8862,-327.6
8863,-320.4
8864,-320.4
8865,-320.4
8866,-316.8
8867,-331.2
8868,-334.8
8869,-338.4
8870,-338.4
8871,-345.6
8872,-338.4
8873,-345.6
8874,-352.8
8875,-345.6
8876,-331.2
8877,-309.6
8878,-291.6
8879,-255.6
8880,-230.4
8881,-212.4
8882,-183.6
8883,-165.6
8884,-144.0
8885,-136.8
8886,-126.0
8887,-126.0
8888,-133.2
8889,-147.6
8890,-183.6
8891,-194.4
8892,-226.8
8893,-252.0
8894,-284.4
8895,-313.2
8896,-356.4
8897,-345.6
8898,-378.0
8899,-378.0
8900,-378.0
8901,-378.0
8902,-378.0
8903,-378.0
8904,-378.0
8905,-378.0
8906,-374.4
8907,-327.6
8908,-324.0
8909,-320.4
8910,-316.8
8911,-313.2
8912,-313.2
8913,-313.2
8914,-324.0
8915,-324.0
8916,-338.4
8917,-352.8
8918,-342.0
8919,-352.8
8920,-349.2
8921,-349.2
8922,-345.6
8923,-334.8
8924,-327.6
8925,-316.8
8926,-295.2
8927,-266.4
8928,-248.4
8929,-212.4
8930,-194.4
8931,-169.2
8932,-151.2
8933,-144.0
8934,-136.8
8935,-136.8
8936,-144.0
8937,-162.0
8938,-180.0
8939,-208.8
8940,-244.8
8941,-280.8
8942,-320.4
8943,-356.4
8944,-378.0
8945,-378.0
8946,-381.6
8947,-381.6
8948,-381.6
8949,-381.6
8950,-385.2
8951,-385.2
8952,-381.6
8953,-385.2
8954,-381.6
8955,-381.6
8956,-381.6
8957,-381.6
8958,-378.0
8959,-378.0
8960,-378.0
8961,-378.0
8962,-378.0
8963,-378.0
8964,-374.4
8965,-374.4
8966,-349.2
8967,-352.8
8968,-345.6
8969,-338.4
8970,-331.2
8971,-320.4
8972,-313.2
8973,-295.2
8974,-277.2
8975,-266.4
8976,-244.8
8977,-219.6
8978,-205.2
8979,-190.8
8980,-169.2
8981,-154.8
8982,-144.0
8983,-140.4
8984,-144.0
8985,-147.6
8986,-154.8
8987,-169.2
8988,-183.6
8989,-216.0
8990,-237.6
8991,-255.6
8992,-288.0
8993,-316.8
8994,-331.2
8995,-345.6
8996,-374.4
8997,-370.8
8998,-374.4
8999,-363.6
9000,-374.4
9001,-370.8
9002,-356.4
9003,-360.0
9004,-342.0
9005,-331.2
9006,-342.0
9007,-334.8
9008,-338.4
9009,-345.6
9010,-338.4
9011,-331.2
9012,-331.2
9013,-334.8
9014,-345.6
9015,-324.0
9016,-327.6
9017,-324.0
9018,-316.8
9019,-298.8
9020,-280.8
9021,-262.8
9022,-248.4
9023,-226.8
9024,-219.6
9025,-205.2
9026,-187.2
9027,-180.0
9028,-165.6
9029,-154.8
9030,-144.0
9031,-140.4
9032,-140.4
9033,-140.4
9034,-144.0
9035,-151.2
9036,-158.4
9037,-176.4
9038,-198.0
9039,-212.4
9040,-230.4
9041,-255.6
9042,-277.2
9043,-291.6
9044,-313.2
9045,-324.0
9046,-334.8
9047,-349.2
9048,-331.2
9049,-345.6
9050,-334.8
9051,-324.0
9052,-331.2
9053,-309.6
9054,-306.0
9055,-302.4
9056,-306.0
9057,-298.8
9058,-306.0
9059,-306.0
9060,-316.8
9061,-320.4
9062,-327.6
9063,-324.0
9064,-327.6
9065,-327.6
9066,-334.8
9067,-313.2
9068,-306.0
9069,-280.8
9070,-266.4
9071,-237.6
9072,-219.6
9073,-194.4
9074,-180.0
9075,-154.8
9076,-144.0
9077,-129.6
9078,-122.4
9079,-126.0
9080,-133.2
9081,-140.4
9082,-169.2
9083,-187.2
9084,-219.6
9085,-248.4
9086,-270.0
9087,-316.8
9088,-338.4
9089,-356.4
9090,-378.0
9091,-378.0
9092,-378.0
9093,-378.0
9094,-381.6
9095,-381.6
9096,-381.6
9097,-381.6
9098,-378.0
9099,-378.0
9100,-378.0
9101,-374.4
9102,-374.4
9103,-295.2
9104,-295.2
9105,-295.2
9106,-298.8
9107,-302.4
9108,-309.6
9109,-316.8
9110,-342.0
9111,-349.2
9112,-352.8
9113,-352.8
9114,-356.4
9115,-342.0
9116,-338.4
9117,-313.2
9118,-280.8
9119,-266.4
9120,-241.2
9121,-212.4
9122,-183.6
9123,-165.6
9124,-144.0
9125,-133.2
9126,-126.0
9127,-129.6
9128,-136.8
9129,-158.4
9130,-169.2
9131,-194.4
9132,-223.2
9133,-241.2
9134,-270.0
9135,-313.2
9136,-338.4
9137,-356.4
9138,-378.0
9139,-378.0
9140,-378.0
9141,-378.0
9142,-378.0
9143,-378.0
9144,-378.0
9145,-378.0
9146,-378.0
9147,-378.0
9148,-374.4
9149,-313.2
9150,-302.4
9151,-313.2
9152,-306.0
9153,-298.8
9154,-306.0
9155,-313.2
9156,-324.0
9157,-331.2
9158,-345.6
9159,-349.2
9160,-367.2
9161,-367.2
9162,-356.4
9163,-342.0
9164,-334.8
9165,-309.6
9166,-298.8
9167,-259.2
9168,-237.6
9169,-212.4
9170,-176.4
9171,-162.0
9172,-140.4
9173,-133.2
9174,-133.2
9175,-129.6
9176,-144.0
9177,-154.8
9178,-169.2
9179,-201.6
9180,-237.6
9181,-255.6
9182,-284.4
9183,-313.2
9184,-331.2
9185,-356.4
9186,-374.4
9187,-378.0
9188,-378.0
9189,-378.0
9190,-378.0
9191,-378.0
9192,-378.0
9193,-378.0
9194,-378.0
9195,-378.0
9196,-378.0
9197,-374.4
9198,-334.8
9199,-316.8
9200,-320.4
9201,-316.8
9202,-324.0
9203,-327.6
9204,-320.4
9205,-338.4
9206,-345.6
9207,-360.0
9208,-352.8
9209,-356.4
9210,-331.2
9211,-356.4
9212,-324.0
9213,-313.2
9214,-291.6
9215,-266.4
9216,-234.0
9217,-205.2
9218,-190.8
9219,-169.2
9220,-147.6
9221,-140.4
9222,-129.6
9223,-129.6
9224,-136.8
9225,-151.2
9226,-176.4
9227,-194.4
9228,-230.4
9229,-259.2
9230,-291.6
9231,-309.6
9232,-338.4
9233,-360.0
9234,-378.0
9235,-378.0
9236,-378.0
9237,-381.6
9238,-378.0
9239,-378.0
9240,-378.0
9241,-378.0
9242,-378.0
9243,-374.4
9244,-374.4
9245,-313.2
9246,-306.0
9247,-309.6
9248,-309.6
9249,-313.2
9250,-313.2
9251,-324.0
9252,-327.6
9253,-342.0
9254,-342.0
9255,-356.4
9256,-363.6
9257,-356.4
9258,-360.0
9259,-338.4
9260,-338.4
9261,-313.2
9262,-295.2
9263,-270.0
9264,-252.0
9265,-226.8
9266,-187.2
9267,-172.8
9268,-151.2
9269,-140.4
9270,-133.2
9271,-133.2
9272,-151.2
9273,-162.0
9274,-190.8
9275,-219.6
9276,-252.0
9277,-295.2
9278,-331.2
9279,-370.8
9280,-378.0
9281,-378.0
9282,-381.6
9283,-381.6
9284,-381.6
9285,-385.2
9286,-385.2
9287,-385.2
9288,-385.2
9289,-381.6
9290,-381.6
9291,-381.6
9292,-381.6
9293,-381.6
9294,-381.6
9295,-378.0
9296,-378.0
9297,-378.0
9298,-378.0
9299,-378.0
9300,-378.0
9301,-378.0
9302,-378.0
9303,-374.4
9304,-374.4
9305,-345.6
9306,-334.8
9307,-324.0
9308,-316.8
9309,-302.4
9310,-280.8
9311,-266.4
9312,-244.8
9313,-223.2
9314,-216.0
9315,-187.2
9316,-172.8
9317,-162.0
9318,-147.6
9319,-144.0
9320,-147.6
9321,-147.6
9322,-151.2
9323,-169.2
9324,-190.8
9325,-216.0
9326,-237.6
9327,-277.2
9328,-291.6
9329,-313.2
9330,-327.6
9331,-345.6
9332,-356.4
9333,-367.2
9334,-378.0
9335,-378.0
9336,-378.0
9337,-378.0
9338,-378.0
9339,-378.0
9340,-374.4
9341,-349.2
9342,-349.2
9343,-345.6
9344,-331.2
9345,-349.2
9346,-338.4
9347,-342.0
9348,-345.6
9349,-338.4
9350,-331.2
9351,-334.8
9352,-324.0
9353,-324.0
9354,-320.4
9355,-306.0
9356,-280.8
9357,-273.6
9358,-248.4
9359,-230.4
9360,-223.2
9361,-201.6
9362,-190.8
9363,-180.0
9364,-162.0
9365,-158.4
9366,-147.6
9367,-140.4
9368,-144.0
9369,-140.4
9370,-144.0
9371,-154.8
9372,-162.0
9373,-180.0
9374,-198.0
9375,-216.0
9376,-234.0
9377,-259.2
9378,-277.2
9379,-302.4
9380,-324.0
9381,-338.4
9382,-342.0
9383,-338.4
9384,-352.8
9385,-349.2
9386,-338.4
9387,-338.4
9388,-324.0
9389,-324.0
9390,-316.8
9391,-298.8
9392,-302.4
9393,-295.2
9394,-298.8
9395,-302.4
9396,-309.6
9397,-316.8
9398,-320.4
9399,-331.2
9400,-342.0
9401,-324.0
9402,-324.0
9403,-309.6
9404,-295.2
9405,-284.4
9406,-270.0
9407,-248.4
9408,-219.6
9409,-194.4
9410,-176.4
9411,-154.8
9412,-136.8
9413,-133.2
9414,-122.4
9415,-126.0
9416,-129.6
9417,-144.0
9418,-169.2
9419,-190.8
9420,-219.6
9421,-252.0
9422,-273.6
9423,-306.0
9424,-338.4
9425,-367.2
9426,-378.0
9427,-378.0
9428,-381.6
9429,-381.6
9430,-381.6
9431,-381.6
9432,-381.6
9433,-381.6
9434,-381.6
9435,-378.0
9436,-378.0
9437,-378.0
9438,-374.4
9439,-374.4
9440,-273.6
9441,-288.0
9442,-291.6
9443,-309.6
9444,-313.2
9445,-324.0
9446,-331.2
9447,-345.6
9448,-349.2
9449,-356.4
9450,-360.0
9451,-345.6
9452,-327.6
9453,-309.6
9454,-284.4
9455,-259.2
9456,-248.4
9457,-212.4
9458,-187.2
9459,-165.6
9460,-151.2
9461,-136.8
9462,-126.0
9463,-129.6
9464,-136.8
9465,-154.8
9466,-169.2
9467,-194.4
9468,-208.8
9469,-252.0
9470,-273.6
9471,-306.0
9472,-331.2
9473,-352.8
9474,-367.2
9475,-378.0
9476,-378.0
9477,-378.0
9478,-378.0
9479,-378.0
9480,-378.0
9481,-378.0
9482,-378.0
9483,-378.0
9484,-374.4
9485,-316.8
9486,-306.0
9487,-298.8
9488,-306.0
9489,-306.0
9490,-306.0
9491,-316.8
9492,-320.4
9493,-342.0
9494,-345.6
9495,-360.0
9496,-363.6
9497,-378.0
9498,-378.0
9499,-338.4
9500,-338.4
9501,-324.0
9502,-291.6
9503,-259.2
9504,-237.6
9505,-208.8
9506,-187.2
9507,-158.4
9508,-144.0
9509,-136.8
9510,-133.2
9511,-133.2
9512,-136.8
9513,-154.8
9514,-180.0
9515,-205.2
9516,-230.4
9517,-262.8
9518,-284.4
9519,-320.4
9520,-338.4
9521,-367.2
9522,-367.2
9523,-378.0
9524,-378.0
9525,-378.0
9526,-381.6
9527,-378.0
9528,-378.0
9529,-378.0
9530,-378.0
9531,-378.0
9532,-378.0
9533,-378.0
9534,-374.4
9535,-374.4
9536,-313.2
9537,-324.0
9538,-320.4
9539,-324.0
9540,-338.4
9541,-345.6
9542,-342.0
9543,-345.6
9544,-352.8
9545,-349.2
9546,-360.0
9547,-345.6
9548,-324.0
9549,-309.6
9550,-295.2
9551,-266.4
9552,-241.2
9553,-212.4
9554,-190.8
9555,-158.4
9556,-144.0
9557,-133.2
9558,-126.0
9559,-126.0
9560,-136.8
9561,-151.2
9562,-172.8
9563,-198.0
9564,-230.4
9565,-262.8
9566,-280.8
9567,-313.2
9568,-345.6
9569,-367.2
9570,-378.0
9571,-378.0
9572,-378.0
9573,-378.0
9574,-378.0
9575,-378.0
9576,-378.0
9577,-378.0
9578,-378.0
9579,-374.4
9580,-374.4
9581,-331.2
9582,-316.8
9583,-327.6
9584,-313.2
9585,-309.6
9586,-327.6
9587,-324.0
9588,-331.2
9589,-338.4
9590,-345.6
9591,-345.6
9592,-363.6
9593,-360.0
9594,-345.6
9595,-349.2
9596,-334.8
9597,-320.4
9598,-298.8
9599,-270.0
9600,-244.8
9601,-212.4
9602,-187.2
9603,-172.8
9604,-158.4
9605,-144.0
9606,-136.8
9607,-136.8
9608,-151.2
9609,-169.2
9610,-187.2
9611,-226.8
9612,-255.6
9613,-295.2
9614,-316.8
9615,-367.2
9616,-378.0
9617,-378.0
9618,-381.6
9619,-381.6
9620,-381.6
9621,-385.2
9622,-385.2
9623,-385.2
9624,-385.2
9625,-385.2
9626,-385.2
9627,-385.2
9628,-381.6
9629,-381.6
9630,-381.6
9631,-378.0
9632,-378.0
9633,-378.0
9634,-378.0
9635,-378.0
9636,-378.0
9637,-378.0
9638,-378.0
9639,-378.0
9640,-378.0
9641,-374.4
9642,-331.2
9643,-331.2
9644,-320.4
9645,-309.6
9646,-280.8
9647,-262.8
9648,-248.4
9649,-219.6
9650,-212.4
9651,-187.2
9652,-172.8
9653,-162.0
9654,-147.6
9655,-147.6
9656,-144.0
9657,-140.4
9658,-158.4
9659,-172.8
9660,-187.2
9661,-212.4
9662,-237.6
9663,-262.8
9664,-284.4
9665,-316.8
9666,-331.2
9667,-360.0
9668,-363.6
9669,-374.4
9670,-378.0
9671,-378.0
9672,-378.0
9673,-378.0
9674,-378.0
9675,-356.4
9676,-356.4
9677,-356.4
9678,-349.2
9679,-345.6
9680,-342.0
9681,-338.4
9682,-352.8
9683,-334.8
9684,-352.8
9685,-349.2
9686,-345.6
9687,-338.4
9688,-324.0
9689,-320.4
9690,-320.4
9691,-295.2
9692,-288.0
9693,-262.8
9694,-252.0
9695,-234.0
9696,-219.6
9697,-208.8
9698,-190.8
9699,-176.4
9700,-162.0
9701,-151.2
9702,-144.0
9703,-144.0
9704,-140.4
9705,-140.4
9706,-151.2
9707,-158.4
9708,-162.0
9709,-172.8
9710,-190.8
9711,-216.0
9712,-237.6
9713,-262.8
9714,-280.8
9715,-295.2
9716,-316.8
9717,-331.2
9718,-338.4
9719,-349.2
9720,-349.2
9721,-349.2
9722,-345.6
9723,-338.4
9724,-327.6
9725,-320.4
9726,-302.4
9727,-306.0
9728,-306.0
9729,-298.8
9730,-309.6
9731,-302.4
9732,-313.2
9733,-327.6
9734,-331.2
9735,-324.0
9736,-334.8
9737,-342.0
9738,-338.4
9739,-324.0
9740,-306.0
9741,-291.6
9742,-262.8
9743,-259.2
9744,-219.6
9745,-194.4
9746,-183.6
9747,-158.4
9748,-144.0
9749,-129.6
9750,-122.4
9751,-129.6
9752,-136.8
9753,-147.6
9754,-169.2
9755,-190.8
9756,-208.8
9757,-252.0
9758,-277.2
9759,-309.6
9760,-338.4
9761,-374.4
9762,-378.0
9763,-378.0
9764,-381.6
9765,-381.6
9766,-381.6
9767,-381.6
9768,-381.6
9769,-381.6
9770,-381.6
9771,-378.0
9772,-378.0
9773,-378.0
9774,-374.4
9775,-374.4
9776,-280.8
9777,-288.0
9778,-298.8
9779,-306.0
9780,-306.0
9781,-320.4
9782,-338.4
9783,-352.8
9784,-360.0
9785,-363.6
9786,-352.8
9787,-356.4
9788,-345.6
9789,-320.4
9790,-298.8
9791,-266.4
9792,-244.8
9793,-216.0
9794,-190.8
9795,-165.6
9796,-147.6
9797,-133.2
9798,-136.8
9799,-136.8
9800,-136.8
9801,-151.2
9802,-165.6
9803,-190.8
9804,-223.2
9805,-244.8
9806,-273.6
9807,-306.0
9808,-324.0
9809,-360.0
9810,-378.0
9811,-378.0
9812,-378.0
9813,-378.0
9814,-378.0
9815,-378.0
9816,-378.0
9817,-378.0
9818,-378.0
9819,-378.0
9820,-374.4
9821,-374.4
9822,-298.8
9823,-302.4
9824,-302.4
9825,-306.0
9826,-302.4
9827,-309.6
9828,-331.2
9829,-331.2
9830,-352.8
9831,-352.8
9832,-352.8
9833,-370.8
9834,-363.6
9835,-360.0
9836,-331.2
9837,-316.8
9838,-302.4
9839,-270.0
9840,-237.6
9841,-205.2
9842,-187.2
9843,-158.4
9844,-144.0
9845,-129.6
9846,-126.0
9847,-126.0
9848,-136.8
9849,-154.8
9850,-176.4
9851,-194.4
9852,-230.4
9853,-255.6
9854,-288.0
9855,-320.4
9856,-334.8
9857,-363.6
9858,-378.0
9859,-378.0
9860,-378.0
9861,-378.0
9862,-378.0
9863,-378.0
9864,-378.0
9865,-378.0
9866,-378.0
9867,-378.0
9868,-378.0
9869,-378.0
9870,-374.4
9871,-324.0
9872,-324.0
9873,-309.6
9874,-327.6
9875,-324.0
9876,-327.6
9877,-334.8
9878,-338.4
9879,-360.0
9880,-352.8
9881,-345.6
9882,-356.4
9883,-345.6
9884,-334.8
9885,-331.2
9886,-295.2
9887,-273.6
9888,-237.6
9889,-212.4
9890,-187.2
9891,-162.0
9892,-147.6
9893,-136.8
9894,-129.6
9895,-133.2
9896,-136.8
9897,-154.8
9898,-180.0
9899,-198.0
9900,-234.0
9901,-255.6
9902,-288.0
9903,-324.0
9904,-345.6
9905,-363.6
9906,-378.0
9907,-378.0
9908,-378.0
9909,-378.0
9910,-378.0
9911,-378.0
9912,-378.0
9913,-378.0
9914,-378.0
9915,-378.0
9916,-374.4
9917,-324.0
9918,-316.8
9919,-316.8
9920,-313.2
9921,-309.6
9922,-316.8
9923,-324.0
9924,-342.0
9925,-345.6
9926,-349.2
9927,-356.4
9928,-356.4
9929,-356.4
9930,-352.8
9931,-342.0
9932,-327.6
9933,-316.8
9934,-288.0
9935,-262.8
9936,-248.4
9937,-219.6
9938,-187.2
9939,-165.6
9940,-151.2
9941,-144.0
9942,-133.2
9943,-144.0
9944,-144.0
9945,-162.0
9946,-198.0
9947,-223.2
9948,-248.4
9949,-288.0
9950,-316.8
9951,-356.4
9952,-378.0
9953,-381.6
9954,-381.6
9955,-381.6
9956,-385.2
9957,-381.6
9958,-385.2
9959,-385.2
9960,-381.6
9961,-385.2
9962,-381.6
9963,-381.6
9964,-381.6
9965,-381.6
9966,-378.0
9967,-378.0
9968,-378.0
9969,-378.0
9970,-378.0
9971,-378.0
9972,-378.0
9973,-378.0
9974,-378.0
9975,-378.0
9976,-374.4
9977,-345.6
9978,-334.8
9979,-334.8
9980,-316.8
9981,-302.4
9982,-273.6
9983,-270.0
9984,-255.6
9985,-226.8
9986,-212.4
9987,-190.8
9988,-180.0
9989,-162.0
9990,-151.2
9991,-144.0
9992,-144.0
9993,-151.2
9994,-154.8
9995,-165.6
9996,-190.8
9997,-216.0
9998,-241.2
9999,-266.4
10000,-280.8
10001,-309.6
10002,-338.4
10003,-345.6
10004,-367.2
10005,-374.4
10006,-374.4
10007,-378.0
10008,-378.0
10009,-378.0
10010,-378.0
10011,-356.4
10012,-352.8
10013,-338.4
10014,-345.6
10015,-352.8
10016,-338.4
10017,-338.4
10018,-338.4
10019,-342.0
10020,-345.6
10021,-334.8
10022,-338.4
10023,-334.8
10024,-327.6
10025,-320.4
10026,-306.0
10027,-298.8
10028,-284.4
10029,-270.0
10030,-259.2
10031,-237.6
10032,-219.6
10033,-194.4
10034,-194.4
10035,-176.4
10036,-165.6
10037,-151.2
10038,-151.2
10039,-144.0
10040,-140.4
10041,-144.0
10042,-144.0
10043,-151.2
10044,-165.6
10045,-172.8
10046,-194.4
10047,-208.8
10048,-234.0
10049,-262.8
10050,-277.2
10051,-302.4
10052,-320.4
10053,-334.8
10054,-345.6
10055,-345.6
10056,-349.2
10057,-345.6
10058,-342.0
10059,-338.4
10060,-331.2
10061,-327.6
10062,-316.8
10063,-302.4
10064,-306.0
10065,-291.6
10066,-298.8
10067,-302.4
10068,-309.6
10069,-313.2
10070,-313.2
10071,-320.4
10072,-331.2
10073,-320.4
10074,-324.0
10075,-316.8
10076,-302.4
10077,-288.0
10078,-262.8
10079,-244.8
10080,-223.2
10081,-194.4
10082,-180.0
10083,-158.4
10084,-140.4
10085,-126.0
10086,-122.4
10087,-126.0
10088,-133.2
10089,-147.6
10090,-162.0
10091,-190.8
10092,-216.0
10093,-241.2
10094,-280.8
10095,-309.6
10096,-342.0
10097,-370.8
10098,-378.0
10099,-378.0
10100,-381.6
10101,-381.6
10102,-381.6
10103,-381.6
10104,-381.6
10105,-381.6
10106,-378.0
10107,-378.0
10108,-378.0
10109,-378.0
10110,-374.4
10111,-374.4
10112,-284.4
10113,-288.0
10114,-295.2
10115,-298.8
10116,-309.6
10117,-320.4
10118,-327.6
10119,-338.4
10120,-342.0
10121,-360.0
10122,-345.6
10123,-345.6
10124,-334.8
10125,-309.6
10126,-291.6
10127,-262.8
10128,-241.2
10129,-208.8
10130,-183.6
10131,-169.2
10132,-147.6
10133,-136.8
10134,-129.6
10135,-129.6
10136,-133.2
10137,-151.2
10138,-165.6
10139,-194.4
10140,-219.6
10141,-241.2
10142,-273.6
10143,-295.2
10144,-327.6
10145,-342.0
10146,-370.8
10147,-378.0
10148,-378.0
10149,-378.0
10150,-378.0
10151,-378.0
10152,-378.0
10153,-378.0
10154,-378.0
10155,-374.4
10156,-374.4
10157,-327.6
10158,-302.4
10159,-298.8
10160,-302.4
10161,-302.4
10162,-302.4
10163,-320.4
10164,-320.4
10165,-342.0
10166,-349.2
10167,-360.0
10168,-367.2
10169,-363.6
10170,-352.8
10171,-345.6
10172,-331.2
10173,-316.8
10174,-298.8
10175,-259.2
10176,-230.4
10177,-208.8
10178,-187.2
10179,-158.4
10180,-147.6
10181,-133.2
10182,-126.0
10183,-129.6
10184,-140.4
10185,-151.2
10186,-176.4
10187,-205.2
10188,-226.8
10189,-252.0
10190,-284.4
10191,-306.0
10192,-342.0
10193,-352.8
10194,-374.4
10195,-378.0
10196,-378.0
10197,-378.0
10198,-378.0
10199,-378.0
10200,-378.0
10201,-378.0
10202,-378.0
10203,-378.0
10204,-374.4
10205,-374.4
10206,-374.4
10207,-327.6
10208,-313.2
10209,-313.2
10210,-327.6
10211,-334.8
10212,-331.2
10213,-338.4
10214,-342.0
10215,-342.0
10216,-345.6
10217,-345.6
10218,-345.6
10219,-342.0
10220,-331.2
10221,-309.6
10222,-295.2
10223,-266.4
10224,-241.2
10225,-208.8
10226,-187.2
10227,-162.0
10228,-147.6
10229,-133.2
10230,-129.6
10231,-129.6
10232,-133.2
10233,-147.6
10234,-169.2
10235,-198.0
10236,-230.4
10237,-248.4
10238,-291.6
10239,-316.8
10240,-342.0
10241,-370.8
10242,-378.0
10243,-378.0
10244,-378.0
10245,-378.0
10246,-378.0
10247,-378.0
10248,-378.0
10249,-378.0
10250,-374.4
10251,-342.0
10252,-324.0
10253,-324.0
10254,-316.8
10255,-306.0
10256,-309.6
10257,-320.4
10258,-313.2
10259,-334.8
10260,-324.0
10261,-349.2
10262,-345.6
10263,-356.4
10264,-352.8
10265,-349.2
10266,-356.4
10267,-331.2
10268,-334.8
10269,-316.8
10270,-302.4
10271,-277.2
10272,-244.8
10273,-208.8
10274,-194.4
10275,-169.2
10276,-154.8
10277,-140.4
10278,-133.2
10279,-140.4
10280,-154.8
10281,-169.2
10282,-187.2
10283,-219.6
10284,-255.6
10285,-291.6
10286,-327.6
10287,-349.2
10288,-378.0
10289,-378.0
10290,-381.6
10291,-381.6
10292,-381.6
10293,-381.6
10294,-385.2
10295,-381.6
10296,-385.2
10297,-381.6
10298,-385.2
10299,-381.6
10300,-381.6
10301,-381.6
10302,-381.6
10303,-378.0
10304,-378.0
10305,-378.0
10306,-378.0
10307,-378.0
10308,-378.0
10309,-378.0
10310,-378.0
10311,-378.0
10312,-378.0
10313,-349.2
10314,-331.2
10315,-331.2
10316,-324.0
10317,-306.0
10318,-280.8
10319,-270.0
10320,-248.4
10321,-223.2
10322,-205.2
10323,-187.2
10324,-172.8
10325,-158.4
10326,-144.0
10327,-147.6
10328,-140.4
10329,-144.0
10330,-151.2
10331,-169.2
10332,-190.8
10333,-212.4
10334,-234.0
10335,-262.8
10336,-288.0
10337,-302.4
10338,-327.6
10339,-356.4
10340,-363.6
10341,-374.4
10342,-378.0
10343,-378.0
10344,-378.0
10345,-363.6
10346,-352.8
10347,-349.2
10348,-356.4
10349,-352.8
10350,-331.2
10351,-334.8
10352,-320.4
10353,-334.8
10354,-331.2
10355,-342.0
10356,-345.6
10357,-334.8
10358,-338.4
10359,-338.4
10360,-327.6
10361,-313.2
10362,-302.4
10363,-302.4
10364,-277.2
10365,-259.2
10366,-241.2
10367,-237.6
10368,-212.4
10369,-205.2
10370,-183.6
10371,-180.0
10372,-158.4
10373,-154.8
10374,-144.0
10375,-136.8
10376,-140.4
10377,-140.4
10378,-144.0
10379,-151.2
10380,-162.0
10381,-169.2
10382,-190.8
10383,-212.4
10384,-241.2
10385,-255.6
10386,-277.2
10387,-295.2
10388,-313.2
10389,-324.0
10390,-356.4
10391,-349.2
10392,-349.2
10393,-345.6
10394,-331.2
10395,-338.4
10396,-320.4
10397,-313.2
10398,-309.6
10399,-306.0
10400,-306.0
10401,-302.4
10402,-298.8
10403,-309.6
10404,-309.6
10405,-316.8
10406,-316.8
10407,-331.2
10408,-331.2
10409,-316.8
10410,-320.4
10411,-313.2
10412,-306.0
10413,-280.8
10414,-273.6
10415,-241.2
10416,-216.0
10417,-190.8
10418,-180.0
10419,-154.8
10420,-144.0
10421,-129.6
10422,-126.0
10423,-126.0
10424,-129.6
10425,-144.0
10426,-162.0
10427,-187.2
10428,-208.8
10429,-237.6
10430,-273.6
10431,-316.8
10432,-342.0
10433,-374.4
10434,-378.0
10435,-378.0
10436,-378.0
10437,-381.6
10438,-381.6
10439,-381.6
10440,-381.6
10441,-381.6
10442,-378.0
10443,-378.0
10444,-378.0
10445,-378.0
10446,-374.4
10447,-298.8
10448,-284.4
10449,-284.4
10450,-291.6
10451,-298.8
10452,-302.4
10453,-320.4
10454,-331.2
10455,-338.4
10456,-360.0
10457,-349.2
10458,-349.2
10459,-342.0
10460,-327.6
10461,-313.2
10462,-291.6
10463,-266.4
10464,-241.2
10465,-216.0
10466,-187.2
10467,-162.0
10468,-144.0
10469,-133.2
10470,-126.0
10471,-129.6
10472,-133.2
10473,-147.6
10474,-169.2
10475,-194.4
10476,-212.4
10477,-248.4
10478,-270.0
10479,-302.4
10480,-327.6
10481,-352.8
10482,-378.0
10483,-378.0
10484,-378.0
10485,-378.0
10486,-378.0
10487,-378.0
10488,-378.0
10489,-378.0
10490,-378.0
10491,-378.0
10492,-374.4
10493,-316.8
10494,-306.0
10495,-302.4
10496,-295.2
10497,-288.0
10498,-295.2
10499,-313.2
10500,-320.4
10501,-327.6
10502,-334.8
10503,-356.4
10504,-367.2
10505,-363.6
10506,-345.6
10507,-331.2
10508,-338.4
10509,-313.2
10510,-298.8
10511,-255.6
10512,-234.0
10513,-208.8
10514,-176.4
10515,-158.4
10516,-144.0
10517,-129.6
10518,-122.4
10519,-129.6
10520,-136.8
10521,-154.8
10522,-176.4
10523,-201.6
10524,-219.6
10525,-248.4
10526,-280.8
10527,-309.6
10528,-334.8
10529,-360.0
10530,-378.0
10531,-378.0
10532,-378.0
10533,-378.0
10534,-378.0
10535,-378.0
10536,-378.0
10537,-378.0
10538,-378.0
10539,-374.4
10540,-378.0
10541,-342.0
10542,-324.0
10543,-324.0
10544,-313.2
10545,-309.6
10546,-313.2
10547,-320.4
10548,-327.6
10549,-327.6
10550,-327.6
10551,-349.2
10552,-352.8
10553,-342.0
10554,-338.4
10555,-331.2
10556,-331.2
10557,-306.0
10558,-291.6
10559,-255.6
10560,-234.0
10561,-205.2
10562,-183.6
10563,-162.0
10564,-144.0
10565,-133.2
10566,-126.0
10567,-122.4
10568,-136.8
10569,-147.6
10570,-172.8
10571,-194.4
10572,-216.0
10573,-252.0
10574,-288.0
10575,-316.8
10576,-334.8
10577,-352.8
10578,-367.2
10579,-378.0
10580,-378.0
10581,-378.0
10582,-378.0
10583,-378.0
10584,-378.0
10585,-378.0
10586,-374.4
10587,-338.4
10588,-316.8
10589,-320.4
10590,-309.6
10591,-306.0
10592,-309.6
10593,-309.6
10594,-313.2
10595,-320.4
10596,-327.6
10597,-342.0
10598,-331.2
10599,-345.6
10600,-349.2
10601,-349.2
10602,-345.6
10603,-342.0
10604,-327.6
10605,-306.0
10606,-284.4
10607,-270.0
10608,-241.2
10609,-219.6
10610,-190.8
10611,-165.6
10612,-151.2
10613,-133.2
10614,-133.2
10615,-133.2
10616,-147.6
10617,-158.4
10618,-176.4
10619,-208.8
10620,-244.8
10621,-280.8
10622,-320.4
10623,-349.2
10624,-378.0
10625,-378.0
10626,-381.6
10627,-381.6
10628,-381.6
10629,-381.6
10630,-381.6
10631,-381.6
10632,-381.6
10633,-381.6
10634,-381.6
10635,-381.6
10636,-381.6
10637,-381.6
10638,-378.0
10639,-378.0
10640,-378.0
10641,-378.0
10642,-374.4
10643,-374.4
10644,-374.4
10645,-345.6
10646,-352.8
10647,-349.2
10648,-338.4
10649,-342.0
10650,-327.6
10651,-309.6
10652,-306.0
10653,-295.2
10654,-273.6
10655,-262.8
10656,-237.6
10657,-219.6
10658,-208.8
10659,-183.6
10660,-165.6
10661,-158.4
10662,-147.6
10663,-140.4
10664,-140.4
10665,-144.0
10666,-151.2
10667,-169.2
10668,-187.2
10669,-212.4
10670,-230.4
10671,-259.2
10672,-284.4
10673,-306.0
10674,-320.4
10675,-360.0
10676,-352.8
10677,-360.0
10678,-367.2
10679,-374.4
10680,-363.6
10681,-349.2
10682,-360.0
10683,-349.2
10684,-334.8
10685,-342.0
10686,-338.4
10687,-327.6
10688,-334.8
10689,-334.8
10690,-349.2
10691,-338.4
10692,-324.0
10693,-327.6
10694,-324.0
10695,-334.8
10696,-316.8
10697,-316.8
10698,-302.4
10699,-288.0
10700,-280.8
10701,-255.6
10702,-241.2
10703,-226.8
10704,-208.8
10705,-201.6
10706,-187.2
10707,-169.2
10708,-162.0
10709,-151.2
10710,-147.6
10711,-136.8
10712,-140.4
10713,-136.8
10714,-140.4
10715,-144.0
10716,-158.4
10717,-172.8
10718,-187.2
10719,-208.8
10720,-230.4
10721,-244.8
10722,-273.6
10723,-291.6
10724,-302.4
10725,-316.8
10726,-334.8
10727,-334.8
10728,-349.2
10729,-338.4
10730,-334.8
10731,-320.4
10732,-313.2
10733,-309.6
10734,-306.0
10735,-295.2
10736,-309.6
10737,-291.6
10738,-295.2
10739,-295.2
10740,-309.6
10741,-316.8
10742,-316.8
10743,-316.8
10744,-324.0
10745,-320.4
10746,-320.4
10747,-309.6
10748,-284.4
10749,-277.2
10750,-262.8
10751,-234.0
10752,-216.0
10753,-194.4
10754,-169.2
10755,-154.8
10756,-133.2
10757,-129.6
10758,-122.4
10759,-122.4
10760,-136.8
10761,-140.4
10762,-162.0
10763,-183.6
10764,-212.4
10765,-244.8
10766,-270.0
10767,-302.4
10768,-327.6
10769,-356.4
10770,-378.0
10771,-378.0
10772,-378.0
10773,-378.0
10774,-378.0
10775,-381.6
10776,-381.6
10777,-378.0
10778,-378.0
10779,-378.0
10780,-378.0
10781,-374.4
10782,-374.4
10783,-284.4
10784,-288.0
10785,-288.0
10786,-288.0
10787,-291.6
10788,-298.8
10789,-327.6
10790,-324.0
10791,-331.2
10792,-345.6
10793,-345.6
10794,-349.2
10795,-334.8
10796,-331.2
10797,-306.0
10798,-288.0
10799,-259.2
10800,-226.8
10801,-198.0
10802,-183.6
10803,-158.4
10804,-140.4
10805,-129.6
10806,-129.6
10807,-126.0
10808,-133.2
10809,-151.2
10810,-162.0
10811,-187.2
10812,-216.0
10813,-244.8
10814,-273.6
10815,-291.6
10816,-320.4
10817,-349.2
10818,-360.0
10819,-378.0
10820,-378.0
10821,-378.0
10822,-378.0
10823,-378.0
10824,-378.0
10825,-378.0
10826,-378.0
10827,-374.4
10828,-316.8
10829,-302.4
10830,-302.4
10831,-288.0
10832,-295.2
10833,-295.2
10834,-295.2
10835,-302.4
10836,-324.0
10837,-331.2
10838,-334.8
10839,-349.2
10840,-370.8
10841,-349.2
10842,-352.8
10843,-342.0
10844,-327.6
10845,-295.2
10846,-266.4
10847,-252.0
10848,-230.4
10849,-201.6
10850,-172.8
10851,-158.4
10852,-136.8
10853,-129.6
10854,-118.8
10855,-129.6
10856,-129.6
10857,-154.8
10858,-165.6
10859,-198.0
10860,-219.6
10861,-248.4
10862,-280.8
10863,-295.2
10864,-331.2
10865,-352.8
10866,-356.4
10867,-352.8
10868,-367.2
10869,-378.0
10870,-378.0
10871,-378.0
10872,-378.0
10873,-378.0
10874,-378.0
10875,-349.2
10876,-345.6
10877,-316.8
10878,-320.4
10879,-309.6
10880,-309.6
10881,-313.2
10882,-302.4
10883,-316.8
10884,-320.4
10885,-334.8
10886,-334.8
10887,-342.0
10888,-338.4
10889,-345.6
10890,-345.6
10891,-334.8
10892,-327.6
10893,-291.6
10894,-273.6
10895,-255.6
10896,-234.0
10897,-205.2
10898,-176.4
10899,-162.0
10900,-144.0
10901,-133.2
10902,-126.0
10903,-122.4
10904,-133.2
10905,-147.6
10906,-165.6
10907,-190.8
10908,-219.6
10909,-252.0
10910,-277.2
10911,-313.2
10912,-342.0
10913,-363.6
10914,-367.2
10915,-374.4
10916,-378.0
10917,-378.0
10918,-378.0
10919,-378.0
10920,-378.0
10921,-374.4
10922,-342.0
10923,-338.4
10924,-324.0
10925,-306.0
10926,-298.8
10927,-309.6
10928,-302.4
10929,-302.4
10930,-306.0
10931,-313.2
10932,-327.6
10933,-327.6
10934,-334.8
10935,-349.2
10936,-345.6
10937,-342.0
10938,-331.2
10939,-338.4
10940,-306.0
10941,-298.8
10942,-280.8
10943,-259.2
10944,-237.6
10945,-208.8
10946,-183.6
10947,-165.6
10948,-147.6
10949,-136.8
10950,-129.6
10951,-129.6
10952,-140.4
10953,-158.4
10954,-180.0
10955,-216.0
10956,-241.2
10957,-273.6
10958,-320.4
10959,-345.6
10960,-374.4
10961,-378.0
10962,-378.0
10963,-381.6
10964,-381.6
10965,-381.6
10966,-381.6
10967,-385.2
10968,-381.6
10969,-381.6
10970,-381.6
10971,-381.6
10972,-378.0
10973,-378.0
10974,-378.0
10975,-378.0
10976,-374.4
10977,-374.4
10978,-374.4
10979,-316.8
10980,-327.6
10981,-334.8
10982,-331.2
10983,-331.2
10984,-327.6
10985,-338.4
10986,-324.0
10987,-313.2
10988,-295.2
10989,-298.8
10990,-284.4
10991,-255.6
10992,-234.0
10993,-223.2
10994,-198.0
10995,-180.0
10996,-165.6
10997,-151.2
10998,-144.0
10999,-140.4
11000,-140.4
11001,-140.4
11002,-147.6
11003,-162.0
11004,-180.0
11005,-198.0
11006,-226.8
11007,-244.8
11008,-270.0
11009,-302.4
11010,-316.8
11011,-342.0
11012,-345.6
11013,-360.0
11014,-349.2
11015,-370.8
11016,-360.0
11017,-360.0
11018,-342.0
11019,-334.8
11020,-331.2
11021,-324.0
11022,-327.6
11023,-331.2
11024,-324.0
11025,-324.0
11026,-324.0
11027,-331.2
11028,-324.0
11029,-327.6
11030,-327.6
11031,-320.4
11032,-316.8
11033,-306.0
11034,-295.2
11035,-280.8
11036,-270.0
11037,-255.6
11038,-237.6
11039,-226.8
11040,-216.0
11041,-198.0
11042,-180.0
11043,-165.6
11044,-162.0
11045,-144.0
11046,-140.4
11047,-140.4
11048,-133.2
11049,-133.2
11050,-136.8
11051,-147.6
11052,-158.4
11053,-169.2
11054,-183.6
11055,-201.6
11056,-226.8
11057,-241.2
11058,-266.4
11059,-288.0
11060,-298.8
11061,-313.2
11062,-320.4
11063,-327.6
11064,-320.4
11065,-352.8
11066,-327.6
11067,-324.0
11068,-313.2
11069,-302.4
11070,-302.4
11071,-288.0
11072,-288.0
11073,-298.8
11074,-280.8
11075,-291.6
11076,-298.8
11077,-298.8
11078,-302.4
11079,-316.8
11080,-320.4
11081,-316.8
11082,-313.2
11083,-295.2
11084,-291.6
11085,-273.6
11086,-255.6
11087,-234.0
11088,-212.4
11089,-190.8
11090,-165.6
11091,-154.8
11092,-129.6
11093,-122.4
11094,-118.8
11095,-122.4
11096,-126.0
11097,-140.4
11098,-158.4
11099,-187.2
11100,-208.8
11101,-230.4
11102,-262.8
11103,-291.6
11104,-324.0
11105,-342.0
11106,-370.8
11107,-378.0
11108,-378.0
11109,-378.0
11110,-378.0
11111,-381.6
11112,-378.0
11113,-378.0
11114,-378.0
11115,-374.4
11116,-374.4
11117,-309.6
11118,-288.0
11119,-284.4
11120,-277.2
11121,-273.6
11122,-288.0
11123,-291.6
11124,-298.8
11125,-313.2
11126,-316.8
11127,-324.0
11128,-338.4
11129,-324.0
11130,-338.4
11131,-324.0
11132,-309.6
11133,-302.4
11134,-280.8
11135,-262.8
11136,-230.4
11137,-201.6
11138,-176.4
11139,-162.0
11140,-136.8
11141,-129.6
11142,-118.8
11143,-126.0
11144,-133.2
11145,-144.0
11146,-165.6
11147,-180.0
11148,-212.4
11149,-234.0
11150,-273.6
11151,-288.0
11152,-320.4
11153,-324.0
11154,-360.0
11155,-367.2
11156,-378.0
11157,-378.0
11158,-378.0
11159,-378.0
11160,-378.0
11161,-378.0
11162,-338.4
11163,-331.2
11164,-309.6
11165,-298.8
11166,-295.2
11167,-284.4
11168,-291.6
11169,-284.4
11170,-295.2
11171,-298.8
11172,-309.6
11173,-320.4
11174,-331.2
11175,-342.0
11176,-342.0
11177,-349.2
11178,-349.2
11179,-331.2
11180,-316.8
11181,-291.6
11182,-277.2
11183,-255.6
11184,-223.2
11185,-201.6
11186,-172.8
11187,-154.8
11188,-136.8
11189,-126.0
11190,-118.8
11191,-118.8
11192,-133.2
11193,-144.0
11194,-165.6
11195,-194.4
11196,-219.6
11197,-252.0
11198,-277.2
11199,-295.2
11200,-320.4
11201,-349.2
11202,-349.2
11203,-360.0
11204,-370.8
11205,-378.0
11206,-378.0
11207,-356.4
11208,-370.8
11209,-367.2
11210,-349.2
11211,-342.0
11212,-327.6
11213,-316.8
11214,-306.0
11215,-302.4
11216,-298.8
11217,-298.8
11218,-313.2
11219,-302.4
11220,-313.2
11221,-320.4
11222,-338.4
11223,-327.6
11224,-320.4
11225,-331.2
11226,-327.6
11227,-324.0
11228,-309.6
11229,-306.0
11230,-270.0
11231,-248.4
11232,-226.8
11233,-205.2
11234,-172.8
11235,-154.8
11236,-136.8
11237,-122.4
11238,-118.8
11239,-122.4
11240,-126.0
11241,-144.0
11242,-158.4
11243,-187.2
11244,-216.0
11245,-244.8
11246,-284.4
11247,-291.6
11248,-324.0
11249,-342.0
11250,-356.4
11251,-352.8
11252,-352.8
11253,-367.2
11254,-360.0
11255,-363.6
11256,-345.6
11257,-342.0
11258,-331.2
11259,-320.4
11260,-306.0
11261,-302.4
11262,-302.4
11263,-306.0
11264,-291.6
11265,-291.6
11266,-306.0
11267,-309.6
11268,-320.4
11269,-316.8
11270,-334.8
11271,-334.8
11272,-334.8
11273,-331.2
11274,-324.0
11275,-324.0
11276,-309.6
11277,-288.0
11278,-273.6
11279,-248.4
11280,-230.4
11281,-205.2
11282,-180.0
11283,-158.4
11284,-144.0
11285,-129.6
11286,-126.0
11287,-129.6
11288,-136.8
11289,-154.8
11290,-180.0
11291,-212.4
11292,-237.6
11293,-277.2
11294,-309.6
11295,-331.2
11296,-374.4
11297,-378.0
11298,-378.0
11299,-378.0
11300,-381.6
11301,-381.6
11302,-381.6
11303,-381.6
11304,-381.6
11305,-381.6
11306,-381.6
11307,-378.0
11308,-378.0
11309,-374.4
11310,-378.0
11311,-374.4
11312,-374.4
11313,-302.4
11314,-313.2
11315,-320.4
11316,-324.0
11317,-327.6
11318,-324.0
11319,-331.2
11320,-327.6
11321,-324.0
11322,-320.4
11323,-306.0
11324,-298.8
11325,-280.8
11326,-266.4
11327,-241.2
11328,-234.0
11329,-212.4
11330,-190.8
11331,-176.4
11332,-165.6
11333,-144.0
11334,-140.4
11335,-133.2
11336,-133.2
11337,-136.8
11338,-147.6
11339,-162.0
11340,-180.0
11341,-198.0
11342,-219.6
11343,-248.4
11344,-270.0
11345,-288.0
11346,-302.4
11347,-324.0
11348,-338.4
11349,-338.4
11350,-356.4
11351,-356.4
11352,-360.0
11353,-352.8
11354,-324.0
11355,-327.6
11356,-334.8
11357,-316.8
11358,-316.8
11359,-324.0
11360,-309.6
11361,-316.8
11362,-320.4
11363,-309.6
11364,-313.2
11365,-327.6
11366,-313.2
11367,-309.6
11368,-316.8
11369,-284.4
11370,-284.4
11371,-273.6
11372,-262.8
11373,-255.6
11374,-234.0
11375,-219.6
11376,-208.8
11377,-194.4
11378,-176.4
11379,-158.4
11380,-154.8
11381,-144.0
11382,-136.8
11383,-133.2
11384,-129.6
11385,-126.0
11386,-133.2
11387,-136.8
11388,-154.8
11389,-158.4
11390,-183.6
11391,-194.4
11392,-219.6
11393,-230.4
11394,-266.4
11395,-284.4
11396,-291.6
11397,-298.8
11398,-320.4
11399,-320.4
11400,-320.4
11401,-320.4
11402,-313.2
11403,-306.0
11404,-306.0
11405,-295.2
11406,-302.4
11407,-280.8
11408,-280.8
11409,-277.2
11410,-277.2
11411,-291.6
11412,-288.0
11413,-295.2
11414,-306.0
11415,-302.4
11416,-298.8
11417,-306.0
11418,-291.6
11419,-288.0
11420,-284.4
11421,-270.0
11422,-252.0
11423,-226.8
11424,-201.6
11425,-183.6
11426,-165.6
11427,-144.0
11428,-133.2
11429,-122.4
11430,-111.6
11431,-115.2
11432,-126.0
11433,-136.8
11434,-154.8
11435,-176.4
11436,-201.6
11437,-230.4
11438,-255.6
11439,-291.6
11440,-316.8
11441,-345.6
11442,-360.0
11443,-370.8
11444,-378.0
11445,-378.0
11446,-378.0
11447,-378.0
11448,-378.0
11449,-378.0
11450,-378.0
11451,-374.4
11452,-313.2
11453,-302.4
11454,-277.2
11455,-273.6
11456,-273.6
11457,-273.6
11458,-273.6
11459,-270.0
11460,-284.4
11461,-298.8
11462,-313.2
11463,-324.0
11464,-324.0
11465,-324.0
11466,-324.0
11467,-320.4
11468,-302.4
11469,-291.6
11470,-280.8
11471,-252.0
11472,-223.2
11473,-194.4
11474,-169.2
11475,-158.4
11476,-136.8
11477,-126.0
11478,-118.8
11479,-126.0
11480,-126.0
11481,-144.0
11482,-154.8
11483,-176.4
11484,-205.2
11485,-234.0
11486,-252.0
11487,-284.4
11488,-302.4
11489,-324.0
11490,-338.4
11491,-356.4
11492,-367.2
11493,-370.8
11494,-378.0
11495,-374.4
11496,-345.6
11497,-334.8
11498,-331.2
11499,-320.4
11500,-306.0
11501,-288.0
11502,-291.6
11503,-277.2
11504,-277.2
11505,-273.6
11506,-280.8
11507,-284.4
11508,-306.0
11509,-316.8
11510,-320.4
11511,-331.2
11512,-331.2
11513,-334.8
11514,-338.4
11515,-324.0
11516,-306.0
11517,-291.6
11518,-266.4
11519,-248.4
11520,-212.4
11521,-187.2
11522,-169.2
11523,-144.0
11524,-136.8
11525,-122.4
11526,-118.8
11527,-118.8
11528,-129.6
11529,-140.4
11530,-165.6
11531,-183.6
11532,-208.8
11533,-237.6
11534,-262.8
11535,-291.6
11536,-309.6
11537,-334.8
11538,-342.0
11539,-356.4
11540,-370.8
11541,-363.6
11542,-370.8
11543,-378.0
11544,-378.0
11545,-345.6
11546,-345.6
11547,-316.8
11548,-316.8
11549,-309.6
11550,-302.4
11551,-309.6
11552,-291.6
11553,-295.2
11554,-291.6
11555,-295.2
11556,-295.2
11557,-316.8
11558,-316.8
11559,-327.6
11560,-324.0
11561,-313.2
11562,-327.6
11563,-313.2
11564,-306.0
11565,-280.8
11566,-273.6
11567,-248.4
11568,-219.6
11569,-194.4
11570,-176.4
11571,-147.6
11572,-136.8
11573,-118.8
11574,-115.2
11575,-122.4
11576,-122.4
11577,-140.4
11578,-158.4
11579,-176.4
11580,-208.8
11581,-237.6
11582,-277.2
11583,-288.0
11584,-324.0
11585,-345.6
11586,-338.4
11587,-356.4
11588,-363.6
11589,-363.6
11590,-363.6
11591,-363.6
11592,-342.0
11593,-334.8
11594,-313.2
11595,-306.0
11596,-298.8
11597,-302.4
11598,-288.0
11599,-288.0
11600,-284.4
11601,-284.4
11602,-295.2
11603,-291.6
11604,-291.6
11605,-313.2
11606,-316.8
11607,-331.2
11608,-334.8
11609,-331.2
11610,-320.4
11611,-306.0
11612,-298.8
11613,-284.4
11614,-273.6
11615,-252.0
11616,-230.4
11617,-201.6
11618,-172.8
11619,-158.4
11620,-144.0
11621,-129.6
11622,-122.4
11623,-126.0
11624,-136.8
11625,-147.6
11626,-172.8
11627,-201.6
11628,-226.8
11629,-266.4
11630,-306.0
11631,-324.0
11632,-356.4
11633,-374.4
11634,-378.0
11635,-378.0
11636,-378.0
11637,-381.6
11638,-381.6
11639,-381.6
11640,-378.0
11641,-378.0
11642,-378.0
11643,-378.0
11644,-374.4
11645,-374.4
11646,-309.6
11647,-309.6
11648,-306.0
11649,-306.0
11650,-313.2
11651,-309.6
11652,-313.2
11653,-320.4
11654,-320.4
11655,-316.8
11656,-302.4
11657,-306.0
11658,-306.0
11659,-298.8
11660,-288.0
11661,-284.4
11662,-259.2
11663,-241.2
11664,-230.4
11665,-212.4
11666,-187.2
11667,-176.4
11668,-158.4
11669,-147.6
11670,-140.4
11671,-129.6
11672,-126.0
11673,-136.8
11674,-147.6
11675,-154.8
11676,-176.4
11677,-190.8
11678,-212.4
11679,-237.6
11680,-262.8
11681,-280.8
11682,-306.0
11683,-316.8
11684,-331.2
11685,-345.6
11686,-345.6
11687,-342.0
11688,-345.6
11689,-327.6
11690,-331.2
11691,-324.0
11692,-309.6
11693,-309.6
11694,-309.6
11695,-313.2
11696,-295.2
11697,-306.0
11698,-313.2
11699,-302.4
11700,-313.2
11701,-316.8
11702,-306.0
11703,-306.0
11704,-302.4
11705,-284.4
11706,-273.6
11707,-266.4
11708,-262.8
11709,-252.0
11710,-230.4
11711,-219.6
11712,-201.6
11713,-180.0
11714,-172.8
11715,-162.0
11716,-151.2
11717,-140.4
11718,-133.2
11719,-129.6
11720,-129.6
11721,-126.0
11722,-129.6
11723,-136.8
11724,-147.6
11725,-158.4
11726,-176.4
11727,-194.4
11728,-216.0
11729,-230.4
11730,-255.6
11731,-262.8
11732,-288.0
11733,-302.4
11734,-313.2
11735,-309.6
11736,-313.2
11737,-316.8
11738,-316.8
11739,-309.6
11740,-291.6
11741,-288.0
11742,-284.4
11743,-273.6
11744,-270.0
11745,-280.8
11746,-262.8
11747,-277.2
11748,-277.2
11749,-291.6
11750,-291.6
11751,-295.2
11752,-298.8
11753,-295.2
11754,-298.8
11755,-284.4
11756,-277.2
11757,-255.6
11758,-244.8
11759,-223.2
11760,-194.4
11761,-176.4
11762,-162.0
11763,-136.8
11764,-126.0
11765,-118.8
11766,-108.0
11767,-111.6
11768,-118.8
11769,-133.2
11770,-147.6
11771,-172.8
11772,-198.0
11773,-223.2
11774,-244.8
11775,-284.4
11776,-306.0
11777,-313.2
11778,-349.2
11779,-367.2
11780,-378.0
11781,-378.0
11782,-378.0
11783,-378.0
11784,-374.4
11785,-356.4
11786,-342.0
11787,-320.4
11788,-302.4
11789,-302.4
11790,-273.6
11791,-266.4
11792,-266.4
11793,-266.4
11794,-270.0
11795,-277.2
11796,-291.6
11797,-295.2
11798,-298.8
11799,-302.4
11800,-316.8
11801,-327.6
11802,-316.8
11803,-309.6
11804,-291.6
11805,-280.8
11806,-270.0
11807,-234.0
11808,-216.0
11809,-194.4
11810,-169.2
11811,-147.6
11812,-133.2
11813,-122.4
11814,-118.8
11815,-118.8
11816,-126.0
11817,-136.8
11818,-154.8
11819,-172.8
11820,-201.6
11821,-223.2
11822,-248.4
11823,-273.6
11824,-298.8
11825,-316.8
11826,-334.8
11827,-349.2
11828,-360.0
11829,-356.4
11830,-360.0
11831,-356.4
11832,-360.0
11833,-331.2
11834,-320.4
11835,-313.2
11836,-291.6
11837,-284.4
11838,-266.4
11839,-280.8
11840,-262.8
11841,-270.0
11842,-280.8
11843,-280.8
11844,-295.2
11845,-302.4
11846,-313.2
11847,-324.0
11848,-327.6
11849,-334.8
11850,-313.2
11851,-320.4
11852,-306.0
11853,-273.6
11854,-262.8
11855,-244.8
11856,-208.8
11857,-187.2
11858,-158.4
11859,-144.0
11860,-126.0
11861,-115.2
11862,-111.6
11863,-115.2
11864,-122.4
11865,-136.8
11866,-154.8
11867,-180.0
11868,-208.8
11869,-230.4
11870,-255.6
11871,-280.8
11872,-302.4
11873,-320.4
11874,-342.0
11875,-356.4
11876,-370.8
11877,-356.4
11878,-338.4
11879,-360.0
11880,-349.2
11881,-349.2
11882,-327.6
11883,-313.2
11884,-313.2
11885,-295.2
11886,-284.4
11887,-295.2
11888,-291.6
11889,-277.2
11890,-291.6
11891,-284.4
11892,-295.2
11893,-306.0
11894,-298.8
11895,-309.6
11896,-316.8
11897,-313.2
11898,-313.2
11899,-298.8
11900,-291.6
11901,-284.4
11902,-270.0
11903,-241.2
11904,-216.0
11905,-194.4
11906,-165.6
11907,-147.6
11908,-126.0
11909,-126.0
11910,-115.2
11911,-111.6
11912,-122.4
11913,-136.8
11914,-154.8
11915,-176.4
11916,-205.2
11917,-230.4
11918,-259.2
11919,-277.2
11920,-306.0
11921,-324.0
11922,-345.6
11923,-352.8
11924,-352.8
11925,-360.0
11926,-356.4
11927,-349.2
11928,-331.2
11929,-313.2
11930,-309.6
11931,-306.0
11932,-295.2
11933,-280.8
11934,-277.2
11935,-270.0
11936,-280.8
11937,-273.6
11938,-288.0
11939,-288.0
11940,-288.0
11941,-316.8
11942,-313.2
11943,-316.8
11944,-320.4
11945,-313.2
11946,-320.4
11947,-295.2
11948,-291.6
11949,-270.0
11950,-252.0
11951,-237.6
11952,-216.0
11953,-190.8
11954,-172.8
11955,-151.2
11956,-136.8
11957,-126.0
11958,-118.8
11959,-118.8
11960,-133.2
11961,-147.6
11962,-169.2
11963,-198.0
11964,-226.8
11965,-259.2
11966,-284.4
11967,-324.0
11968,-342.0
11969,-378.0
11970,-378.0
11971,-378.0
11972,-378.0
11973,-378.0
11974,-378.0
11975,-378.0
11976,-378.0
11977,-378.0
11978,-378.0
11979,-374.4
11980,-320.4
11981,-309.6
11982,-295.2
11983,-295.2
11984,-284.4
11985,-291.6
11986,-306.0
11987,-306.0
11988,-309.6
11989,-306.0
11990,-309.6
11991,-316.8
11992,-309.6
11993,-309.6
11994,-291.6
11995,-298.8
11996,-277.2
11997,-273.6
11998,-248.4
11999,-241.2
12000,-223.2
12001,-201.6
12002,-187.2
12003,-165.6
12004,-154.8
12005,-140.4
12006,-133.2
12007,-126.0
12008,-129.6
12009,-126.0
12010,-133.2
12011,-151.2
12012,-172.8
12013,-187.2
12014,-208.8
12015,-234.0
12016,-248.4
12017,-270.0
12018,-298.8
12019,-313.2
12020,-324.0
12021,-331.2
12022,-334.8
12023,-331.2
12024,-316.8
12025,-316.8
12026,-331.2
12027,-327.6
12028,-309.6
12029,-302.4
12030,-288.0
12031,-302.4
12032,-295.2
12033,-302.4
12034,-306.0
12035,-302.4
12036,-298.8
12037,-302.4
12038,-302.4
12039,-306.0
12040,-280.8
12041,-273.6
12042,-266.4
12043,-259.2
12044,-244.8
12045,-234.0
12046,-219.6
12047,-201.6
12048,-190.8
12049,-183.6
12050,-165.6
12051,-162.0
12052,-147.6
12053,-136.8
12054,-129.6
12055,-126.0
12056,-126.0
12057,-122.4
12058,-126.0
12059,-133.2
12060,-140.4
12061,-154.8
12062,-169.2
12063,-187.2
12064,-208.8
12065,-216.0
12066,-248.4
12067,-262.8
12068,-277.2
12069,-295.2
12070,-295.2
12071,-295.2
12072,-302.4
12073,-306.0
12074,-302.4
12075,-295.2
12076,-295.2
12077,-273.6
12078,-270.0
12079,-273.6
12080,-262.8
12081,-266.4
12082,-270.0
12083,-270.0
12084,-266.4
12085,-280.8
12086,-280.8
12087,-284.4
12088,-284.4
12089,-298.8
12090,-284.4
12091,-270.0
12092,-266.4
12093,-259.2
12094,-237.6
12095,-212.4
12096,-194.4
12097,-176.4
12098,-158.4
12099,-136.8
12100,-122.4
12101,-111.6
12102,-111.6
12103,-111.6
12104,-118.8
12105,-126.0
12106,-147.6
12107,-172.8
12108,-190.8
12109,-216.0
12110,-234.0
12111,-266.4
12112,-298.8
12113,-327.6
12114,-342.0
12115,-363.6
12116,-367.2
12117,-367.2
12118,-356.4
12119,-363.6
12120,-356.4
12121,-334.8
12122,-324.0
12123,-313.2
12124,-302.4
12125,-280.8
12126,-252.0
12127,-262.8
12128,-255.6
12129,-255.6
12130,-255.6
12131,-262.8
12132,-277.2
12133,-273.6
12134,-295.2
12135,-298.8
12136,-298.8
12137,-309.6
12138,-313.2
12139,-302.4
12140,-298.8
12141,-266.4
12142,-252.0
12143,-219.6
12144,-212.4
12145,-183.6
12146,-154.8
12147,-144.0
12148,-126.0
12149,-115.2
12150,-111.6
12151,-111.6
12152,-118.8
12153,-133.2
12154,-147.6
12155,-165.6
12156,-198.0
12157,-219.6
12158,-241.2
12159,-270.0
12160,-277.2
12161,-316.8
12162,-316.8
12163,-345.6
12164,-338.4
12165,-345.6
12166,-356.4
12167,-338.4
12168,-331.2
12169,-324.0
12170,-313.2
12171,-302.4
12172,-291.6
12173,-273.6
12174,-259.2
12175,-270.0
12176,-262.8
12177,-262.8
12178,-270.0
12179,-284.4
12180,-284.4
12181,-295.2
12182,-298.8
12183,-306.0
12184,-324.0
12185,-327.6
12186,-306.0
12187,-306.0
12188,-295.2
12189,-273.6
12190,-248.4
12191,-230.4
12192,-208.8
12193,-176.4
12194,-158.4
12195,-133.2
12196,-126.0
12197,-115.2
12198,-115.2
12199,-115.2
12200,-122.4
12201,-129.6
12202,-151.2
12203,-176.4
12204,-198.0
12205,-226.8
12206,-248.4
12207,-270.0
12208,-295.2
12209,-302.4
12210,-316.8
12211,-342.0
12212,-342.0
12213,-352.8
12214,-342.0
12215,-342.0
12216,-338.4
12217,-334.8
12218,-320.4
12219,-306.0
12220,-306.0
12221,-298.8
12222,-277.2
12223,-284.4
12224,-280.8
12225,-277.2
12226,-280.8
12227,-284.4
12228,-291.6
12229,-295.2
12230,-291.6
12231,-306.0
12232,-309.6
12233,-306.0
12234,-302.4
12235,-302.4
12236,-288.0
12237,-270.0
12238,-244.8
12239,-230.4
12240,-205.2
12241,-187.2
12242,-158.4
12243,-140.4
12244,-122.4
12245,-111.6
12246,-115.2
12247,-111.6
12248,-115.2
12249,-133.2
12250,-151.2
12251,-172.8
12252,-194.4
12253,-219.6
12254,-252.0
12255,-273.6
12256,-291.6
12257,-306.0
12258,-324.0
12259,-331.2
12260,-356.4
12261,-338.4
12262,-334.8
12263,-324.0
12264,-331.2
12265,-309.6
12266,-298.8
12267,-291.6
12268,-280.8
12269,-284.4
12270,-270.0
12271,-266.4
12272,-280.8
12273,-280.8
12274,-284.4
12275,-273.6
12276,-295.2
12277,-291.6
12278,-306.0
12279,-309.6
12280,-291.6
12281,-316.8
12282,-306.0
12283,-295.2
12284,-291.6
12285,-273.6
12286,-259.2
12287,-241.2
12288,-212.4
12289,-187.2
12290,-169.2
12291,-144.0
12292,-136.8
12293,-122.4
12294,-115.2
12295,-118.8
12296,-129.6
12297,-140.4
12298,-162.0
12299,-187.2
12300,-216.0
12301,-244.8
12302,-270.0
12303,-313.2
12304,-352.8
12305,-360.0
12306,-374.4
12307,-378.0
12308,-378.0
12309,-378.0
12310,-378.0
12311,-378.0
12312,-378.0
12313,-374.4
12314,-331.2
12315,-320.4
12316,-309.6
12317,-298.8
12318,-295.2
12319,-295.2
12320,-288.0
12321,-291.6
12322,-284.4
12323,-291.6
12324,-306.0
12325,-306.0
12326,-302.4
12327,-302.4
12328,-309.6
12329,-298.8
12330,-288.0
12331,-288.0
12332,-266.4
12333,-259.2
12334,-259.2
12335,-223.2
12336,-212.4
12337,-198.0
12338,-176.4
12339,-162.0
12340,-147.6
12341,-140.4
12342,-129.6
12343,-122.4
12344,-122.4
12345,-129.6
12346,-136.8
12347,-151.2
12348,-162.0
12349,-183.6
12350,-205.2
12351,-219.6
12352,-248.4
12353,-277.2
12354,-277.2
12355,-306.0
12356,-313.2
12357,-320.4
12358,-324.0
12359,-324.0
12360,-313.2
12361,-327.6
12362,-320.4
12363,-302.4
12364,-295.2
12365,-291.6
12366,-291.6
12367,-291.6
12368,-284.4
12369,-298.8
12370,-288.0
12371,-284.4
12372,-284.4
12373,-295.2
12374,-280.8
12375,-291.6
12376,-284.4
12377,-273.6
12378,-266.4
12379,-252.0
12380,-234.0
12381,-226.8
12382,-212.4
12383,-212.4
12384,-190.8
12385,-172.8
12386,-158.4
12387,-151.2
12388,-140.4
12389,-133.2
12390,-126.0
12391,-118.8
12392,-115.2
12393,-118.8
12394,-122.4
12395,-126.0
12396,-140.4
12397,-154.8
12398,-169.2
12399,-183.6
12400,-198.0
12401,-219.6
12402,-241.2
12403,-248.4
12404,-270.0
12405,-291.6
12406,-291.6
12407,-284.4
12408,-298.8
12409,-298.8
12410,-284.4
12411,-284.4
12412,-280.8
12413,-270.0
12414,-266.4
12415,-266.4
12416,-259.2
12417,-262.8
12418,-262.8
12419,-266.4
12420,-277.2
12421,-270.0
12422,-284.4
12423,-280.8
12424,-280.8
12425,-288.0
12426,-277.2
12427,-266.4
12428,-262.8
12429,-237.6
12430,-234.0
12431,-201.6
12432,-190.8
12433,-169.2
12434,-147.6
12435,-136.8
12436,-118.8
12437,-115.2
12438,-108.0
12439,-108.0
12440,-111.6
12441,-122.4
12442,-140.4
12443,-162.0
12444,-183.6
12445,-205.2
12446,-234.0
12447,-273.6
12448,-288.0
12449,-309.6
12450,-338.4
12451,-338.4
12452,-356.4
12453,-356.4
12454,-360.0
12455,-356.4
12456,-349.2
12457,-334.8
12458,-313.2
12459,-295.2
12460,-280.8
12461,-277.2
12462,-259.2
12463,-259.2
12464,-252.0
12465,-248.4
12466,-252.0
12467,-255.6
12468,-259.2
12469,-277.2
12470,-284.4
12471,-288.0
12472,-302.4
12473,-298.8
12474,-306.0
12475,-280.8
12476,-280.8
12477,-270.0
12478,-248.4
12479,-219.6
12480,-201.6
12481,-176.4
12482,-158.4
12483,-140.4
12484,-126.0
12485,-115.2
12486,-111.6
12487,-115.2
12488,-118.8
12489,-129.6
12490,-147.6
12491,-158.4
12492,-187.2
12493,-216.0
12494,-230.4
12495,-259.2
12496,-280.8
12497,-298.8
12498,-316.8
12499,-327.6
12500,-338.4
12501,-345.6
12502,-338.4
12503,-327.6
12504,-334.8
12505,-324.0
12506,-298.8
12507,-291.6
12508,-270.0
12509,-266.4
12510,-259.2
12511,-262.8
12512,-252.0
12513,-266.4
12514,-255.6
12515,-262.8
12516,-270.0
12517,-288.0
12518,-302.4
12519,-302.4
12520,-298.8
12521,-306.0
12522,-298.8
12523,-288.0
12524,-277.2
12525,-266.4
12526,-252.0
12527,-223.2
12528,-201.6
12529,-172.8
12530,-154.8
12531,-136.8
12532,-118.8
12533,-111.6
12534,-108.0
12535,-111.6
12536,-115.2
12537,-133.2
12538,-151.2
12539,-172.8
12540,-190.8
12541,-223.2
12542,-252.0
12543,-270.0
12544,-288.0
12545,-302.4
12546,-320.4
12547,-334.8
12548,-334.8
12549,-331.2
12550,-345.6
12551,-338.4
12552,-331.2
12553,-320.4
12554,-313.2
12555,-302.4
12556,-291.6
12557,-277.2
12558,-277.2
12559,-270.0
12560,-266.4
12561,-266.4
12562,-280.8
12563,-277.2
12564,-284.4
12565,-288.0
12566,-288.0
12567,-298.8
12568,-295.2
12569,-298.8
12570,-291.6
12571,-302.4
12572,-291.6
12573,-252.0
12574,-259.2
12575,-230.4
12576,-205.2
12577,-183.6
12578,-154.8
12579,-133.2
12580,-129.6
12581,-111.6
12582,-108.0
12583,-108.0
12584,-111.6
12585,-122.4
12586,-151.2
12587,-165.6
12588,-183.6
12589,-219.6
12590,-237.6
12591,-270.0
12592,-288.0
12593,-306.0
12594,-306.0
12595,-331.2
12596,-327.6
12597,-334.8
12598,-338.4
12599,-316.8
12600,-313.2
12601,-298.8
12602,-291.6
12603,-291.6
12604,-277.2
12605,-273.6
12606,-277.2
12607,-273.6
12608,-266.4
12609,-259.2
12610,-266.4
12611,-273.6
12612,-284.4
12613,-284.4
12614,-291.6
12615,-295.2
12616,-291.6
12617,-309.6
12618,-298.8
12619,-295.2
12620,-280.8
12621,-266.4
12622,-252.0
12623,-216.0
12624,-201.6
12625,-183.6
12626,-162.0
12627,-144.0
12628,-126.0
12629,-115.2
12630,-115.2
12631,-115.2
12632,-129.6
12633,-140.4
12634,-162.0
12635,-187.2
12636,-216.0
12637,-248.4
12638,-270.0
12639,-302.4
12640,-334.8
12641,-349.2
12642,-363.6
12643,-378.0
12644,-378.0
12645,-378.0
12646,-378.0
12647,-378.0
12648,-374.4
12649,-349.2
12650,-331.2
12651,-316.8
12652,-302.4
12653,-291.6
12654,-288.0
12655,-288.0
12656,-280.8
12657,-280.8
12658,-277.2
12659,-284.4
12660,-291.6
12661,-291.6
12662,-288.0
12663,-291.6
12664,-291.6
12665,-288.0
12666,-280.8
12667,-277.2
12668,-262.8
12669,-259.2
12670,-241.2
12671,-223.2
12672,-205.2
12673,-194.4
12674,-176.4
12675,-158.4
12676,-140.4
12677,-140.4
12678,-129.6
12679,-118.8
12680,-122.4
12681,-122.4
12682,-133.2
12683,-144.0
12684,-158.4
12685,-172.8
12686,-198.0
12687,-212.4
12688,-241.2
12689,-259.2
12690,-277.2
12691,-288.0
12692,-291.6
12693,-302.4
12694,-313.2
12695,-313.2
12696,-313.2
12697,-298.8
12698,-302.4
12699,-295.2
12700,-284.4
12701,-288.0
12702,-288.0
12703,-270.0
12704,-277.2
12705,-291.6
12706,-284.4
12707,-288.0
12708,-280.8
12709,-288.0
12710,-288.0
12711,-284.4
12712,-277.2
12713,-266.4
12714,-266.4
12715,-252.0
12716,-230.4
12717,-230.4
12718,-205.2
12719,-198.0
12720,-187.2
12721,-169.2
12722,-162.0
12723,-147.6
12724,-140.4
12725,-129.6
12726,-122.4
12727,-118.8
12728,-115.2
12729,-118.8
12730,-115.2
12731,-122.4
12732,-140.4
12733,-151.2
12734,-169.2
12735,-176.4
12736,-194.4
12737,-212.4
12738,-226.8
12739,-248.4
12740,-266.4
12741,-270.0
12742,-288.0
12743,-284.4
12744,-288.0
12745,-291.6
12746,-288.0
12747,-277.2
12748,-262.8
12749,-273.6
12750,-259.2
12751,-255.6
12752,-248.4
12753,-248.4
12754,-252.0
12755,-266.4
12756,-255.6
12757,-262.8
12758,-270.0
12759,-280.8
12760,-270.0
12761,-273.6
12762,-266.4
12763,-262.8
12764,-244.8
12765,-241.2
12766,-219.6
12767,-198.0
12768,-180.0
12769,-165.6
12770,-147.6
12771,-126.0
12772,-115.2
12773,-111.6
12774,-100.8
12775,-108.0
12776,-108.0
12777,-115.2
12778,-140.4
12779,-154.8
12780,-183.6
12781,-198.0
12782,-241.2
12783,-255.6
12784,-277.2
12785,-306.0
12786,-324.0
12787,-331.2
12788,-349.2
12789,-349.2
12790,-345.6
12791,-345.6
12792,-345.6
12793,-313.2
12794,-302.4
12795,-302.4
12796,-280.8
12797,-266.4
12798,-252.0
12799,-255.6
12800,-244.8
12801,-244.8
12802,-252.0
12803,-259.2
12804,-270.0
12805,-262.8
12806,-291.6
12807,-291.6
12808,-298.8
12809,-284.4
12810,-291.6
12811,-280.8
12812,-266.4
12813,-262.8
12814,-237.6
12815,-219.6
12816,-201.6
12817,-176.4
12818,-162.0
12819,-133.2
12820,-126.0
12821,-111.6
12822,-108.0
12823,-108.0
12824,-111.6
12825,-126.0
12826,-144.0
12827,-158.4
12828,-172.8
12829,-208.8
12830,-226.8
12831,-248.4
12832,-270.0
12833,-306.0
12834,-302.4
12835,-327.6
12836,-327.6
12837,-331.2
12838,-320.4
12839,-324.0
12840,-306.0
12841,-316.8
12842,-302.4
12843,-277.2
12844,-273.6
12845,-262.8
12846,-252.0
12847,-248.4
12848,-252.0
12849,-255.6
12850,-255.6
12851,-259.2
12852,-273.6
12853,-277.2
12854,-284.4
12855,-306.0
12856,-295.2
12857,-298.8
12858,-291.6
12859,-291.6
12860,-284.4
12861,-259.2
12862,-234.0
12863,-216.0
12864,-190.8
12865,-165.6
12866,-147.6
12867,-129.6
12868,-118.8
12869,-108.0
12870,-104.4
12871,-104.4
12872,-115.2
12873,-129.6
12874,-147.6
12875,-169.2
12876,-187.2
12877,-205.2
12878,-234.0
12879,-262.8
12880,-277.2
12881,-295.2
12882,-306.0
12883,-320.4
12884,-324.0
12885,-345.6
12886,-327.6
12887,-316.8
12888,-309.6
12889,-316.8
12890,-309.6
12891,-288.0
12892,-280.8
12893,-273.6
12894,-266.4
12895,-255.6
12896,-266.4
12897,-259.2
12898,-255.6
12899,-262.8
12900,-270.0
12901,-280.8
12902,-280.8
12903,-298.8
12904,-295.2
12905,-295.2
12906,-280.8
12907,-277.2
12908,-270.0
12909,-262.8
12910,-241.2
12911,-216.0
12912,-198.0
12913,-176.4
12914,-151.2
12915,-136.8
12916,-122.4
12917,-115.2
12918,-100.8
12919,-108.0
12920,-111.6
12921,-126.0
12922,-144.0
12923,-162.0
12924,-190.8
12925,-216.0
12926,-237.6
12927,-262.8
12928,-280.8
12929,-298.8
12930,-306.0
12931,-331.2
12932,-327.6
12933,-327.6
12934,-324.0
12935,-313.2
12936,-302.4
12937,-291.6
12938,-291.6
12939,-270.0
12940,-273.6
12941,-270.0
12942,-259.2
12943,-252.0
12944,-259.2
12945,-259.2
12946,-255.6
12947,-266.4
12948,-270.0
12949,-280.8
12950,-302.4
12951,-295.2
12952,-295.2
12953,-284.4
12954,-291.6
12955,-284.4
12956,-270.0
12957,-255.6
12958,-244.8
12959,-219.6
12960,-198.0
12961,-180.0
12962,-158.4
12963,-140.4
12964,-126.0
12965,-118.8
12966,-115.2
12967,-111.6
12968,-122.4
12969,-133.2
12970,-154.8
12971,-180.0
12972,-205.2
12973,-241.2
12974,-266.4
12975,-306.0
12976,-320.4
12977,-338.4
12978,-356.4
12979,-363.6
12980,-374.4
12981,-360.0
12982,-352.8
12983,-352.8
12984,-338.4
12985,-327.6
12986,-309.6
12987,-302.4
12988,-291.6
12989,-288.0
12990,-277.2
12991,-273.6
12992,-273.6
12993,-270.0
12994,-266.4
12995,-270.0
12996,-288.0
12997,-288.0
12998,-288.0
12999,-288.0
13000,-288.0
13001,-284.4
13002,-277.2
13003,-266.4
13004,-266.4
13005,-248.4
13006,-234.0
13007,-223.2
13008,-205.2
13009,-190.8
13010,-165.6
13011,-151.2
13012,-140.4
13013,-129.6
13014,-122.4
13015,-115.2
13016,-118.8
13017,-122.4
13018,-122.4
13019,-136.8
13020,-154.8
13021,-172.8
13022,-194.4
13023,-212.4
13024,-230.4
13025,-252.0
13026,-273.6
13027,-291.6
13028,-291.6
13029,-309.6
13030,-306.0
13031,-309.6
13032,-313.2
13033,-306.0
13034,-298.8
13035,-291.6
13036,-288.0
13037,-273.6
13038,-280.8
13039,-273.6
13040,-273.6
13041,-273.6
13042,-280.8
13043,-280.8
13044,-270.0
13045,-288.0
13046,-266.4
13047,-273.6
13048,-266.4
13049,-259.2
13050,-241.2
13051,-248.4
13052,-230.4
13053,-216.0
13054,-194.4
13055,-190.8
13056,-176.4
13057,-169.2
13058,-154.8
13059,-147.6
13060,-136.8
13061,-122.4
13062,-122.4
13063,-115.2
13064,-111.6
13065,-115.2
13066,-118.8
13067,-122.4
13068,-133.2
13069,-147.6
13070,-162.0
13071,-176.4
13072,-194.4
13073,-208.8
13074,-230.4
13075,-237.6
13076,-255.6
13077,-270.0
13078,-277.2
13079,-277.2
13080,-280.8
13081,-277.2
13082,-277.2
13083,-277.2
13084,-262.8
13085,-259.2
13086,-252.0
13087,-252.0
13088,-244.8
13089,-244.8
13090,-244.8
13091,-252.0
13092,-259.2
13093,-259.2
13094,-259.2
13095,-262.8
13096,-270.0
13097,-266.4
13098,-255.6
13099,-259.2
13100,-241.2
13101,-230.4
13102,-219.6
13103,-201.6
13104,-172.8
13105,-172.8
13106,-147.6
13107,-126.0
13108,-111.6
13109,-104.4
13110,-100.8
13111,-104.4
13112,-108.0
13113,-118.8
13114,-140.4
13115,-151.2
13116,-176.4
13117,-198.0
13118,-223.2
13119,-248.4
13120,-280.8
13121,-309.6
13122,-313.2
13123,-316.8
13124,-334.8
13125,-342.0
13126,-342.0
13127,-334.8
13128,-320.4
13129,-327.6
13130,-302.4
13131,-280.8
13132,-273.6
13133,-259.2
13134,-248.4
13135,-241.2
13136,-230.4
13137,-237.6
13138,-248.4
13139,-244.8
13140,-262.8
13141,-259.2
13142,-266.4
13143,-284.4
13144,-284.4
13145,-288.0
13146,-280.8
13147,-284.4
13148,-277.2
13149,-244.8
13150,-234.0
13151,-219.6
13152,-194.4
13153,-176.4
13154,-144.0
13155,-129.6
13156,-118.8
13157,-111.6
13158,-104.4
13159,-111.6
13160,-111.6
13161,-122.4
13162,-133.2
13163,-158.4
13164,-176.4
13165,-201.6
13166,-226.8
13167,-252.0
13168,-270.0
13169,-291.6
13170,-306.0
13171,-313.2
13172,-316.8
13173,-327.6
13174,-320.4
13175,-320.4
13176,-313.2
13177,-298.8
13178,-284.4
13179,-270.0
13180,-270.0
13181,-262.8
13182,-241.2
13183,-244.8
13184,-241.2
13185,-241.2
13186,-252.0
13187,-259.2
13188,-266.4
13189,-273.6
13190,-291.6
13191,-280.8
13192,-295.2
13193,-291.6
13194,-295.2
13195,-280.8
13196,-273.6
13197,-259.2
13198,-226.8
13199,-216.0
13200,-194.4
13201,-169.2
13202,-151.2
13203,-129.6
13204,-118.8
13205,-100.8
13206,-104.4
13207,-100.8
13208,-115.2
13209,-126.0
13210,-140.4
13211,-162.0
13212,-190.8
13213,-201.6
13214,-230.4
13215,-262.8
13216,-277.2
13217,-291.6
13218,-313.2
13219,-302.4
13220,-331.2
13221,-316.8
13222,-324.0
13223,-316.8
13224,-306.0
13225,-306.0
13226,-302.4
13227,-288.0
13228,-280.8
13229,-273.6
13230,-266.4
13231,-259.2
13232,-259.2
13233,-255.6
13234,-262.8
13235,-266.4
13236,-266.4
13237,-270.0
13238,-288.0
13239,-284.4
13240,-288.0
13241,-284.4
13242,-284.4
13243,-270.0
13244,-273.6
13245,-259.2
13246,-237.6
13247,-216.0
13248,-187.2
13249,-165.6
13250,-147.6
13251,-136.8
13252,-118.8
13253,-108.0
13254,-100.8
13255,-104.4
13256,-115.2
13257,-122.4
13258,-140.4
13259,-162.0
13260,-183.6
13261,-205.2
13262,-237.6
13263,-255.6
13264,-277.2
13265,-291.6
13266,-302.4
13267,-320.4
13268,-324.0
13269,-313.2
13270,-316.8
13271,-316.8
13272,-306.0
13273,-288.0
13274,-280.8
13275,-273.6
13276,-262.8
13277,-262.8
13278,-259.2
13279,-252.0
13280,-255.6
13281,-255.6
13282,-255.6
13283,-262.8
13284,-273.6
13285,-273.6
13286,-277.2
13287,-284.4
13288,-284.4
13289,-295.2
13290,-280.8
13291,-277.2
13292,-262.8
13293,-252.0
13294,-237.6
13295,-216.0
13296,-187.2
13297,-172.8
13298,-154.8
13299,-136.8
13300,-122.4
13301,-115.2
13302,-108.0
13303,-111.6
13304,-118.8
13305,-136.8
13306,-151.2
13307,-180.0
13308,-198.0
13309,-226.8
13310,-262.8
13311,-288.0
13312,-320.4
13313,-342.0
13314,-352.8
13315,-352.8
13316,-370.8
13317,-370.8
13318,-360.0
13319,-338.4
13320,-338.4
13321,-316.8
13322,-302.4
13323,-309.6
13324,-284.4
13325,-277.2
13326,-273.6
13327,-266.4
13328,-262.8
13329,-262.8
13330,-259.2
13331,-266.4
13332,-284.4
13333,-280.8
13334,-284.4
13335,-280.8
13336,-284.4
13337,-273.6
13338,-270.0
13339,-262.8
13340,-252.0
13341,-244.8
13342,-226.8
13343,-212.4
13344,-208.8
13345,-183.6
13346,-165.6
13347,-154.8
13348,-140.4
13349,-129.6
13350,-118.8
13351,-115.2
13352,-111.6
13353,-115.2
13354,-122.4
13355,-133.2
13356,-158.4
13357,-169.2
13358,-194.4
13359,-212.4
13360,-226.8
13361,-252.0
13362,-266.4
13363,-277.2
13364,-288.0
13365,-302.4
13366,-295.2
13367,-309.6
13368,-302.4
13369,-291.6
13370,-284.4
13371,-291.6
13372,-273.6
13373,-273.6
13374,-270.0
13375,-270.0
13376,-270.0
13377,-270.0
13378,-266.4
13379,-273.6
13380,-277.2
13381,-270.0
13382,-270.0
13383,-270.0
13384,-259.2
13385,-255.6
13386,-244.8
13387,-237.6
13388,-226.8
13389,-212.4
13390,-201.6
13391,-183.6
13392,-172.8
13393,-162.0
13394,-154.8
13395,-136.8
13396,-129.6
13397,-126.0
13398,-118.8
13399,-115.2
13400,-111.6
13401,-111.6
13402,-118.8
13403,-122.4
13404,-129.6
13405,-147.6
13406,-154.8
13407,-169.2
13408,-187.2
13409,-212.4
13410,-216.0
13411,-237.6
13412,-248.4
13413,-270.0
13414,-277.2
13415,-284.4
13416,-280.8
13417,-277.2
13418,-277.2
13419,-273.6
13420,-262.8
13421,-255.6
13422,-252.0
13423,-248.4
13424,-244.8
13425,-234.0
13426,-241.2
13427,-244.8
13428,-244.8
13429,-252.0
13430,-259.2
13431,-259.2
13432,-259.2
13433,-266.4
13434,-255.6
13435,-252.0
13436,-244.8
13437,-226.8
13438,-219.6
13439,-187.2
13440,-180.0
13441,-158.4
13442,-140.4
13443,-122.4
13444,-115.2
13445,-100.8
13446,-97.2
13447,-100.8
13448,-100.8
13449,-115.2
13450,-133.2
13451,-154.8
13452,-165.6
13453,-194.4
13454,-223.2
13455,-252.0
13456,-273.6
13457,-284.4
13458,-302.4
13459,-327.6
13460,-331.2
13461,-334.8
13462,-327.6
13463,-334.8
13464,-324.0
13465,-316.8
13466,-302.4
13467,-291.6
13468,-266.4
13469,-252.0
13470,-244.8
13471,-234.0
13472,-223.2
13473,-226.8
13474,-226.8
13475,-244.8
13476,-244.8
13477,-262.8
13478,-277.2
13479,-270.0
13480,-288.0
13481,-284.4
13482,-277.2
13483,-266.4
13484,-266.4
13485,-244.8
13486,-241.2
13487,-216.0
13488,-194.4
13489,-169.2
13490,-147.6
13491,-133.2
13492,-118.8
13493,-104.4
13494,-104.4
13495,-104.4
13496,-108.0
13497,-122.4
13498,-133.2
13499,-158.4
13500,-172.8
13501,-198.0
13502,-219.6
13503,-248.4
13504,-266.4
13505,-288.0
13506,-295.2
13507,-309.6
13508,-316.8
13509,-320.4
13510,-313.2
13511,-309.6
13512,-302.4
13513,-288.0
13514,-291.6
13515,-280.8
13516,-262.8
13517,-248.4
13518,-244.8
13519,-234.0
13520,-241.2
13521,-241.2
13522,-244.8
13523,-259.2
13524,-255.6
13525,-262.8
13526,-273.6
13527,-280.8
13528,-284.4
13529,-288.0
13530,-291.6
13531,-273.6
13532,-262.8
13533,-244.8
13534,-230.4
13535,-205.2
13536,-183.6
13537,-162.0
13538,-144.0
13539,-126.0
13540,-111.6
13541,-100.8
13542,-100.8
13543,-100.8
13544,-111.6
13545,-122.4
13546,-136.8
13547,-162.0
13548,-183.6
13549,-201.6
13550,-219.6
13551,-244.8
13552,-273.6
13553,-288.0
13554,-291.6
13555,-306.0
13556,-327.6
13557,-313.2
13558,-320.4
13559,-306.0
13560,-306.0
13561,-298.8
13562,-302.4
13563,-277.2
13564,-277.2
13565,-259.2
13566,-262.8
13567,-262.8
13568,-255.6
13569,-252.0
13570,-252.0
13571,-259.2
13572,-270.0
13573,-262.8
13574,-266.4
13575,-280.8
13576,-280.8
13577,-280.8
13578,-280.8
13579,-273.6
13580,-259.2
13581,-241.2
13582,-234.0
13583,-212.4
13584,-187.2
13585,-172.8
13586,-144.0
13587,-129.6
13588,-115.2
13589,-104.4
13590,-100.8
13591,-100.8
13592,-108.0
13593,-118.8
13594,-136.8
13595,-158.4
13596,-176.4
13597,-205.2
13598,-230.4
13599,-248.4
13600,-266.4
13601,-280.8
13602,-306.0
13603,-306.0
13604,-313.2
13605,-302.4
13606,-316.8
13607,-306.0
13608,-288.0
13609,-284.4
13610,-284.4
13611,-262.8
13612,-252.0
13613,-255.6
13614,-248.4
13615,-248.4
13616,-244.8
13617,-248.4
13618,-259.2
13619,-262.8
13620,-255.6
13621,-270.0
13622,-284.4
13623,-277.2
13624,-284.4
13625,-273.6
13626,-284.4
13627,-270.0
13628,-259.2
13629,-255.6
13630,-226.8
13631,-212.4
13632,-190.8
13633,-169.2
13634,-147.6
13635,-136.8
13636,-118.8
13637,-108.0
13638,-108.0
13639,-108.0
13640,-115.2
13641,-129.6
13642,-147.6
13643,-172.8
13644,-201.6
13645,-230.4
13646,-252.0
13647,-280.8
13648,-306.0
13649,-316.8
13650,-345.6
13651,-342.0
13652,-342.0
13653,-356.4
13654,-349.2
13655,-331.2
13656,-331.2
13657,-316.8
13658,-295.2
13659,-295.2
13660,-284.4
13661,-277.2
13662,-266.4
13663,-266.4
13664,-262.8
13665,-262.8
13666,-259.2
13667,-273.6
13668,-262.8
13669,-277.2
13670,-273.6
13671,-266.4
13672,-284.4
13673,-277.2
13674,-266.4
13675,-259.2
13676,-248.4
13677,-237.6
13678,-223.2
13679,-208.8
13680,-194.4
13681,-180.0
13682,-162.0
13683,-140.4
13684,-129.6
13685,-126.0
13686,-118.8
13687,-115.2
13688,-111.6
13689,-115.2
13690,-118.8
13691,-133.2
13692,-151.2
13693,-165.6
13694,-183.6
13695,-205.2
13696,-230.4
13697,-237.6
13698,-270.0
13699,-284.4
13700,-280.8
13701,-298.8
13702,-306.0
13703,-298.8
13704,-298.8
13705,-295.2
13706,-284.4
13707,-277.2
13708,-270.0
13709,-270.0
13710,-266.4
13711,-262.8
13712,-266.4
13713,-262.8
13714,-273.6
13715,-266.4
13716,-270.0
13717,-270.0
13718,-270.0
13719,-266.4
13720,-252.0
13721,-252.0
13722,-244.8
13723,-237.6
13724,-219.6
13725,-216.0
13726,-190.8
13727,-187.2
13728,-169.2
13729,-158.4
13730,-144.0
13731,-136.8
13732,-126.0
13733,-118.8
13734,-115.2
13735,-108.0
13736,-108.0
13737,-111.6
13738,-111.6
13739,-122.4
13740,-126.0
13741,-140.4
13742,-147.6
13743,-162.0
13744,-183.6
13745,-205.2
13746,-216.0
13747,-234.0
13748,-248.4
13749,-262.8
13750,-262.8
13751,-273.6
13752,-266.4
13753,-277.2
13754,-266.4
13755,-266.4
13756,-255.6
13757,-252.0
13758,-237.6
13759,-241.2
13760,-237.6
13761,-234.0
13762,-230.4
13763,-234.0
13764,-241.2
13765,-252.0
13766,-252.0
13767,-262.8
13768,-259.2
13769,-259.2
13770,-255.6
13771,-244.8
13772,-234.0
13773,-226.8
13774,-216.0
13775,-194.4
13776,-172.8
13777,-158.4
13778,-140.4
13779,-122.4
13780,-108.0
13781,-100.8
13782,-97.2
13783,-100.8
13784,-108.0
13785,-118.8
13786,-129.6
13787,-144.0
13788,-165.6
13789,-198.0
13790,-219.6
13791,-241.2
13792,-255.6
13793,-280.8
13794,-302.4
13795,-313.2
13796,-334.8
13797,-342.0
13798,-334.8
13799,-334.8
13800,-320.4
13801,-313.2
13802,-295.2
13803,-277.2
13804,-262.8
13805,-262.8
13806,-244.8
13807,-234.0
13808,-226.8
13809,-219.6
13810,-230.4
13811,-237.6
13812,-248.4
13813,-259.2
13814,-259.2
13815,-273.6
13816,-273.6
13817,-262.8
13818,-284.4
13819,-266.4
13820,-266.4
13821,-248.4
13822,-226.8
13823,-212.4
13824,-190.8
13825,-169.2
13826,-147.6
13827,-129.6
13828,-118.8
13829,-104.4
13830,-100.8
13831,-100.8
13832,-104.4
13833,-118.8
13834,-133.2
13835,-151.2
13836,-169.2
13837,-194.4
13838,-219.6
13839,-241.2
13840,-255.6
13841,-277.2
13842,-291.6
13843,-302.4
13844,-316.8
13845,-309.6
13846,-309.6
13847,-309.6
13848,-291.6
13849,-291.6
13850,-273.6
13851,-266.4
13852,-259.2
13853,-252.0
13854,-241.2
13855,-230.4
13856,-230.4
13857,-230.4
13858,-230.4
13859,-248.4
13860,-244.8
13861,-266.4
13862,-273.6
13863,-280.8
13864,-280.8
13865,-295.2
13866,-273.6
13867,-284.4
13868,-259.2
13869,-248.4
13870,-216.0
13871,-208.8
13872,-180.0
13873,-158.4
13874,-140.4
13875,-126.0
13876,-111.6
13877,-100.8
13878,-100.8
13879,-100.8
13880,-111.6
13881,-118.8
13882,-133.2
13883,-158.4
13884,-176.4
13885,-208.8
13886,-223.2
13887,-252.0
13888,-262.8
13889,-284.4
13890,-302.4
13891,-309.6
13892,-313.2
13893,-316.8
13894,-309.6
13895,-309.6
13896,-302.4
13897,-298.8
13898,-288.0
13899,-277.2
13900,-270.0
13901,-262.8
13902,-252.0
13903,-252.0
13904,-248.4
13905,-252.0
13906,-252.0
13907,-255.6
13908,-259.2
13909,-262.8
13910,-266.4
13911,-273.6
13912,-270.0
13913,-266.4
13914,-277.2
13915,-266.4
13916,-255.6
13917,-252.0
13918,-226.8
13919,-205.2
13920,-190.8
13921,-162.0
13922,-147.6
13923,-129.6
13924,-111.6
13925,-104.4
13926,-97.2
13927,-100.8
13928,-104.4
13929,-115.2
13930,-133.2
13931,-147.6
13932,-183.6
13933,-201.6
13934,-230.4
13935,-252.0
13936,-270.0
13937,-277.2
13938,-295.2
13939,-306.0
13940,-306.0
13941,-298.8
13942,-320.4
13943,-306.0
13944,-291.6
13945,-284.4
13946,-273.6
13947,-259.2
13948,-270.0
13949,-244.8
13950,-248.4
13951,-244.8
13952,-244.8
13953,-241.2
13954,-248.4
13955,-255.6
13956,-252.0
13957,-259.2
13958,-280.8
13959,-273.6
13960,-273.6
13961,-270.0
13962,-262.8
13963,-270.0
13964,-252.0
13965,-241.2
13966,-226.8
13967,-208.8
13968,-187.2
13969,-165.6
13970,-147.6
13971,-133.2
13972,-111.6
13973,-108.0
13974,-108.0
13975,-104.4
13976,-118.8
13977,-126.0
13978,-147.6
13979,-169.2
13980,-194.4
13981,-226.8
13982,-244.8
13983,-280.8
13984,-302.4
13985,-316.8
13986,-331.2
13987,-338.4
13988,-345.6
13989,-342.0
13990,-352.8
13991,-345.6
13992,-309.6
13993,-313.2
13994,-298.8
13995,-291.6
13996,-284.4
13997,-273.6
13998,-259.2
13999,-259.2
14000,-259.2
14001,-255.6
14002,-262.8
14003,-266.4
14004,-266.4
14005,-266.4
14006,-270.0
14007,-270.0
14008,-266.4
14009,-255.6
14010,-255.6
14011,-255.6
14012,-244.8
14013,-226.8
14014,-230.4
14015,-201.6
14016,-190.8
14017,-176.4
14018,-162.0
14019,-147.6
14020,-133.2
14021,-126.0
14022,-115.2
14023,-111.6
14024,-115.2
14025,-115.2
14026,-122.4
14027,-129.6
14028,-151.2
14029,-158.4
14030,-187.2
14031,-198.0
14032,-226.8
14033,-241.2
14034,-252.0
14035,-277.2
14036,-277.2
14037,-295.2
14038,-288.0
14039,-291.6
14040,-291.6
14041,-288.0
14042,-277.2
14043,-277.2
14044,-270.0
14045,-262.8
14046,-270.0
14047,-262.8
14048,-255.6
14049,-270.0
14050,-266.4
14051,-266.4
14052,-266.4
14053,-259.2
14054,-270.0
14055,-259.2
14056,-255.6
14057,-244.8
14058,-241.2
14059,-234.0
14060,-223.2
14061,-205.2
14062,-198.0
14063,-183.6
14064,-169.2
14065,-158.4
14066,-144.0
14067,-136.8
14068,-126.0
14069,-115.2
14070,-115.2
14071,-111.6
14072,-108.0
14073,-108.0
14074,-115.2
14075,-122.4
14076,-126.0
14077,-136.8
14078,-147.6
14079,-165.6
14080,-187.2
14081,-198.0
14082,-216.0
14083,-234.0
14084,-248.4
14085,-259.2
14086,-266.4
14087,-270.0
14088,-266.4
14089,-259.2
14090,-266.4
14091,-266.4
14092,-255.6
14093,-248.4
14094,-237.6
14095,-241.2
14096,-230.4
14097,-237.6
14098,-226.8
14099,-234.0
14100,-241.2
14101,-248.4
14102,-248.4
14103,-262.8
14104,-259.2
14105,-252.0
14106,-252.0
14107,-248.4
14108,-241.2
14109,-216.0
14110,-201.6
14111,-187.2
14112,-172.8
14113,-151.2
14114,-136.8
14115,-122.4
14116,-108.0
14117,-100.8
14118,-97.2
14119,-100.8
14120,-100.8
14121,-111.6
14122,-129.6
14123,-147.6
14124,-162.0
14125,-190.8
14126,-212.4
14127,-234.0
14128,-259.2
14129,-284.4
14130,-302.4
14131,-309.6
14132,-327.6
14133,-327.6
14134,-327.6
14135,-313.2
14136,-309.6
14137,-291.6
14138,-291.6
14139,-273.6
14140,-262.8
14141,-248.4
14142,-230.4
14143,-230.4
14144,-230.4
14145,-226.8
14146,-230.4
14147,-230.4
14148,-248.4
14149,-255.6
14150,-262.8
14151,-266.4
14152,-273.6
14153,-277.2
14154,-266.4
14155,-266.4
14156,-259.2
14157,-241.2
14158,-219.6
14159,-212.4
14160,-183.6
14161,-165.6
14162,-140.4
14163,-133.2
14164,-111.6
14165,-108.0
14166,-100.8
14167,-100.8
14168,-108.0
14169,-115.2
14170,-126.0
14171,-147.6
14172,-169.2
14173,-194.4
14174,-216.0
14175,-241.2
14176,-255.6
14177,-273.6
14178,-288.0
14179,-302.4
14180,-298.8
14181,-306.0
14182,-309.6
14183,-309.6
14184,-295.2
14185,-280.8
14186,-280.8
14187,-266.4
14188,-255.6
14189,-252.0
14190,-241.2
14191,-241.2
14192,-234.0
14193,-237.6
14194,-237.6
14195,-244.8
14196,-248.4
14197,-259.2
14198,-277.2
14199,-273.6
14200,-277.2
14201,-288.0
14202,-273.6
14203,-270.0
14204,-259.2
14205,-244.8
14206,-223.2
14207,-201.6
14208,-172.8
14209,-158.4
14210,-136.8
14211,-122.4
14212,-111.6
14213,-100.8
14214,-97.2
14215,-100.8
14216,-108.0
14217,-122.4
14218,-136.8
14219,-154.8
14220,-172.8
14221,-201.6
14222,-223.2
14223,-241.2
14224,-255.6
14225,-280.8
14226,-288.0
14227,-302.4
14228,-302.4
14229,-309.6
14230,-302.4
14231,-309.6
14232,-302.4
14233,-298.8
14234,-295.2
14235,-277.2
14236,-266.4
14237,-259.2
14238,-248.4
14239,-252.0
14240,-241.2
14241,-241.2
14242,-241.2
14243,-259.2
14244,-255.6
14245,-259.2
14246,-266.4
14247,-266.4
14248,-273.6
14249,-273.6
14250,-284.4
14251,-259.2
14252,-255.6
14253,-241.2
14254,-223.2
14255,-201.6
14256,-183.6
14257,-165.6
14258,-140.4
14259,-126.0
14260,-111.6
14261,-100.8
14262,-100.8
14263,-100.8
14264,-104.4
14265,-118.8
14266,-129.6
14267,-154.8
14268,-169.2
14269,-205.2
14270,-234.0
14271,-241.2
14272,-266.4
14273,-277.2
14274,-291.6
14275,-302.4
14276,-306.0
14277,-306.0
14278,-302.4
14279,-295.2
14280,-284.4
14281,-284.4
14282,-273.6
14283,-266.4
14284,-255.6
14285,-252.0
14286,-244.8
14287,-234.0
14288,-237.6
14289,-244.8
14290,-244.8
14291,-255.6
14292,-252.0
14293,-259.2
14294,-266.4
14295,-270.0
14296,-270.0
14297,-270.0
14298,-273.6
14299,-266.4
14300,-252.0
14301,-241.2
14302,-226.8
14303,-212.4
14304,-183.6
14305,-169.2
14306,-147.6
14307,-133.2
14308,-118.8
14309,-108.0
14310,-100.8
14311,-104.4
14312,-111.6
14313,-118.8
14314,-140.4
14315,-169.2
14316,-190.8
14317,-223.2
14318,-255.6
14319,-273.6
14320,-298.8
14321,-327.6
14322,-331.2
14323,-334.8
14324,-356.4
14325,-356.4
14326,-338.4
14327,-331.2
14328,-334.8
14329,-306.0
14330,-291.6
14331,-277.2
14332,-266.4
14333,-270.0
14334,-259.2
14335,-259.2
14336,-259.2
14337,-262.8
14338,-259.2
14339,-259.2
14340,-255.6
14341,-266.4
14342,-273.6
14343,-270.0
14344,-270.0
14345,-262.8
14346,-255.6
14347,-244.8
14348,-241.2
14349,-234.0
14350,-226.8
14351,-208.8
14352,-190.8
14353,-165.6
14354,-158.4
14355,-144.0
14356,-133.2
14357,-122.4
14358,-115.2
14359,-115.2
14360,-111.6
14361,-111.6
14362,-122.4
14363,-133.2
14364,-144.0
14365,-162.0
14366,-180.0
14367,-201.6
14368,-226.8
14369,-244.8
14370,-255.6
14371,-270.0
14372,-284.4
14373,-277.2
14374,-288.0
14375,-291.6
14376,-284.4
14377,-273.6
14378,-277.2
14379,-273.6
14380,-266.4
14381,-266.4
14382,-266.4
14383,-255.6
14384,-259.2
14385,-259.2
14386,-255.6
14387,-255.6
14388,-266.4
14389,-266.4
14390,-266.4
14391,-255.6
14392,-248.4
14393,-248.4
14394,-237.6
14395,-230.4
14396,-212.4
14397,-205.2
14398,-194.4
14399,-180.0
14400,-165.6
14401,-151.2
14402,-144.0
14403,-133.2
14404,-126.0
14405,-122.4
14406,-115.2
14407,-108.0
14408,-108.0
14409,-108.0
14410,-108.0
14411,-115.2
14412,-122.4
14413,-136.8
14414,-144.0
14415,-165.6
14416,-180.0
14417,-198.0
14418,-208.8
14419,-226.8
14420,-248.4
14421,-252.0
14422,-252.0
14423,-262.8
14424,-262.8
14425,-266.4
14426,-259.2
14427,-255.6
14428,-248.4
14429,-241.2
14430,-237.6
14431,-234.0
14432,-226.8
14433,-226.8
14434,-230.4
14435,-234.0
14436,-234.0
14437,-237.6
14438,-252.0
14439,-248.4
14440,-255.6
14441,-248.4
14442,-248.4
14443,-241.2
14444,-241.2
14445,-223.2
14446,-208.8
14447,-183.6
14448,-169.2
14449,-154.8
14450,-136.8
14451,-118.8
14452,-108.0
14453,-97.2
14454,-97.2
14455,-97.2
14456,-104.4
14457,-111.6
14458,-126.0
14459,-147.6
14460,-169.2
14461,-194.4
14462,-216.0
14463,-237.6
14464,-259.2
14465,-284.4
14466,-302.4
14467,-313.2
14468,-320.4
14469,-331.2
14470,-331.2
14471,-313.2
14472,-313.2
14473,-291.6
14474,-291.6
14475,-270.0
14476,-262.8
14477,-244.8
14478,-230.4
14479,-223.2
14480,-234.0
14481,-226.8
14482,-234.0
14483,-230.4
14484,-241.2
14485,-252.0
14486,-259.2
14487,-266.4
14488,-266.4
14489,-273.6
14490,-273.6
14491,-259.2
14492,-252.0
14493,-241.2
14494,-223.2
14495,-205.2
14496,-190.8
14497,-165.6
14498,-144.0
14499,-126.0
14500,-115.2
14501,-104.4
14502,-97.2
14503,-100.8
14504,-104.4
14505,-118.8
14506,-133.2
14507,-144.0
14508,-169.2
14509,-187.2
14510,-205.2
14511,-234.0
14512,-248.4
14513,-273.6
14514,-288.0
14515,-291.6
14516,-298.8
14517,-306.0
14518,-309.6
14519,-298.8
14520,-291.6
14521,-280.8
14522,-270.0
14523,-273.6
14524,-255.6
14525,-234.0
14526,-237.6
14527,-230.4
14528,-234.0
14529,-230.4
14530,-234.0
14531,-244.8
14532,-252.0
14533,-262.8
14534,-266.4
14535,-270.0
14536,-280.8
14537,-277.2
14538,-273.6
14539,-273.6
14540,-262.8
14541,-244.8
14542,-216.0
14543,-205.2
14544,-176.4
14545,-158.4
14546,-133.2
14547,-115.2
14548,-111.6
14549,-100.8
14550,-97.2
14551,-97.2
14552,-104.4
14553,-118.8
14554,-129.6
14555,-154.8
14556,-180.0
14557,-194.4
14558,-219.6
14559,-244.8
14560,-255.6
14561,-280.8
14562,-288.0
14563,-298.8
14564,-295.2
14565,-306.0
14566,-320.4
14567,-313.2
14568,-295.2
14569,-288.0
14570,-273.6
14571,-273.6
14572,-270.0
14573,-255.6
14574,-252.0
14575,-248.4
14576,-248.4
14577,-241.2
14578,-255.6
14579,-255.6
14580,-262.8
14581,-255.6
14582,-262.8
14583,-270.0
14584,-270.0
14585,-266.4
14586,-262.8
14587,-262.8
14588,-255.6
14589,-237.6
14590,-223.2
14591,-201.6
14592,-183.6
14593,-158.4
14594,-144.0
14595,-126.0
14596,-111.6
14597,-104.4
14598,-97.2
14599,-97.2
14600,-108.0
14601,-115.2
14602,-136.8
14603,-151.2
14604,-172.8
14605,-198.0
14606,-226.8
14607,-241.2
14608,-262.8
14609,-280.8
14610,-284.4
14611,-302.4
14612,-302.4
14613,-302.4
14614,-295.2
14615,-280.8
14616,-291.6
14617,-277.2
14618,-266.4
14619,-259.2
14620,-248.4
14621,-244.8
14622,-244.8
14623,-241.2
14624,-237.6
14625,-226.8
14626,-252.0
14627,-241.2
14628,-259.2
14629,-259.2
14630,-273.6
14631,-270.0
14632,-277.2
14633,-270.0
14634,-277.2
14635,-270.0
14636,-248.4
14637,-248.4
14638,-234.0
14639,-205.2
14640,-183.6
14641,-169.2
14642,-151.2
14643,-129.6
14644,-115.2
14645,-108.0
14646,-104.4
14647,-104.4
14648,-111.6
14649,-126.0
14650,-144.0
14651,-169.2
14652,-194.4
14653,-223.2
14654,-248.4
14655,-277.2
14656,-291.6
14657,-309.6
14658,-331.2
14659,-345.6
14660,-352.8
14661,-352.8
14662,-331.2
14663,-331.2
14664,-316.8
14665,-306.0
14666,-306.0
14667,-277.2
14668,-270.0
14669,-255.6
14670,-259.2
14671,-255.6
14672,-248.4
14673,-252.0
14674,-262.8
14675,-262.8
14676,-259.2
14677,-259.2
14678,-270.0
14679,-270.0
14680,-270.0
14681,-262.8
14682,-259.2
14683,-244.8
14684,-241.2
14685,-230.4
14686,-216.0
14687,-205.2
14688,-190.8
14689,-172.8
14690,-162.0
14691,-147.6
14692,-133.2
14693,-118.8
14694,-118.8
14695,-108.0
14696,-108.0
14697,-111.6
14698,-115.2
14699,-133.2
14700,-144.0
14701,-158.4
14702,-180.0
14703,-190.8
14704,-219.6
14705,-237.6
14706,-248.4
14707,-273.6
14708,-280.8
14709,-273.6
14710,-280.8
14711,-288.0
14712,-295.2
14713,-270.0
14714,-273.6
14715,-266.4
14716,-266.4
14717,-259.2
14718,-266.4
14719,-252.0
14720,-252.0
14721,-266.4
14722,-255.6
14723,-259.2
14724,-255.6
14725,-259.2
14726,-259.2
14727,-252.0
14728,-244.8
14729,-241.2
14730,-234.0
14731,-226.8
14732,-216.0
14733,-201.6
14734,-187.2
14735,-176.4
14736,-165.6
14737,-151.2
14738,-144.0
14739,-136.8
14740,-129.6
14741,-118.8
14742,-115.2
14743,-108.0
14744,-108.0
14745,-104.4
14746,-111.6
14747,-115.2
14748,-122.4
14749,-136.8
14750,-144.0
14751,-165.6
14752,-176.4
14753,-198.0
14754,-208.8
14755,-226.8
14756,-237.6
14757,-252.0
14758,-262.8
14759,-262.8
14760,-262.8
14761,-273.6
14762,-259.2
14763,-255.6
14764,-255.6
14765,-248.4
14766,-241.2
14767,-230.4
14768,-234.0
14769,-226.8
14770,-226.8
14771,-237.6
14772,-237.6
14773,-244.8
14774,-244.8
14775,-248.4
14776,-248.4
14777,-255.6
14778,-248.4
14779,-237.6
14780,-230.4
14781,-212.4
14782,-198.0
14783,-180.0
14784,-165.6
14785,-147.6
14786,-133.2
14787,-122.4
14788,-108.0
14789,-97.2
14790,-93.6
14791,-97.2
14792,-100.8
14793,-115.2
14794,-126.0
14795,-144.0
14796,-165.6
14797,-180.0
14798,-212.4
14799,-241.2
14800,-255.6
14801,-280.8
14802,-295.2
14803,-313.2
14804,-320.4
14805,-320.4
14806,-324.0
14807,-313.2
14808,-313.2
14809,-298.8
14810,-273.6
14811,-266.4
14812,-248.4
14813,-237.6
14814,-241.2
14815,-216.0
14816,-226.8
14817,-216.0
14818,-226.8
14819,-230.4
14820,-230.4
14821,-248.4
14822,-259.2
14823,-262.8
14824,-262.8
14825,-277.2
14826,-266.4
14827,-259.2
14828,-262.8
14829,-241.2
14830,-223.2
14831,-208.8
14832,-176.4
14833,-162.0
14834,-140.4
14835,-122.4
14836,-111.6
14837,-104.4
14838,-100.8
14839,-100.8
14840,-104.4
14841,-115.2
14842,-126.0
14843,-147.6
14844,-169.2
14845,-187.2
14846,-205.2
14847,-226.8
14848,-252.0
14849,-270.0
14850,-291.6
14851,-295.2
14852,-309.6
14853,-309.6
14854,-302.4
14855,-306.0
14856,-298.8
14857,-277.2
14858,-266.4
14859,-259.2
14860,-248.4
14861,-234.0
14862,-230.4
14863,-230.4
14864,-230.4
14865,-230.4
14866,-237.6
14867,-237.6
14868,-252.0
14869,-259.2
14870,-262.8
14871,-277.2
14872,-284.4
14873,-280.8
14874,-273.6
14875,-262.8
14876,-255.6
14877,-237.6
14878,-219.6
14879,-201.6
14880,-176.4
14881,-154.8
14882,-136.8
14883,-126.0
14884,-108.0
14885,-97.2
14886,-93.6
14887,-100.8
14888,-108.0
14889,-115.2
14890,-133.2
14891,-151.2
14892,-172.8
14893,-194.4
14894,-212.4
14895,-234.0
14896,-252.0
14897,-273.6
14898,-298.8
14899,-306.0
14900,-298.8
14901,-309.6
14902,-302.4
14903,-298.8
14904,-291.6
14905,-280.8
14906,-273.6
14907,-277.2
14908,-266.4
14909,-252.0
14910,-248.4
14911,-248.4
14912,-234.0
14913,-241.2
14914,-241.2
14915,-255.6
14916,-255.6
14917,-259.2
14918,-270.0
14919,-270.0
14920,-262.8
14921,-262.8
14922,-266.4
14923,-259.2
14924,-248.4
14925,-234.0
14926,-223.2
14927,-205.2
14928,-183.6
14929,-158.4
14930,-144.0
14931,-122.4
14932,-108.0
14933,-100.8
14934,-97.2
14935,-97.2
14936,-104.4
14937,-118.8
14938,-129.6
14939,-151.2
14940,-172.8
14941,-198.0
14942,-219.6
14943,-237.6
14944,-255.6
14945,-277.2
14946,-291.6
14947,-298.8
14948,-298.8
14949,-302.4
14950,-284.4
14951,-288.0
14952,-280.8
14953,-273.6
14954,-266.4
14955,-252.0
14956,-244.8
14957,-244.8
14958,-244.8
14959,-237.6
14960,-237.6
14961,-244.8
14962,-241.2
14963,-248.4
14964,-255.6
14965,-259.2
14966,-255.6
14967,-270.0
14968,-273.6
14969,-270.0
14970,-270.0
14971,-255.6
14972,-248.4
14973,-241.2
14974,-226.8
14975,-205.2
14976,-180.0
14977,-165.6
14978,-147.6
14979,-126.0
14980,-118.8
14981,-104.4
14982,-104.4
14983,-104.4
14984,-111.6
14985,-126.0
14986,-144.0
14987,-165.6
14988,-190.8
14989,-216.0
14990,-248.4
14991,-270.0
14992,-288.0
14993,-327.6
14994,-331.2
14995,-334.8
14996,-331.2
14997,-334.8
14998,-345.6
14999,-320.4
15000,-316.8
15001,-306.0
15002,-288.0
15003,-288.0
15004,-270.0
15005,-259.2
15006,-255.6
15007,-252.0
15008,-248.4
15009,-255.6
15010,-244.8
15011,-259.2
15012,-255.6
15013,-262.8
15014,-262.8
15015,-270.0
15016,-266.4
15017,-255.6
15018,-259.2
15019,-248.4
15020,-241.2
15021,-230.4
15022,-219.6
15023,-208.8
15024,-180.0
15025,-172.8
15026,-154.8
15027,-140.4
15028,-129.6
15029,-122.4
15030,-115.2
15031,-111.6
15032,-104.4
15033,-108.0
15034,-118.8
15035,-133.2
15036,-144.0
15037,-162.0
15038,-176.4
15039,-201.6
15040,-219.6
15041,-237.6
15042,-252.0
15043,-262.8
15044,-273.6
15045,-284.4
15046,-284.4
15047,-291.6
15048,-284.4
15049,-277.2
15050,-266.4
15051,-270.0
15052,-259.2
15053,-262.8
15054,-259.2
15055,-255.6
15056,-244.8
15057,-255.6
15058,-259.2
15059,-262.8
15060,-262.8
15061,-259.2
15062,-259.2
15063,-252.0
15064,-248.4
15065,-241.2
15066,-234.0
15067,-226.8
15068,-205.2
15069,-205.2
15070,-187.2
15071,-187.2
15072,-172.8
15073,-154.8
15074,-147.6
15075,-133.2
15076,-122.4
15077,-118.8
15078,-115.2
15079,-104.4
15080,-104.4
15081,-104.4
15082,-111.6
15083,-111.6
15084,-118.8
15085,-136.8
15086,-151.2
15087,-165.6
15088,-180.0
15089,-198.0
15090,-208.8
15091,-223.2
15092,-241.2
15093,-241.2
15094,-259.2
15095,-259.2
15096,-262.8
15097,-273.6
15098,-259.2
15099,-255.6
15100,-252.0
15101,-237.6
15102,-237.6
15103,-234.0
15104,-234.0
15105,-223.2
15106,-223.2
15107,-237.6
15108,-237.6
15109,-223.2
15110,-244.8
15111,-252.0
15112,-244.8
15113,-248.4
15114,-248.4
15115,-241.2
15116,-234.0
15117,-216.0
15118,-208.8
15119,-183.6
15120,-169.2
15121,-147.6
15122,-133.2
15123,-118.8
15124,-104.4
15125,-93.6
15126,-93.6
15127,-97.2
15128,-104.4
15129,-111.6
15130,-122.4
15131,-144.0
15132,-165.6
15133,-183.6
15134,-212.4
15135,-234.0
15136,-259.2
15137,-280.8
15138,-291.6
15139,-309.6
15140,-309.6
15141,-316.8
15142,-320.4
15143,-316.8
15144,-313.2
15145,-291.6
15146,-280.8
15147,-277.2
15148,-252.0
15149,-234.0
15150,-230.4
15151,-226.8
15152,-226.8
15153,-219.6
15154,-223.2
15155,-223.2
15156,-226.8
15157,-244.8
15158,-252.0
15159,-259.2
15160,-266.4
15161,-266.4
15162,-273.6
15163,-270.0
15164,-255.6
15165,-237.6
15166,-219.6
15167,-194.4
15168,-183.6
15169,-158.4
15170,-140.4
15171,-122.4
15172,-108.0
15173,-100.8
15174,-97.2
15175,-97.2
15176,-108.0
15177,-115.2
15178,-126.0
15179,-151.2
15180,-165.6
15181,-187.2
15182,-212.4
15183,-226.8
15184,-248.4
15185,-270.0
15186,-284.4
15187,-295.2
15188,-298.8
15189,-291.6
15190,-298.8
15191,-298.8
15192,-291.6
15193,-280.8
15194,-277.2
15195,-259.2
15196,-252.0
15197,-248.4
15198,-241.2
15199,-234.0
15200,-230.4
15201,-226.8
15202,-234.0
15203,-241.2
15204,-244.8
15205,-259.2
15206,-259.2
15207,-270.0
15208,-277.2
15209,-270.0
15210,-273.6
15211,-255.6
15212,-244.8
15213,-230.4
15214,-216.0
15215,-201.6
15216,-176.4
15217,-151.2
15218,-136.8
15219,-122.4
15220,-111.6
15221,-104.4
15222,-93.6
15223,-100.8
15224,-100.8
15225,-118.8
15226,-133.2
15227,-151.2
15228,-172.8
15229,-194.4
15230,-216.0
15231,-241.2
15232,-259.2
15233,-266.4
15234,-291.6
15235,-288.0
15236,-295.2
15237,-298.8
15238,-309.6
15239,-302.4
15240,-291.6
15241,-280.8
15242,-273.6
15243,-266.4
15244,-266.4
15245,-252.0
15246,-244.8
15247,-241.2
15248,-244.8
15249,-226.8
15250,-244.8
15251,-244.8
15252,-252.0
15253,-262.8
15254,-266.4
15255,-259.2
15256,-270.0
15257,-262.8
15258,-266.4
15259,-259.2
15260,-241.2
15261,-234.0
15262,-223.2
15263,-201.6
15264,-180.0
15265,-162.0
15266,-136.8
15267,-122.4
15268,-111.6
15269,-100.8
15270,-93.6
15271,-100.8
15272,-100.8
15273,-118.8
15274,-129.6
15275,-147.6
15276,-176.4
15277,-198.0
15278,-219.6
15279,-237.6
15280,-259.2
15281,-280.8
15282,-288.0
15283,-291.6
15284,-284.4
15285,-291.6
15286,-291.6
15287,-302.4
15288,-284.4
15289,-273.6
15290,-270.0
15291,-252.0
15292,-244.8
15293,-248.4
15294,-237.6
15295,-237.6
15296,-241.2
15297,-234.0
15298,-244.8
15299,-252.0
15300,-244.8
15301,-252.0
15302,-266.4
15303,-270.0
15304,-273.6
15305,-270.0
15306,-259.2
15307,-252.0
15308,-248.4
15309,-241.2
15310,-219.6
15311,-201.6
15312,-180.0
15313,-165.6
15314,-147.6
15315,-129.6
15316,-115.2
15317,-108.0
15318,-97.2
15319,-104.4
15320,-111.6
15321,-126.0
15322,-140.4
15323,-165.6
15324,-194.4
15325,-219.6
15326,-241.2
15327,-273.6
15328,-291.6
15329,-309.6
15330,-334.8
15331,-338.4
15332,-349.2
15333,-338.4
15334,-338.4
15335,-331.2
15336,-313.2
15337,-298.8
15338,-291.6
15339,-280.8
15340,-270.0
15341,-255.6
15342,-259.2
15343,-244.8
15344,-248.4
15345,-255.6
15346,-252.0
15347,-262.8
15348,-270.0
15349,-266.4
15350,-262.8
15351,-266.4
15352,-266.4
15353,-262.8
15354,-252.0
15355,-255.6
15356,-241.2
15357,-230.4
15358,-223.2
15359,-198.0
15360,-187.2
15361,-172.8
15362,-162.0
15363,-144.0
15364,-129.6
15365,-118.8
15366,-115.2
15367,-108.0
15368,-104.4
15369,-111.6
15370,-115.2
15371,-129.6
15372,-144.0
15373,-158.4
15374,-176.4
15375,-194.4
15376,-219.6
15377,-234.0
15378,-244.8
15379,-266.4
15380,-266.4
15381,-284.4
15382,-295.2
15383,-280.8
15384,-277.2
15385,-284.4
15386,-280.8
15387,-266.4
15388,-262.8
15389,-266.4
15390,-259.2
15391,-259.2
15392,-255.6
15393,-255.6
15394,-255.6
15395,-266.4
15396,-262.8
15397,-255.6
15398,-252.0
15399,-255.6
15400,-252.0
15401,-241.2
15402,-230.4
15403,-219.6
15404,-208.8
15405,-201.6
15406,-190.8
15407,-172.8
15408,-165.6
15409,-154.8
15410,-144.0
15411,-133.2
15412,-122.4
15413,-115.2
15414,-111.6
15415,-111.6
15416,-104.4
15417,-108.0
15418,-108.0
15419,-115.2
15420,-126.0
15421,-133.2
15422,-144.0
15423,-162.0
15424,-172.8
15425,-205.2
15426,-205.2
15427,-226.8
15428,-237.6
15429,-244.8
15430,-259.2
15431,-255.6
15432,-259.2
15433,-266.4
15434,-255.6
15435,-259.2
15436,-241.2
15437,-237.6
15438,-230.4
15439,-241.2
15440,-223.2
15441,-226.8
15442,-230.4
15443,-226.8
15444,-234.0
15445,-237.6
15446,-244.8
15447,-244.8
15448,-241.2
15449,-244.8
15450,-241.2
15451,-244.8
15452,-230.4
15453,-216.0
15454,-201.6
15455,-176.4
15456,-165.6
15457,-151.2
15458,-133.2
15459,-115.2
15460,-104.4
15461,-97.2
15462,-93.6
15463,-93.6
15464,-97.2
15465,-108.0
15466,-126.0
15467,-144.0
15468,-169.2
15469,-183.6
15470,-205.2
15471,-226.8
15472,-248.4
15473,-273.6
15474,-288.0
15475,-302.4
15476,-324.0
15477,-324.0
15478,-338.4
15479,-302.4
15480,-298.8
15481,-284.4
15482,-280.8
15483,-266.4
15484,-255.6
15485,-244.8
15486,-234.0
15487,-226.8
15488,-216.0
15489,-223.2
15490,-216.0
15491,-223.2
15492,-226.8
15493,-248.4
15494,-252.0
15495,-259.2
15496,-270.0
15497,-270.0
15498,-255.6
15499,-259.2
15500,-259.2
15501,-241.2
15502,-216.0
15503,-201.6
15504,-180.0
15505,-158.4
15506,-147.6
15507,-126.0
15508,-111.6
15509,-104.4
15510,-97.2
15511,-97.2
15512,-104.4
15513,-115.2
15514,-126.0
15515,-144.0
15516,-165.6
15517,-187.2
15518,-208.8
15519,-226.8
15520,-255.6
15521,-259.2
15522,-280.8
15523,-295.2
15524,-306.0
15525,-302.4
15526,-302.4
15527,-288.0
15528,-291.6
15529,-284.4
15530,-266.4
15531,-259.2
15532,-241.2
15533,-241.2
15534,-234.0
15535,-226.8
15536,-230.4
15537,-223.2
15538,-237.6
15539,-237.6
15540,-248.4
15541,-255.6
15542,-262.8
15543,-266.4
15544,-270.0
15545,-280.8
15546,-277.2
15547,-259.2
15548,-255.6
15549,-234.0
15550,-223.2
15551,-194.4
15552,-180.0
15553,-154.8
15554,-136.8
15555,-122.4
15556,-108.0
15557,-100.8
15558,-97.2
15559,-97.2
15560,-104.4
15561,-115.2
15562,-136.8
15563,-151.2
15564,-169.2
15565,-190.8
15566,-216.0
15567,-234.0
15568,-248.4
15569,-266.4
15570,-280.8
15571,-291.6
15572,-302.4
15573,-309.6
15574,-302.4
15575,-288.0
15576,-302.4
15577,-298.8
15578,-280.8
15579,-262.8
15580,-262.8
15581,-252.0
15582,-241.2
15583,-241.2
15584,-248.4
15585,-241.2
15586,-241.2
15587,-248.4
15588,-248.4
15589,-252.0
15590,-259.2
15591,-270.0
15592,-262.8
15593,-266.4
15594,-259.2
15595,-270.0
15596,-248.4
15597,-237.6
15598,-216.0
15599,-201.6
15600,-176.4
15601,-158.4
15602,-144.0
15603,-122.4
15604,-108.0
15605,-93.6
15606,-93.6
15607,-97.2
15608,-104.4
15609,-115.2
15610,-129.6
15611,-151.2
15612,-172.8
15613,-198.0
15614,-219.6
15615,-244.8
15616,-255.6
15617,-277.2
15618,-288.0
15619,-298.8
15620,-291.6
15621,-295.2
15622,-295.2
15623,-298.8
15624,-284.4
15625,-277.2
15626,-270.0
15627,-255.6
15628,-244.8
15629,-241.2
15630,-234.0
15631,-237.6
15632,-230.4
15633,-237.6
15634,-241.2
15635,-252.0
15636,-252.0
15637,-262.8
15638,-262.8
15639,-262.8
15640,-270.0
15641,-266.4
15642,-262.8
15643,-259.2
15644,-244.8
15645,-237.6
15646,-226.8
15647,-208.8
15648,-176.4
15649,-165.6
15650,-147.6
15651,-133.2
15652,-115.2
15653,-104.4
15654,-104.4
15655,-104.4
15656,-108.0
15657,-126.0
15658,-136.8
15659,-172.8
15660,-190.8
15661,-212.4
15662,-241.2
15663,-266.4
15664,-291.6
15665,-316.8
15666,-320.4
15667,-338.4
15668,-338.4
15669,-338.4
15670,-342.0
15671,-331.2
15672,-316.8
15673,-298.8
15674,-277.2
15675,-280.8
15676,-266.4
15677,-270.0
15678,-255.6
15679,-252.0
15680,-244.8
15681,-248.4
15682,-252.0
15683,-259.2
15684,-259.2
15685,-266.4
15686,-270.0
15687,-270.0
15688,-259.2
15689,-270.0
15690,-259.2
15691,-252.0
15692,-237.6
15693,-230.4
15694,-216.0
15695,-198.0
15696,-183.6
15697,-169.2
15698,-158.4
15699,-140.4
15700,-129.6
15701,-122.4
15702,-111.6
15703,-108.0
15704,-108.0
15705,-108.0
15706,-118.8
15707,-126.0
15708,-140.4
15709,-158.4
15710,-176.4
15711,-201.6
15712,-219.6
15713,-237.6
15714,-255.6
15715,-270.0
15716,-270.0
15717,-280.8
15718,-284.4
15719,-288.0
15720,-280.8
15721,-277.2
15722,-277.2
15723,-273.6
15724,-270.0
15725,-259.2
15726,-255.6
15727,-248.4
15728,-252.0
15729,-259.2
15730,-255.6
15731,-252.0
15732,-259.2
15733,-259.2
15734,-255.6
15735,-255.6
15736,-244.8
15737,-241.2
15738,-226.8
15739,-230.4
15740,-216.0
15741,-205.2
15742,-187.2
15743,-172.8
15744,-172.8
15745,-151.2
15746,-144.0
15747,-129.6
15748,-122.4
15749,-118.8
15750,-111.6
15751,-108.0
15752,-104.4
15753,-108.0
15754,-108.0
15755,-115.2
15756,-122.4
15757,-129.6
15758,-144.0
15759,-158.4
15760,-172.8
15761,-190.8
15762,-201.6
15763,-230.4
15764,-237.6
15765,-252.0
15766,-255.6
15767,-262.8
15768,-259.2
15769,-255.6
15770,-259.2
15771,-259.2
15772,-248.4
15773,-244.8
15774,-237.6
15775,-226.8
15776,-226.8
15777,-226.8
15778,-223.2
15779,-230.4
15780,-230.4
15781,-244.8
15782,-244.8
15783,-248.4
15784,-255.6
15785,-252.0
15786,-248.4
15787,-237.6
15788,-234.0
15789,-212.4
15790,-194.4
15791,-187.2
15792,-165.6
15793,-147.6
15794,-133.2
15795,-118.8
15796,-108.0
15797,-97.2
15798,-93.6
15799,-93.6
15800,-104.4
15801,-111.6
15802,-126.0
15803,-136.8
15804,-165.6
15805,-187.2
15806,-205.2
15807,-230.4
15808,-259.2
15809,-273.6
15810,-284.4
15811,-302.4
15812,-320.4
15813,-313.2
15814,-320.4
15815,-320.4
15816,-298.8
15817,-291.6
15818,-284.4
15819,-270.0
15820,-262.8
15821,-237.6
15822,-226.8
15823,-219.6
15824,-219.6
15825,-223.2
15826,-219.6
15827,-226.8
15828,-237.6
15829,-248.4
15830,-252.0
15831,-262.8
15832,-262.8
15833,-259.2
15834,-266.4
15835,-262.8
15836,-252.0
15837,-234.0
15838,-226.8
15839,-198.0
15840,-180.0
15841,-162.0
15842,-136.8
15843,-126.0
15844,-115.2
15845,-104.4
15846,-97.2
15847,-93.6
15848,-104.4
15849,-115.2
15850,-126.0
15851,-144.0
15852,-169.2
15853,-183.6
15854,-212.4
15855,-230.4
15856,-244.8
15857,-259.2
15858,-273.6
15859,-291.6
15860,-298.8
15861,-306.0
15862,-302.4
15863,-295.2
15864,-284.4
15865,-288.0
15866,-266.4
15867,-255.6
15868,-252.0
15869,-230.4
15870,-237.6
15871,-234.0
15872,-223.2
15873,-226.8
15874,-230.4
15875,-237.6
15876,-241.2
15877,-252.0
15878,-259.2
15879,-259.2
15880,-280.8
15881,-277.2
15882,-270.0
15883,-266.4
15884,-244.8
15885,-237.6
15886,-216.0
15887,-201.6
15888,-172.8
15889,-158.4
15890,-140.4
15891,-115.2
15892,-104.4
15893,-100.8
15894,-97.2
15895,-100.8
15896,-100.8
15897,-115.2
15898,-133.2
15899,-151.2
15900,-169.2
15901,-198.0
15902,-212.4
15903,-234.0
15904,-252.0
15905,-262.8
15906,-277.2
15907,-291.6
15908,-295.2
15909,-302.4
15910,-302.4
15911,-309.6
15912,-295.2
15913,-284.4
15914,-273.6
15915,-266.4
15916,-262.8
15917,-255.6
15918,-244.8
15919,-237.6
15920,-241.2
15921,-241.2
15922,-234.0
15923,-244.8
15924,-252.0
15925,-255.6
15926,-262.8
15927,-266.4
15928,-255.6
15929,-270.0
15930,-262.8
15931,-255.6
15932,-252.0
15933,-234.0
15934,-208.8
15935,-198.0
15936,-172.8
15937,-162.0
15938,-140.4
15939,-122.4
15940,-108.0
15941,-97.2
15942,-97.2
15943,-97.2
15944,-104.4
15945,-115.2
15946,-129.6
15947,-147.6
15948,-169.2
15949,-201.6
15950,-212.4
15951,-244.8
15952,-248.4
15953,-262.8
15954,-284.4
15955,-291.6
15956,-295.2
15957,-295.2
15958,-302.4
15959,-277.2
15960,-284.4
15961,-273.6
15962,-262.8
15963,-248.4
15964,-252.0
15965,-234.0
15966,-237.6
15967,-230.4
15968,-237.6
15969,-234.0
15970,-241.2
15971,-244.8
15972,-248.4
15973,-248.4
15974,-273.6
15975,-262.8
15976,-266.4
15977,-266.4
15978,-270.0
15979,-262.8
15980,-241.2
15981,-234.0
15982,-223.2
15983,-205.2
15984,-183.6
15985,-165.6
15986,-144.0
15987,-126.0
15988,-115.2
15989,-108.0
15990,-100.8
15991,-104.4
15992,-108.0
15993,-122.4
15994,-144.0
15995,-165.6
15996,-187.2
15997,-223.2
15998,-244.8
15999,-280.8
16000,-291.6
16001,-316.8
16002,-324.0
16003,-324.0
16004,-331.2
16005,-345.6
16006,-345.6
16007,-316.8
16008,-316.8
16009,-306.0
16010,-291.6
16011,-280.8
16012,-266.4
16013,-266.4
16014,-262.8
16015,-255.6
16016,-255.6
16017,-248.4
16018,-252.0
16019,-255.6
16020,-255.6
16021,-262.8
16022,-266.4
16023,-266.4
16024,-270.0
16025,-255.6
16026,-259.2
16027,-244.8
16028,-237.6
16029,-226.8
16030,-219.6
16031,-194.4
16032,-183.6
16033,-169.2
16034,-154.8
16035,-144.0
16036,-133.2
16037,-118.8
16038,-115.2
16039,-108.0
16040,-104.4
16041,-111.6
16042,-118.8
16043,-126.0
16044,-144.0
16045,-151.2
16046,-180.0
16047,-194.4
16048,-219.6
16049,-234.0
16050,-252.0
16051,-266.4
16052,-270.0
16053,-270.0
16054,-284.4
16055,-277.2
16056,-280.8
16057,-280.8
16058,-273.6
16059,-270.0
16060,-266.4
16061,-262.8
16062,-248.4
16063,-259.2
16064,-244.8
16065,-252.0
16066,-241.2
16067,-255.6
16068,-255.6
16069,-259.2
16070,-252.0
16071,-252.0
16072,-237.6
16073,-237.6
16074,-237.6
16075,-219.6
16076,-216.0
16077,-205.2
16078,-190.8
16079,-176.4
16080,-169.2
16081,-151.2
16082,-140.4
16083,-133.2
16084,-126.0
16085,-115.2
16086,-108.0
16087,-111.6
16088,-108.0
16089,-104.4
16090,-108.0
16091,-118.8
16092,-115.2
16093,-133.2
16094,-144.0
16095,-162.0
16096,-176.4
16097,-194.4
16098,-205.2
16099,-223.2
16100,-241.2
16101,-248.4
16102,-259.2
16103,-262.8
16104,-266.4
16105,-266.4
16106,-252.0
16107,-262.8
16108,-248.4
16109,-244.8
16110,-237.6
16111,-230.4
16112,-226.8
16113,-230.4
16114,-219.6
16115,-230.4
16116,-234.0
16117,-234.0
16118,-237.6
16119,-248.4
16120,-244.8
16121,-252.0
16122,-248.4
16123,-230.4
16124,-226.8
16125,-219.6
16126,-201.6
16127,-190.8
16128,-169.2
16129,-147.6
16130,-133.2
16131,-115.2
16132,-104.4
16133,-97.2
16134,-93.6
16135,-93.6
16136,-100.8
16137,-111.6
16138,-122.4
16139,-144.0
16140,-162.0
16141,-183.6
16142,-216.0
16143,-226.8
16144,-255.6
16145,-277.2
16146,-291.6
16147,-298.8
16148,-309.6
16149,-327.6
16150,-324.0
16151,-291.6
16152,-295.2
16153,-288.0
16154,-288.0
16155,-262.8
16156,-244.8
16157,-241.2
16158,-241.2
16159,-219.6
16160,-219.6
16161,-223.2
16162,-216.0
16163,-223.2
16164,-237.6
16165,-237.6
16166,-252.0
16167,-262.8
16168,-266.4
16169,-270.0
16170,-262.8
16171,-255.6
16172,-248.4
16173,-230.4
16174,-223.2
16175,-201.6
16176,-183.6
16177,-154.8
16178,-140.4
16179,-129.6
16180,-111.6
16181,-100.8
16182,-97.2
16183,-97.2
16184,-104.4
16185,-111.6
16186,-126.0
16187,-144.0
16188,-162.0
16189,-187.2
16190,-208.8
16191,-234.0
16192,-252.0
16193,-262.8
16194,-288.0
16195,-288.0
16196,-302.4
16197,-302.4
16198,-295.2
16199,-284.4
16200,-291.6
16201,-280.8
16202,-262.8
16203,-255.6
16204,-252.0
16205,-237.6
16206,-230.4
16207,-216.0
16208,-219.6
16209,-226.8
16210,-226.8
16211,-241.2
16212,-248.4
16213,-255.6
16214,-262.8
16215,-270.0
16216,-277.2
16217,-273.6
16218,-259.2
16219,-262.8
16220,-244.8
16221,-237.6
16222,-219.6
16223,-198.0
16224,-176.4
16225,-162.0
16226,-140.4
16227,-122.4
16228,-108.0
16229,-100.8
16230,-93.6
16231,-100.8
16232,-108.0
16233,-118.8
16234,-133.2
16235,-151.2
16236,-172.8
16237,-201.6
16238,-208.8
16239,-248.4
16240,-259.2
16241,-266.4
16242,-277.2
16243,-295.2
16244,-309.6
16245,-295.2
16246,-295.2
16247,-298.8
16248,-309.6
16249,-284.4
16250,-270.0
16251,-273.6
16252,-255.6
16253,-255.6
16254,-241.2
16255,-241.2
16256,-230.4
16257,-237.6
16258,-248.4
16259,-241.2
16260,-252.0
16261,-248.4
16262,-259.2
16263,-266.4
16264,-262.8
16265,-266.4
16266,-262.8
16267,-255.6
16268,-244.8
16269,-237.6
16270,-219.6
16271,-201.6
16272,-187.2
16273,-165.6
16274,-140.4
16275,-122.4
16276,-115.2
16277,-100.8
16278,-93.6
16279,-97.2
16280,-100.8
16281,-111.6
16282,-126.0
16283,-151.2
16284,-172.8
16285,-194.4
16286,-216.0
16287,-234.0
16288,-255.6
16289,-270.0
16290,-284.4
16291,-288.0
16292,-295.2
16293,-302.4
16294,-295.2
16295,-284.4
16296,-291.6
16297,-280.8
16298,-259.2
16299,-255.6
16300,-252.0
16301,-244.8
16302,-237.6
16303,-237.6
16304,-237.6
16305,-241.2
16306,-237.6
16307,-244.8
16308,-248.4
16309,-248.4
16310,-259.2
16311,-270.0
16312,-266.4
16313,-262.8
16314,-262.8
16315,-259.2
16316,-248.4
16317,-234.0
16318,-216.0
16319,-205.2
16320,-187.2
16321,-162.0
16322,-151.2
16323,-133.2
16324,-115.2
16325,-104.4
16326,-104.4
16327,-100.8
16328,-111.6
16329,-126.0
16330,-144.0
16331,-169.2
16332,-183.6
16333,-219.6
16334,-241.2
16335,-277.2
16336,-306.0
16337,-316.8
16338,-331.2
16339,-342.0
16340,-338.4
16341,-342.0
16342,-320.4
16343,-316.8
16344,-316.8
16345,-291.6
16346,-284.4
16347,-270.0
16348,-270.0
16349,-259.2
16350,-252.0
16351,-248.4
16352,-248.4
16353,-244.8
16354,-252.0
16355,-255.6
16356,-262.8
16357,-262.8
16358,-262.8
16359,-266.4
16360,-255.6
16361,-259.2
16362,-252.0
16363,-248.4
16364,-237.6
16365,-230.4
16366,-212.4
16367,-205.2
16368,-187.2
16369,-172.8
16370,-158.4
16371,-140.4
16372,-129.6
16373,-122.4
16374,-111.6
16375,-108.0
16376,-108.0
16377,-115.2
16378,-115.2
16379,-126.0
16380,-140.4
16381,-162.0
16382,-176.4
16383,-187.2
16384,-216.0
16385,-241.2
16386,-255.6
16387,-266.4
16388,-262.8
16389,-288.0
16390,-280.8
16391,-284.4
16392,-277.2
16393,-277.2
16394,-280.8
16395,-273.6
16396,-266.4
16397,-259.2
16398,-248.4
16399,-252.0
16400,-248.4
16401,-252.0
16402,-255.6
16403,-262.8
16404,-259.2
16405,-248.4
16406,-248.4
16407,-262.8
16408,-252.0
16409,-241.2
16410,-241.2
16411,-226.8
16412,-208.8
16413,-198.0
16414,-187.2
16415,-176.4
16416,-165.6
16417,-151.2
16418,-144.0
16419,-129.6
16420,-118.8
16421,-115.2
16422,-111.6
16423,-108.0
16424,-104.4
16425,-104.4
16426,-108.0
16427,-118.8
16428,-122.4
16429,-133.2
16430,-147.6
16431,-158.4
16432,-172.8
16433,-187.2
16434,-205.2
16435,-216.0
16436,-241.2
16437,-248.4
16438,-255.6
16439,-259.2
16440,-255.6
16441,-259.2
16442,-266.4
16443,-248.4
16444,-244.8
16445,-234.0
16446,-234.0
16447,-230.4
16448,-226.8
16449,-219.6
16450,-223.2
16451,-234.0
16452,-230.4
16453,-234.0
16454,-244.8
16455,-252.0
16456,-244.8
16457,-244.8
16458,-244.8
16459,-234.0
16460,-226.8
16461,-212.4
16462,-205.2
16463,-190.8
16464,-165.6
16465,-147.6
16466,-136.8
16467,-118.8
16468,-108.0
16469,-97.2
16470,-93.6
16471,-97.2
16472,-100.8
16473,-111.6
16474,-129.6
16475,-144.0
16476,-162.0
16477,-187.2
16478,-212.4
16479,-237.6
16480,-252.0
16481,-273.6
16482,-284.4
16483,-302.4
16484,-313.2
16485,-316.8
16486,-320.4
16487,-316.8
16488,-306.0
16489,-291.6
16490,-273.6
16491,-259.2
16492,-252.0
16493,-244.8
16494,-241.2
16495,-216.0
16496,-219.6
16497,-219.6
16498,-219.6
16499,-226.8
16500,-234.0
16501,-244.8
16502,-248.4
16503,-262.8
16504,-273.6
16505,-270.0
16506,-259.2
16507,-252.0
16508,-255.6
16509,-241.2
16510,-216.0
16511,-194.4
16512,-172.8
16513,-154.8
16514,-140.4
16515,-126.0
16516,-115.2
16517,-100.8
16518,-97.2
16519,-97.2
16520,-100.8
16521,-115.2
16522,-122.4
16523,-144.0
16524,-162.0
16525,-190.8
16526,-208.8
16527,-226.8
16528,-248.4
16529,-270.0
16530,-284.4
16531,-295.2
16532,-295.2
16533,-309.6
16534,-298.8
16535,-295.2
16536,-288.0
16537,-284.4
16538,-280.8
16539,-259.2
16540,-244.8
16541,-237.6
16542,-226.8
16543,-226.8
16544,-230.4
16545,-234.0
16546,-230.4
16547,-237.6
16548,-248.4
16549,-248.4
16550,-252.0
16551,-266.4
16552,-266.4
16553,-270.0
16554,-262.8
16555,-270.0
16556,-252.0
16557,-230.4
16558,-219.6
16559,-198.0
16560,-176.4
16561,-154.8
16562,-133.2
16563,-122.4
16564,-108.0
16565,-100.8
16566,-97.2
16567,-97.2
16568,-104.4
16569,-118.8
16570,-136.8
16571,-147.6
16572,-169.2
16573,-190.8
16574,-216.0
16575,-226.8
16576,-255.6
16577,-266.4
16578,-288.0
16579,-295.2
16580,-295.2
16581,-298.8
16582,-291.6
16583,-302.4
16584,-295.2
16585,-280.8
16586,-277.2
16587,-270.0
16588,-259.2
16589,-252.0
16590,-248.4
16591,-241.2
16592,-244.8
16593,-241.2
16594,-244.8
16595,-241.2
16596,-244.8
16597,-255.6
16598,-262.8
16599,-259.2
16600,-270.0
16601,-266.4
16602,-262.8
16603,-259.2
16604,-244.8
16605,-234.0
16606,-219.6
16607,-198.0
16608,-180.0
16609,-154.8
16610,-136.8
16611,-122.4
16612,-108.0
16613,-104.4
16614,-93.6
16615,-97.2
16616,-104.4
16617,-115.2
16618,-133.2
16619,-151.2
16620,-172.8
16621,-194.4
16622,-212.4
16623,-241.2
16624,-255.6
16625,-273.6
16626,-280.8
16627,-280.8
16628,-295.2
16629,-295.2
16630,-291.6
16631,-284.4
16632,-273.6
16633,-262.8
16634,-259.2
16635,-244.8
16636,-241.2
16637,-230.4
16638,-230.4
16639,-230.4
16640,-234.0
16641,-237.6
16642,-241.2
16643,-241.2
16644,-255.6
16645,-255.6
16646,-266.4
16647,-259.2
16648,-270.0
16649,-277.2
16650,-259.2
16651,-259.2
16652,-248.4
16653,-244.8
16654,-219.6
16655,-198.0
16656,-187.2
16657,-165.6
16658,-144.0
16659,-133.2
16660,-115.2
16661,-108.0
16662,-104.4
16663,-104.4
16664,-108.0
16665,-122.4
16666,-140.4
16667,-165.6
16668,-194.4
16669,-212.4
16670,-237.6
16671,-262.8
16672,-291.6
16673,-309.6
16674,-331.2
16675,-331.2
16676,-338.4
16677,-331.2
16678,-345.6
16679,-316.8
16680,-320.4
16681,-295.2
16682,-291.6
16683,-277.2
16684,-266.4
16685,-259.2
16686,-255.6
16687,-244.8
16688,-248.4
16689,-255.6
16690,-252.0
16691,-255.6
16692,-262.8
16693,-262.8
16694,-262.8
16695,-262.8
16696,-266.4
16697,-262.8
16698,-252.0
16699,-248.4
16700,-241.2
16701,-226.8
16702,-212.4
16703,-205.2
16704,-180.0
16705,-172.8
16706,-154.8
16707,-144.0
16708,-133.2
16709,-122.4
16710,-108.0
16711,-108.0
16712,-108.0
16713,-108.0
16714,-118.8
16715,-129.6
16716,-140.4
16717,-158.4
16718,-183.6
16719,-183.6
16720,-216.0
16721,-234.0
16722,-252.0
16723,-266.4
16724,-273.6
16725,-288.0
16726,-288.0
16727,-277.2
16728,-284.4
16729,-277.2
16730,-277.2
16731,-273.6
16732,-266.4
16733,-248.4
16734,-259.2
16735,-248.4
16736,-252.0
16737,-259.2
16738,-255.6
16739,-252.0
16740,-259.2
16741,-259.2
16742,-259.2
16743,-252.0
16744,-244.8
16745,-244.8
16746,-237.6
16747,-216.0
16748,-208.8
16749,-201.6
16750,-190.8
16751,-180.0
16752,-165.6
16753,-154.8
16754,-140.4
16755,-129.6
16756,-122.4
16757,-115.2
16758,-115.2
16759,-108.0
16760,-108.0
16761,-108.0
16762,-108.0
16763,-118.8
16764,-118.8
16765,-133.2
16766,-147.6
16767,-162.0
16768,-180.0
16769,-194.4
16770,-212.4
16771,-230.4
16772,-248.4
16773,-244.8
16774,-259.2
16775,-252.0
16776,-262.8
16777,-262.8
16778,-266.4
16779,-252.0
16780,-241.2
16781,-237.6
16782,-244.8
16783,-226.8
16784,-219.6
16785,-223.2
16786,-230.4
16787,-226.8
16788,-226.8
16789,-237.6
16790,-234.0
16791,-248.4
16792,-241.2
16793,-252.0
16794,-244.8
16795,-241.2
16796,-234.0
16797,-216.0
16798,-201.6
16799,-183.6
16800,-162.0
16801,-154.8
16802,-129.6
16803,-115.2
16804,-108.0
16805,-97.2
16806,-93.6
16807,-93.6
16808,-100.8
16809,-111.6
16810,-129.6
16811,-144.0
16812,-165.6
16813,-187.2
16814,-205.2
16815,-234.0
16816,-252.0
16817,-273.6
16818,-291.6
16819,-306.0
16820,-316.8
16821,-313.2
16822,-320.4
16823,-316.8
16824,-313.2
16825,-295.2
16826,-284.4
16827,-266.4
16828,-252.0
16829,-241.2
16830,-234.0
16831,-230.4
16832,-216.0
16833,-223.2
16834,-223.2
16835,-223.2
16836,-234.0
16837,-244.8
16838,-255.6
16839,-255.6
16840,-270.0
16841,-259.2
16842,-259.2
16843,-262.8
16844,-248.4
16845,-223.2
16846,-219.6
16847,-205.2
16848,-183.6
16849,-165.6
16850,-140.4
16851,-126.0
16852,-111.6
16853,-104.4
16854,-97.2
16855,-100.8
16856,-104.4
16857,-118.8
16858,-129.6
16859,-147.6
16860,-169.2
16861,-187.2
16862,-208.8
16863,-226.8
16864,-252.0
16865,-270.0
16866,-280.8
16867,-295.2
16868,-298.8
16869,-295.2
16870,-288.0
16871,-298.8
16872,-298.8
16873,-273.6
16874,-262.8
16875,-255.6
16876,-248.4
16877,-241.2
16878,-234.0
16879,-226.8
16880,-226.8
16881,-223.2
16882,-230.4
16883,-244.8
16884,-248.4
16885,-259.2
16886,-259.2
16887,-262.8
16888,-273.6
16889,-273.6
16890,-266.4
16891,-255.6
16892,-248.4
16893,-241.2
16894,-216.0
16895,-205.2
16896,-172.8
16897,-151.2
16898,-140.4
16899,-118.8
16900,-108.0
16901,-100.8
16902,-97.2
16903,-100.8
16904,-108.0
16905,-118.8
16906,-133.2
16907,-147.6
16908,-172.8
16909,-194.4
16910,-212.4
16911,-237.6
16912,-259.2
16913,-273.6
16914,-291.6
16915,-291.6
16916,-298.8
16917,-298.8
16918,-309.6
16919,-302.4
16920,-291.6
16921,-288.0
16922,-277.2
16923,-280.8
16924,-262.8
16925,-262.8
16926,-241.2
16927,-241.2
16928,-241.2
16929,-230.4
16930,-244.8
16931,-252.0
16932,-248.4
16933,-262.8
16934,-270.0
16935,-255.6
16936,-266.4
16937,-262.8
16938,-270.0
16939,-255.6
16940,-248.4
16941,-234.0
16942,-219.6
16943,-198.0
16944,-180.0
16945,-162.0
16946,-144.0
16947,-126.0
16948,-111.6
16949,-104.4
16950,-97.2
16951,-97.2
16952,-100.8
16953,-111.6
16954,-133.2
16955,-147.6
16956,-172.8
16957,-190.8
16958,-212.4
16959,-241.2
16960,-255.6
16961,-270.0
16962,-284.4
16963,-288.0
16964,-298.8
16965,-295.2
16966,-298.8
16967,-277.2
16968,-280.8
16969,-270.0
16970,-266.4
16971,-259.2
16972,-248.4
16973,-244.8
16974,-237.6
16975,-241.2
16976,-237.6
16977,-237.6
16978,-241.2
16979,-234.0
16980,-255.6
16981,-255.6
16982,-266.4
16983,-270.0
16984,-273.6
16985,-266.4
16986,-266.4
16987,-259.2
16988,-252.0
16989,-226.8
16990,-226.8
16991,-201.6
16992,-187.2
16993,-162.0
16994,-140.4
16995,-129.6
16996,-115.2
16997,-104.4
16998,-104.4
16999,-100.8
17000,-111.6
17001,-122.4
17002,-140.4
17003,-165.6
17004,-190.8
17005,-216.0
17006,-248.4
17007,-273.6
17008,-302.4
17009,-320.4
17010,-331.2
17011,-342.0
17012,-342.0
17013,-327.6
17014,-338.4
17015,-331.2
17016,-324.0
17017,-309.6
17018,-298.8
17019,-273.6
17020,-266.4
17021,-259.2
17022,-248.4
17023,-255.6
17024,-252.0
17025,-255.6
17026,-252.0
17027,-262.8
17028,-259.2
17029,-266.4
17030,-262.8
17031,-270.0
17032,-255.6
17033,-266.4
17034,-252.0
17035,-244.8
17036,-241.2
17037,-230.4
17038,-212.4
17039,-198.0
17040,-190.8
17041,-169.2
17042,-154.8
17043,-140.4
17044,-133.2
17045,-118.8
17046,-111.6
17047,-108.0
17048,-104.4
17049,-111.6
17050,-115.2
17051,-126.0
17052,-144.0
17053,-158.4
17054,-180.0
17055,-201.6
17056,-212.4
17057,-237.6
17058,-248.4
17059,-262.8
17060,-270.0
17061,-277.2
17062,-288.0
17063,-280.8
17064,-277.2
17065,-284.4
17066,-273.6
17067,-266.4
17068,-262.8
17069,-255.6
17070,-255.6
17071,-248.4
17072,-255.6
17073,-262.8
17074,-259.2
17075,-248.4
17076,-252.0
17077,-252.0
17078,-255.6
17079,-259.2
17080,-241.2
17081,-252.0
17082,-237.6
17083,-226.8
17084,-208.8
17085,-201.6
17086,-183.6
17087,-180.0
17088,-165.6
17089,-151.2
17090,-140.4
17091,-133.2
17092,-126.0
17093,-118.8
17094,-111.6
17095,-111.6
17096,-108.0
17097,-104.4
17098,-108.0
17099,-115.2
17100,-126.0
17101,-129.6
17102,-144.0
17103,-158.4
17104,-172.8
17105,-190.8
17106,-212.4
17107,-230.4
17108,-237.6
17109,-252.0
17110,-266.4
17111,-259.2
17112,-266.4
17113,-259.2
17114,-259.2
17115,-255.6
17116,-255.6
17117,-230.4
17118,-234.0
17119,-230.4
17120,-226.8
17121,-226.8
17122,-219.6
17123,-230.4
17124,-237.6
17125,-241.2
17126,-244.8
17127,-244.8
17128,-248.4
17129,-244.8
17130,-244.8
17131,-248.4
17132,-226.8
17133,-216.0
17134,-198.0
17135,-190.8
17136,-165.6
17137,-147.6
17138,-133.2
17139,-118.8
17140,-108.0
17141,-100.8
17142,-97.2
17143,-97.2
17144,-97.2
17145,-111.6
17146,-122.4
17147,-140.4
17148,-165.6
17149,-183.6
17150,-212.4
17151,-226.8
17152,-255.6
17153,-277.2
17154,-298.8
17155,-302.4
17156,-309.6
17157,-324.0
17158,-320.4
17159,-309.6
17160,-309.6
17161,-295.2
17162,-291.6
17163,-273.6
17164,-252.0
17165,-237.6
17166,-234.0
17167,-234.0
17168,-223.2
17169,-216.0
17170,-216.0
17171,-234.0
17172,-241.2
17173,-237.6
17174,-248.4
17175,-266.4
17176,-262.8
17177,-273.6
17178,-255.6
17179,-270.0
17180,-248.4
17181,-237.6
17182,-212.4
17183,-205.2
17184,-187.2
17185,-158.4
17186,-144.0
17187,-126.0
17188,-111.6
17189,-104.4
17190,-97.2
17191,-100.8
17192,-108.0
17193,-118.8
17194,-129.6
17195,-144.0
17196,-162.0
17197,-190.8
17198,-208.8
17199,-226.8
17200,-244.8
17201,-266.4
17202,-277.2
17203,-291.6
17204,-295.2
17205,-302.4
17206,-309.6
17207,-298.8
17208,-291.6
17209,-277.2
17210,-266.4
17211,-255.6
17212,-244.8
17213,-237.6
17214,-234.0
17215,-230.4
17216,-226.8
17217,-226.8
17218,-226.8
17219,-234.0
17220,-248.4
17221,-259.2
17222,-266.4
17223,-262.8
17224,-284.4
17225,-280.8
17226,-280.8
17227,-262.8
17228,-248.4
17229,-241.2
17230,-216.0
17231,-198.0
17232,-176.4
17233,-154.8
17234,-140.4
17235,-118.8
17236,-111.6
17237,-100.8
17238,-100.8
17239,-100.8
17240,-108.0
17241,-118.8
17242,-133.2
17243,-147.6
17244,-176.4
17245,-190.8
17246,-219.6
17247,-237.6
17248,-252.0
17249,-270.0
17250,-284.4
17251,-295.2
17252,-302.4
17253,-298.8
17254,-309.6
17255,-309.6
17256,-291.6
17257,-288.0
17258,-273.6
17259,-266.4
17260,-262.8
17261,-248.4
17262,-248.4
17263,-252.0
17264,-237.6
17265,-241.2
17266,-237.6
17267,-244.8
17268,-252.0
17269,-255.6
17270,-259.2
17271,-270.0
17272,-266.4
17273,-266.4
17274,-270.0
17275,-262.8
17276,-252.0
17277,-237.6
17278,-216.0
17279,-208.8
17280,-180.0
17281,-162.0
17282,-144.0
17283,-122.4
17284,-111.6
17285,-100.8
17286,-97.2
17287,-93.6
17288,-100.8
17289,-115.2
17290,-133.2
17291,-154.8
17292,-169.2
17293,-201.6
17294,-219.6
17295,-234.0
17296,-259.2
17297,-288.0
17298,-288.0
17299,-284.4
17300,-295.2
17301,-306.0
17302,-291.6
17303,-298.8
17304,-280.8
17305,-270.0
17306,-270.0
17307,-255.6
17308,-262.8
17309,-237.6
17310,-241.2
17311,-237.6
17312,-230.4
17313,-234.0
17314,-244.8
17315,-244.8
17316,-255.6
17317,-259.2
17318,-266.4
17319,-273.6
17320,-270.0
17321,-270.0
17322,-270.0
17323,-259.2
17324,-237.6
17325,-241.2
17326,-219.6
17327,-208.8
17328,-190.8
17329,-165.6
17330,-147.6
17331,-133.2
17332,-115.2
17333,-111.6
17334,-100.8
17335,-108.0
17336,-115.2
17337,-126.0
17338,-144.0
17339,-172.8
17340,-190.8
17341,-223.2
17342,-252.0
17343,-280.8
17344,-295.2
17345,-313.2
17346,-331.2
17347,-334.8
17348,-345.6
17349,-334.8
17350,-338.4
17351,-324.0
17352,-313.2
17353,-306.0
17354,-288.0
17355,-284.4
17356,-273.6
17357,-266.4
17358,-259.2
17359,-252.0
17360,-259.2
17361,-266.4
17362,-255.6
17363,-266.4
17364,-259.2
17365,-262.8
17366,-262.8
17367,-262.8
17368,-262.8
17369,-262.8
17370,-255.6
17371,-255.6
17372,-241.2
17373,-230.4
17374,-216.0
17375,-201.6
17376,-187.2
17377,-176.4
17378,-165.6
17379,-144.0
17380,-133.2
17381,-122.4
17382,-115.2
17383,-111.6
17384,-108.0
17385,-111.6
17386,-115.2
17387,-129.6
17388,-147.6
17389,-162.0
17390,-180.0
17391,-198.0
17392,-219.6
17393,-241.2
17394,-255.6
17395,-266.4
17396,-277.2
17397,-280.8
17398,-284.4
17399,-291.6
17400,-291.6
17401,-284.4
17402,-273.6
17403,-288.0
17404,-266.4
17405,-259.2
17406,-262.8
17407,-259.2
17408,-255.6
17409,-262.8
17410,-255.6
17411,-248.4
17412,-262.8
17413,-255.6
17414,-259.2
17415,-248.4
17416,-248.4
17417,-244.8
17418,-237.6
17419,-230.4
17420,-216.0
17421,-201.6
17422,-190.8
17423,-176.4
17424,-162.0
17425,-154.8
17426,-144.0
17427,-133.2
17428,-118.8
17429,-115.2
17430,-115.2
17431,-104.4
17432,-104.4
17433,-108.0
17434,-111.6
17435,-115.2
17436,-122.4
17437,-136.8
17438,-151.2
17439,-162.0
17440,-176.4
17441,-198.0
17442,-208.8
17443,-223.2
17444,-244.8
17445,-248.4
17446,-262.8
17447,-262.8
17448,-266.4
17449,-270.0
17450,-266.4
17451,-259.2
17452,-259.2
17453,-241.2
17454,-230.4
17455,-237.6
17456,-230.4
17457,-226.8
17458,-230.4
17459,-237.6
17460,-234.0
17461,-237.6
17462,-241.2
17463,-262.8
17464,-259.2
17465,-244.8
17466,-252.0
17467,-244.8
17468,-226.8
17469,-219.6
17470,-198.0
17471,-187.2
17472,-165.6
17473,-151.2
17474,-133.2
17475,-118.8
17476,-104.4
17477,-97.2
17478,-97.2
17479,-97.2
17480,-104.4
17481,-111.6
17482,-126.0
17483,-147.6
17484,-165.6
17485,-187.2
17486,-205.2
17487,-230.4
17488,-262.8
17489,-277.2
17490,-288.0
17491,-309.6
17492,-309.6
17493,-331.2
17494,-327.6
17495,-324.0
17496,-316.8
17497,-291.6
17498,-291.6
17499,-266.4
17500,-270.0
17501,-244.8
17502,-234.0
17503,-226.8
17504,-226.8
17505,-226.8
17506,-226.8
17507,-226.8
17508,-234.0
17509,-241.2
17510,-259.2
17511,-262.8
17512,-270.0
17513,-270.0
17514,-266.4
17515,-266.4
17516,-244.8
17517,-234.0
17518,-226.8
17519,-205.2
17520,-187.2
